dataset_name,dataset_url,visualizer_url,dataset_created_at,robot_type,estimated_episodes,total_files,video_files,avg_video_duration_sec,video_resolution,video_fps,total_video_duration_min,video_analysis_samples,camera_names_str,unique_cameras,camera_names,size_bytes,downloads,likes,license,license_name,license_url,description,last_modified
zero7101/so100_Dataset_1500_LR,https://huggingface.co/datasets/zero7101/so100_Dataset_1500_LR,https://huggingface.co/spaces/lerobot/visualize_dataset?path=zero7101/so100_Dataset_1500_LR,2025-06-04 14:05:19,SO100,1500,4505,3000,30.0,480x640,30.0,1500.0,3,"01, 02, camera_01, camera_02, era_01, era_02",6,"['01', '02', 'camera_01', 'camera_02', 'era_01', 'era_02']",0,79,0,Unknown,Unknown,,,2025-06-04 14:40:03+00:00
zero7101/LR_so100_Dataset,https://huggingface.co/datasets/zero7101/LR_so100_Dataset,https://huggingface.co/spaces/lerobot/visualize_dataset?path=zero7101/LR_so100_Dataset,2025-06-03 13:13:47,SO100,1000,3005,2000,30.0,480x640,30.0,1000.0,3,"01, 02, camera_01, camera_02, era_01, era_02",6,"['01', '02', 'camera_01', 'camera_02', 'era_01', 'era_02']",0,115,0,Unknown,Unknown,,,2025-06-03 13:17:54+00:00
smanni/train_so100_all,https://huggingface.co/datasets/smanni/train_so100_all,https://huggingface.co/spaces/lerobot/visualize_dataset?path=smanni/train_so100_all,2025-06-02 07:23:41,SO100,900,1806,900,45.0,480x640,30.0,675.0,3,intel_realsense,1,['intel_realsense'],0,295,0,apache-2.0,Apache License 2.0,https://opensource.org/licenses/Apache-2.0,"This dataset was created using LeRobot.

	
		
		Dataset Structure
	

meta/info.json:
{
    ""robot_type"": ""so100"",
    ""codebase_version"": ""v2.1"",
    ""total_episodes"": 900,
    ""total_frames"": 511239,...",2025-06-02 08:31:52+00:00
smanni/train_so100_all_radians,https://huggingface.co/datasets/smanni/train_so100_all_radians,https://huggingface.co/spaces/lerobot/visualize_dataset?path=smanni/train_so100_all_radians,2025-06-03 21:37:38,SO100,900,1806,900,45.0,480x640,30.0,675.0,3,intel_realsense,1,['intel_realsense'],0,295,0,apache-2.0,Apache License 2.0,https://opensource.org/licenses/Apache-2.0,"This dataset was created using LeRobot.

	
		
		Dataset Structure
	

meta/info.json:
{
    ""robot_type"": ""so100"",
    ""codebase_version"": ""v2.1"",
    ""total_episodes"": 900,
    ""total_frames"": 511239,...",2025-06-03 21:43:48+00:00
Loki0929/so100_lan_v20,https://huggingface.co/datasets/Loki0929/so100_lan_v20,https://huggingface.co/spaces/lerobot/visualize_dataset?path=Loki0929/so100_lan_v20,2025-04-24 15:44:57,SO100,800,3206,2400,45.0,480x640,30.0,1800.0,3,"laptop, third, wrist",3,"['laptop', 'third', 'wrist']",0,61,0,apache-2.0,Apache License 2.0,https://opensource.org/licenses/Apache-2.0,"This dataset was created using LeRobot.

	
		
		Dataset Structure
	

meta/info.json:
{
    ""codebase_version"": ""v2.0"",
    ""robot_type"": ""so100"",
    ""total_episodes"": 50,
    ""total_frames"": 16096,
 ...",2025-04-24 16:37:05+00:00
Loki0929/so100_lan,https://huggingface.co/datasets/Loki0929/so100_lan,https://huggingface.co/spaces/lerobot/visualize_dataset?path=Loki0929/so100_lan,2025-04-23 06:41:53,SO100,800,3206,2400,45.0,480x640,30.0,1800.0,3,"laptop, third, wrist",3,"['laptop', 'third', 'wrist']",0,48,0,apache-2.0,Apache License 2.0,https://opensource.org/licenses/Apache-2.0,"This dataset was created using LeRobot.

	
		
		Dataset Structure
	

meta/info.json:
{
    ""codebase_version"": ""v2.1"",
    ""robot_type"": ""so100"",
    ""total_episodes"": 50,
    ""total_frames"": 16096,
 ...",2025-04-24 09:57:14+00:00
zero7101/so100_Demo,https://huggingface.co/datasets/zero7101/so100_Demo,https://huggingface.co/spaces/lerobot/visualize_dataset?path=zero7101/so100_Demo,2025-06-10 15:20:21,SO100,598,1794,1196,30.0,480x640,30.0,598.0,3,"camera, era",2,"['camera', 'era']",0,41,0,Unknown,Unknown,,,2025-06-10 15:23:58+00:00
hamidkaloorazi/so100_bi_Gab,https://huggingface.co/datasets/hamidkaloorazi/so100_bi_Gab,https://huggingface.co/spaces/lerobot/visualize_dataset?path=hamidkaloorazi/so100_bi_Gab,2025-06-03 18:32:32,SO100,515,24679,7252,45.0,480x640,30.0,5439.0,3,"left, right, side, top",4,"['left', 'right', 'side', 'top']",0,287,0,Unknown,Unknown,,,2025-06-03 19:20:44+00:00
hamidkaloorazi/so100_bi_towel_hadi_gray_only,https://huggingface.co/datasets/hamidkaloorazi/so100_bi_towel_hadi_gray_only,https://huggingface.co/spaces/lerobot/visualize_dataset?path=hamidkaloorazi/so100_bi_towel_hadi_gray_only,2025-06-03 20:35:04,SO100,501,2010,1503,45.0,480x640,30.0,1127.2,3,"left, right, top",3,"['left', 'right', 'top']",0,496,0,apache-2.0,Apache License 2.0,https://opensource.org/licenses/Apache-2.0,"This dataset was created using LeRobot.

	
		
		Dataset Structure
	

meta/info.json:
{
    ""codebase_version"": ""v2.1"",
    ""robot_type"": ""so100_bimanual"",
    ""total_episodes"": 201,
    ""total_frames""...",2025-06-05 18:39:56+00:00
HITHY/so100_peach4,https://huggingface.co/datasets/HITHY/so100_peach4,https://huggingface.co/spaces/lerobot/visualize_dataset?path=HITHY/so100_peach4,2025-02-17 03:26:00,SO100,400,806,400,45.0,480x640,30.0,300.0,3,laptop,1,['laptop'],0,62,0,apache-2.0,Apache License 2.0,https://opensource.org/licenses/Apache-2.0,"This dataset was created using LeRobot.

	
		
		Dataset Structure
	

meta/info.json:
{
    ""codebase_version"": ""v2.0"",
    ""robot_type"": ""so100"",
    ""total_episodes"": 400,
    ""total_frames"": 98409,
...",2025-02-17 03:29:18+00:00
alexppppp/lerobot-so100-blue-cap-white-cup,https://huggingface.co/datasets/alexppppp/lerobot-so100-blue-cap-white-cup,https://huggingface.co/spaces/lerobot/visualize_dataset?path=alexppppp/lerobot-so100-blue-cap-white-cup,2025-05-06 13:14:05,SO100,360,1445,1080,30.0,480x640,30.0,540.0,3,"camera_table, camera_top, camera_wrist, era_table, era_top, era_wrist, table, top, wrist",9,"['camera_table', 'camera_top', 'camera_wrist', 'era_table', 'era_top', 'era_wrist', 'table', 'top', 'wrist']",0,73,0,Unknown,Unknown,,,2025-05-21 15:48:38+00:00
kkurzweil/so100_v004,https://huggingface.co/datasets/kkurzweil/so100_v004,https://huggingface.co/spaces/lerobot/visualize_dataset?path=kkurzweil/so100_v004,2025-06-07 04:44:49,SO100,359,1083,718,45.0,480x640,30.0,538.5,3,"top, wrist",2,"['top', 'wrist']",0,529,0,apache-2.0,Apache License 2.0,https://opensource.org/licenses/Apache-2.0,"This dataset was created using LeRobot.

	
		
		Dataset Structure
	

meta/info.json:
{
    ""codebase_version"": ""v2.1"",
    ""robot_type"": ""so100_follower"",
    ""total_episodes"": 42,
    ""total_frames"":...",2025-06-12 04:21:03+00:00
VoicAndrei/so100_kitchen,https://huggingface.co/datasets/VoicAndrei/so100_kitchen,https://huggingface.co/spaces/lerobot/visualize_dataset?path=VoicAndrei/so100_kitchen,2025-05-30 10:02:37,SO100,301,1210,903,45.0,480x640,30.0,677.2,3,"side, top, wrist",3,"['side', 'top', 'wrist']",0,677,0,apache-2.0,Apache License 2.0,https://opensource.org/licenses/Apache-2.0,"This dataset was created using LeRobot.

	
		
		Dataset Structure
	

meta/info.json:
{
    ""codebase_version"": ""v2.1"",
    ""robot_type"": ""so100"",
    ""total_episodes"": 3,
    ""total_frames"": 1166,
   ...",2025-06-03 13:28:30+00:00
shylee/so100_pengripC,https://huggingface.co/datasets/shylee/so100_pengripC,https://huggingface.co/spaces/lerobot/visualize_dataset?path=shylee/so100_pengripC,2025-05-08 18:55:19,SO100,300,1206,900,30.0,480x640,30.0,450.0,3,"front, frontcam, top, topcam, wrist, wristcam",6,"['front', 'frontcam', 'top', 'topcam', 'wrist', 'wristcam']",0,33,0,apache-2.0,Apache License 2.0,https://opensource.org/licenses/Apache-2.0,"This dataset was created using LeRobot.

	
		
		Dataset Structure
	

meta/info.json:
{
    ""codebase_version"": ""v2.1"",
    ""robot_type"": ""so100"",
    ""total_episodes"": 25,
    ""total_frames"": 4779,
  ...",2025-05-08 22:55:49+00:00
Loki0929/so100_duck,https://huggingface.co/datasets/Loki0929/so100_duck,https://huggingface.co/spaces/lerobot/visualize_dataset?path=Loki0929/so100_duck,2025-03-19 08:08:35,SO100,300,1206,900,45.0,480x640,30.0,675.0,3,"third, top, wrist",3,"['third', 'top', 'wrist']",0,97,0,apache-2.0,Apache License 2.0,https://opensource.org/licenses/Apache-2.0,"This dataset was created using LeRobot.

	
		
		Dataset Structure
	

meta/info.json:
{
    ""codebase_version"": ""v2.1"",
    ""robot_type"": ""so100"",
    ""total_episodes"": 50,
    ""total_frames"": 24219,
 ...",2025-03-20 12:35:03+00:00
Loki0929/so100_duck_v20,https://huggingface.co/datasets/Loki0929/so100_duck_v20,https://huggingface.co/spaces/lerobot/visualize_dataset?path=Loki0929/so100_duck_v20,2025-04-02 05:51:36,SO100,300,1206,900,45.0,480x640,30.0,675.0,3,"third, top, wrist",3,"['third', 'top', 'wrist']",0,24,0,apache-2.0,Apache License 2.0,https://opensource.org/licenses/Apache-2.0,"This dataset was created using LeRobot.

	
		
		Dataset Structure
	

meta/info.json:
{
    ""codebase_version"": ""v2.0"",
    ""robot_type"": ""so100"",
    ""total_episodes"": 50,
    ""total_frames"": 24219,
 ...",2025-04-02 06:36:57+00:00
shylee/so100_pengripA,https://huggingface.co/datasets/shylee/so100_pengripA,https://huggingface.co/spaces/lerobot/visualize_dataset?path=shylee/so100_pengripA,2025-05-05 12:57:01,SO100,300,1206,900,30.0,480x640,30.0,450.0,3,"front, frontcam, top, topcam, wrist, wristcam",6,"['front', 'frontcam', 'top', 'topcam', 'wrist', 'wristcam']",0,30,0,apache-2.0,Apache License 2.0,https://opensource.org/licenses/Apache-2.0,"This dataset was created using LeRobot.

	
		
		Dataset Structure
	

meta/info.json:
{
    ""codebase_version"": ""v2.1"",
    ""robot_type"": ""so100"",
    ""total_episodes"": 25,
    ""total_frames"": 6007,
  ...",2025-05-05 13:29:45+00:00
shylee/so100_pengripG,https://huggingface.co/datasets/shylee/so100_pengripG,https://huggingface.co/spaces/lerobot/visualize_dataset?path=shylee/so100_pengripG,2025-05-18 09:55:29,SO100,300,1206,900,30.0,480x640,30.0,450.0,3,"front, frontcam, top, topcam, wrist, wristcam",6,"['front', 'frontcam', 'top', 'topcam', 'wrist', 'wristcam']",0,327,0,apache-2.0,Apache License 2.0,https://opensource.org/licenses/Apache-2.0,"This dataset was created using LeRobot.

	
		
		Dataset Structure
	

meta/info.json:
{
    ""codebase_version"": ""v2.1"",
    ""robot_type"": ""so100"",
    ""total_episodes"": 25,
    ""total_frames"": 6558,
  ...",2025-05-18 14:07:09+00:00
shylee/so100_pengrip,https://huggingface.co/datasets/shylee/so100_pengrip,https://huggingface.co/spaces/lerobot/visualize_dataset?path=shylee/so100_pengrip,2025-05-04 06:53:38,SO100,300,1206,900,30.0,480x640,30.0,450.0,3,"front, frontcam, top, topcam, wrist, wristcam",6,"['front', 'frontcam', 'top', 'topcam', 'wrist', 'wristcam']",0,30,0,apache-2.0,Apache License 2.0,https://opensource.org/licenses/Apache-2.0,"This dataset was created using LeRobot.

	
		
		Dataset Structure
	

meta/info.json:
{
    ""codebase_version"": ""v2.1"",
    ""robot_type"": ""so100"",
    ""total_episodes"": 25,
    ""total_frames"": 6007,
  ...",2025-05-05 10:47:38+00:00
shylee/so100_pengripF,https://huggingface.co/datasets/shylee/so100_pengripF,https://huggingface.co/spaces/lerobot/visualize_dataset?path=shylee/so100_pengripF,2025-05-09 09:58:17,SO100,300,1206,900,30.0,480x640,30.0,450.0,3,"front, frontcam, top, topcam, wrist, wristcam",6,"['front', 'frontcam', 'top', 'topcam', 'wrist', 'wristcam']",0,52,0,apache-2.0,Apache License 2.0,https://opensource.org/licenses/Apache-2.0,"This dataset was created using LeRobot.

	
		
		Dataset Structure
	

meta/info.json:
{
    ""codebase_version"": ""v2.1"",
    ""robot_type"": ""so100"",
    ""total_episodes"": 25,
    ""total_frames"": 4779,
  ...",2025-05-09 11:37:58+00:00
love3165303/so100_merge_colors1,https://huggingface.co/datasets/love3165303/so100_merge_colors1,https://huggingface.co/spaces/lerobot/visualize_dataset?path=love3165303/so100_merge_colors1,2025-06-13 06:20:16,SO100,275,556,275,45.0,480x640,30.0,206.2,3,top,1,['top'],0,91,0,Unknown,Unknown,,"
	
		
		so100_merge_colors1
	

This dataset was generated using a phospho starter pack.
This dataset contains a series of episodes recorded with a robot and multiple cameras. It can be directly used t...",2025-06-13 06:23:28+00:00
shylee/so100_pengripD,https://huggingface.co/datasets/shylee/so100_pengripD,https://huggingface.co/spaces/lerobot/visualize_dataset?path=shylee/so100_pengripD,2025-05-09 08:24:47,SO100,275,1106,825,30.0,480x640,30.0,412.5,3,"front, frontcam, top, topcam, wrist, wristcam",6,"['front', 'frontcam', 'top', 'topcam', 'wrist', 'wristcam']",0,38,0,apache-2.0,Apache License 2.0,https://opensource.org/licenses/Apache-2.0,"This dataset was created using LeRobot.

	
		
		Dataset Structure
	

meta/info.json:
{
    ""codebase_version"": ""v2.1"",
    ""robot_type"": ""so100"",
    ""total_episodes"": 25,
    ""total_frames"": 4779,
  ...",2025-05-09 08:28:25+00:00
slowturtle99/so100_dataset_2,https://huggingface.co/datasets/slowturtle99/so100_dataset_2,https://huggingface.co/spaces/lerobot/visualize_dataset?path=slowturtle99/so100_dataset_2,2025-04-24 02:31:04,SO100,262,792,524,30.0,480x640,30.0,262.0,3,"era, head_, head__era, head_camera, wrist_, wrist__era, wrist_camera",7,"['era', 'head_', 'head__era', 'head_camera', 'wrist_', 'wrist__era', 'wrist_camera']",0,27,0,apache-2.0,Apache License 2.0,https://opensource.org/licenses/Apache-2.0,"This dataset was created using LeRobot.

	
		
		Dataset Structure
	

meta/info.json:
{
    ""codebase_version"": ""v2.1"",
    ""robot_type"": ""so100"",
    ""total_episodes"": 40,
    ""total_frames"": 8506,
  ...",2025-04-24 03:31:41+00:00
shreyasgite/so100_base_env,https://huggingface.co/datasets/shreyasgite/so100_base_env,https://huggingface.co/spaces/lerobot/visualize_dataset?path=shreyasgite/so100_base_env,2025-02-19 05:21:33,SO100,252,762,504,45.0,480x640,30.0,378.0,3,"laptop, phone",2,"['laptop', 'phone']",0,105,0,apache-2.0,Apache License 2.0,https://opensource.org/licenses/Apache-2.0,"This dataset was created using LeRobot.

	
		
		Dataset Structure
	

meta/info.json:
{
    ""codebase_version"": ""v2.0"",
    ""robot_type"": ""so100"",
    ""total_episodes"": 252,
    ""total_frames"": 98999,
...",2025-03-04 10:04:03+00:00
luckyrobots/so100_Dataset_250_V0.1,https://huggingface.co/datasets/luckyrobots/so100_Dataset_250_V0.1,https://huggingface.co/spaces/lerobot/visualize_dataset?path=luckyrobots/so100_Dataset_250_V0.1,2025-06-10 13:30:49,SO100,250,756,500,30.0,480x640,30.0,250.0,3,"camera, era",2,"['camera', 'era']",0,128,0,mit,MIT License,https://opensource.org/licenses/MIT,"
	
		
		LuckyWorld V0.1 (SO100)
	



	
		
		SO100 Dataset v2.1
	


This repository contains the SO100 robot dataset, version v2.1.Below is the complete metadata in JSON format.

	
		
		meta/info/json
...",2025-06-10 14:07:44+00:00
harishbalasub/so100_diverse_tasks,https://huggingface.co/datasets/harishbalasub/so100_diverse_tasks,https://huggingface.co/spaces/lerobot/visualize_dataset?path=harishbalasub/so100_diverse_tasks,2025-06-08 04:01:07,SO100,230,925,460,45.0,480x640,30.0,345.0,3,"laptop, phone",2,"['laptop', 'phone']",0,72,0,Unknown,Unknown,,,2025-06-08 04:16:25+00:00
jiuyal2/so100_marker,https://huggingface.co/datasets/jiuyal2/so100_marker,https://huggingface.co/spaces/lerobot/visualize_dataset?path=jiuyal2/so100_marker,2025-05-20 23:02:02,SO100,224,678,448,45.0,480x640,30.0,336.0,3,"iphone, so100",2,"['iphone', 'so100']",0,667,0,apache-2.0,Apache License 2.0,https://opensource.org/licenses/Apache-2.0,"This dataset was created using LeRobot.

	
		
		Dataset Structure
	

meta/info.json:
{
    ""codebase_version"": ""v2.1"",
    ""robot_type"": ""so100"",
    ""total_episodes"": 100,
    ""total_frames"": 41084,
...",2025-06-09 05:03:53+00:00
charleyong/so100_tic_tac_toe_updated,https://huggingface.co/datasets/charleyong/so100_tic_tac_toe_updated,https://huggingface.co/spaces/lerobot/visualize_dataset?path=charleyong/so100_tic_tac_toe_updated,2025-05-12 03:16:20,SO100,221,448,221,45.0,480x640,30.0,165.8,3,stationary,1,['stationary'],0,195,0,apache-2.0,Apache License 2.0,https://opensource.org/licenses/Apache-2.0,"This dataset was created using LeRobot.

	
		
		Dataset Structure
	

meta/info.json:
{
    ""codebase_version"": ""v2.1"",
    ""robot_type"": ""so100"",
    ""total_episodes"": 20,
    ""total_frames"": 5941,
  ...",2025-05-16 23:35:49+00:00
dragon-95/so100_sorting_2,https://huggingface.co/datasets/dragon-95/so100_sorting_2,https://huggingface.co/spaces/lerobot/visualize_dataset?path=dragon-95/so100_sorting_2,2025-02-05 10:38:30,SO100,220,666,440,45.0,480x640,30.0,330.0,3,"laptop, phone",2,"['laptop', 'phone']",0,74,0,apache-2.0,Apache License 2.0,https://opensource.org/licenses/Apache-2.0,"This dataset was created using LeRobot.

	
		
		Dataset Structure
	

meta/info.json:
{
    ""codebase_version"": ""v2.0"",
    ""robot_type"": ""so100"",
    ""total_episodes"": 220,
    ""total_frames"": 169922,...",2025-02-07 11:59:32+00:00
liuhuanjim013/so100_th_1,https://huggingface.co/datasets/liuhuanjim013/so100_th_1,https://huggingface.co/spaces/lerobot/visualize_dataset?path=liuhuanjim013/so100_th_1,2025-03-09 04:33:01,SO100,210,636,420,45.0,480x640,30.0,315.0,3,"hand, top",2,"['hand', 'top']",0,43,0,apache-2.0,Apache License 2.0,https://opensource.org/licenses/Apache-2.0,"This dataset was created using LeRobot.

	
		
		Dataset Structure
	

meta/info.json:
{
    ""codebase_version"": ""v2.0"",
    ""robot_type"": ""so100"",
    ""total_episodes"": 11,
    ""total_frames"": 5478,
  ...",2025-03-10 03:43:12+00:00
kkurzweil/so100_test_v002,https://huggingface.co/datasets/kkurzweil/so100_test_v002,https://huggingface.co/spaces/lerobot/visualize_dataset?path=kkurzweil/so100_test_v002,2025-06-02 03:16:07,SO100,202,612,404,45.0,480x640,30.0,303.0,3,"top, wrist",2,"['top', 'wrist']",0,520,0,apache-2.0,Apache License 2.0,https://opensource.org/licenses/Apache-2.0,"This dataset was created using LeRobot.

	
		
		Dataset Structure
	

meta/info.json:
{
    ""codebase_version"": ""v2.1"",
    ""robot_type"": ""so100"",
    ""total_episodes"": 50,
    ""total_frames"": 8360,
  ...",2025-06-04 03:03:03+00:00
SeanLMH/so100_picknplace_v2,https://huggingface.co/datasets/SeanLMH/so100_picknplace_v2,https://huggingface.co/spaces/lerobot/visualize_dataset?path=SeanLMH/so100_picknplace_v2,2025-01-24 08:34:01,SO100,201,609,402,45.0,480x640,30.0,301.5,3,"front, overhead",2,"['front', 'overhead']",0,57,0,apache-2.0,Apache License 2.0,https://opensource.org/licenses/Apache-2.0,"This dataset was created using LeRobot.

	
		
		Dataset Structure
	

meta/info.json:
{
    ""codebase_version"": ""v2.0"",
    ""robot_type"": ""so100"",
    ""total_episodes"": 201,
    ""total_frames"": 68906,
...",2025-01-24 10:03:47+00:00
hamidkaloorazi/so100_bi_gui,https://huggingface.co/datasets/hamidkaloorazi/so100_bi_gui,https://huggingface.co/spaces/lerobot/visualize_dataset?path=hamidkaloorazi/so100_bi_gui,2025-05-30 17:11:20,SO100,201,810,603,45.0,480x640,30.0,452.2,3,"left, right, top",3,"['left', 'right', 'top']",0,235,0,apache-2.0,Apache License 2.0,https://opensource.org/licenses/Apache-2.0,"This dataset was created using LeRobot.

	
		
		Dataset Structure
	

meta/info.json:
{
    ""codebase_version"": ""v2.1"",
    ""robot_type"": ""so100_bimanual"",
    ""total_episodes"": 28,
    ""total_frames"":...",2025-05-30 19:17:44+00:00
ycdamn1988/so100_0420_3,https://huggingface.co/datasets/ycdamn1988/so100_0420_3,https://huggingface.co/spaces/lerobot/visualize_dataset?path=ycdamn1988/so100_0420_3,2025-04-20 18:21:21,SO100,200,806,600,45.0,480x640,30.0,450.0,3,"logi, orbbec, robo_, robo_cam",4,"['logi', 'orbbec', 'robo_', 'robo_cam']",0,88,0,apache-2.0,Apache License 2.0,https://opensource.org/licenses/Apache-2.0,"This dataset was created using LeRobot.

	
		
		Dataset Structure
	

meta/info.json:
{
    ""codebase_version"": ""v2.1"",
    ""robot_type"": ""so100"",
    ""total_episodes"": 200,
    ""total_frames"": 62293,
...",2025-04-20 18:24:58+00:00
samanthalhy/so100_test_3_diff,https://huggingface.co/datasets/samanthalhy/so100_test_3_diff,https://huggingface.co/spaces/lerobot/visualize_dataset?path=samanthalhy/so100_test_3_diff,2025-04-04 09:21:59,SO100,200,606,400,45.0,480x640,30.0,300.0,3,"laptop, phone",2,"['laptop', 'phone']",0,30,0,apache-2.0,Apache License 2.0,https://opensource.org/licenses/Apache-2.0,"This dataset was created using LeRobot.

	
		
		Dataset Structure
	

meta/info.json:
{
    ""codebase_version"": ""v2.1"",
    ""robot_type"": ""so100"",
    ""total_episodes"": 54,
    ""total_frames"": 24887,
 ...",2025-04-04 10:30:18+00:00
dragon-95/so100_sorting_3,https://huggingface.co/datasets/dragon-95/so100_sorting_3,https://huggingface.co/spaces/lerobot/visualize_dataset?path=dragon-95/so100_sorting_3,2025-02-08 03:46:36,SO100,200,606,400,45.0,480x640,30.0,300.0,3,"laptop, phone",2,"['laptop', 'phone']",0,85,0,apache-2.0,Apache License 2.0,https://opensource.org/licenses/Apache-2.0,"This dataset was created using LeRobot.

	
		
		Dataset Structure
	

meta/info.json:
{
    ""codebase_version"": ""v2.0"",
    ""robot_type"": ""so100"",
    ""total_episodes"": 200,
    ""total_frames"": 95183,
...",2025-02-08 07:25:50+00:00
DorayakiLin/yzw_so100_stack_cube_v4,https://huggingface.co/datasets/DorayakiLin/yzw_so100_stack_cube_v4,https://huggingface.co/spaces/lerobot/visualize_dataset?path=DorayakiLin/yzw_so100_stack_cube_v4,2025-04-28 06:23:33,SO100,200,806,600,45.0,480x640,30.0,450.0,3,"third, top, wrist",3,"['third', 'top', 'wrist']",0,34,0,apache-2.0,Apache License 2.0,https://opensource.org/licenses/Apache-2.0,"This dataset was created using LeRobot.

	
		
		Dataset Structure
	

meta/info.json:
{
    ""codebase_version"": ""v2.1"",
    ""robot_type"": ""so100"",
    ""total_episodes"": 20,
    ""total_frames"": 9692,
  ...",2025-04-28 10:15:29+00:00
shylee/so100_gauze,https://huggingface.co/datasets/shylee/so100_gauze,https://huggingface.co/spaces/lerobot/visualize_dataset?path=shylee/so100_gauze,2025-04-28 17:27:43,SO100,200,806,600,30.0,480x640,30.0,300.0,3,"front, frontcam, top, topcam, wrist, wristcam",6,"['front', 'frontcam', 'top', 'topcam', 'wrist', 'wristcam']",0,36,0,apache-2.0,Apache License 2.0,https://opensource.org/licenses/Apache-2.0,"This dataset was created using LeRobot.

	
		
		Dataset Structure
	

meta/info.json:
{
    ""codebase_version"": ""v2.1"",
    ""robot_type"": ""so100"",
    ""total_episodes"": 50,
    ""total_frames"": 11689,
 ...",2025-04-28 19:13:34+00:00
SharkDan/so100_test_f1,https://huggingface.co/datasets/SharkDan/so100_test_f1,https://huggingface.co/spaces/lerobot/visualize_dataset?path=SharkDan/so100_test_f1,2025-05-22 10:27:36,SO100,200,806,600,45.0,480x640,30.0,450.0,3,"era, laptop, new_, new__era, new_camera, phone",6,"['era', 'laptop', 'new_', 'new__era', 'new_camera', 'phone']",0,358,0,apache-2.0,Apache License 2.0,https://opensource.org/licenses/Apache-2.0,"This dataset was created using LeRobot.

	
		
		Dataset Structure
	

meta/info.json:
{
    ""codebase_version"": ""v2.1"",
    ""robot_type"": ""so100"",
    ""total_episodes"": 10,
    ""total_frames"": 7168,
  ...",2025-05-23 07:03:35+00:00
shylee/so100_cube,https://huggingface.co/datasets/shylee/so100_cube,https://huggingface.co/spaces/lerobot/visualize_dataset?path=shylee/so100_cube,2025-05-01 13:57:49,SO100,200,806,600,30.0,480x640,30.0,300.0,3,"front, frontcam, top, topcam, wrist, wristcam",6,"['front', 'frontcam', 'top', 'topcam', 'wrist', 'wristcam']",0,46,0,apache-2.0,Apache License 2.0,https://opensource.org/licenses/Apache-2.0,"This dataset was created using LeRobot.

	
		
		Dataset Structure
	

meta/info.json:
{
    ""codebase_version"": ""v2.1"",
    ""robot_type"": ""so100"",
    ""total_episodes"": 1,
    ""total_frames"": 25,
    ""...",2025-05-01 16:03:18+00:00
shylee/so100_cup,https://huggingface.co/datasets/shylee/so100_cup,https://huggingface.co/spaces/lerobot/visualize_dataset?path=shylee/so100_cup,2025-04-20 15:25:10,SO100,200,606,400,45.0,480x640,30.0,300.0,3,"laptop, phone",2,"['laptop', 'phone']",0,28,0,apache-2.0,Apache License 2.0,https://opensource.org/licenses/Apache-2.0,"This dataset was created using LeRobot.

	
		
		Dataset Structure
	

meta/info.json:
{
    ""codebase_version"": ""v2.1"",
    ""robot_type"": ""so100"",
    ""total_episodes"": 8,
    ""total_frames"": 1469,
   ...",2025-04-20 17:36:45+00:00
shylee/so100_dice,https://huggingface.co/datasets/shylee/so100_dice,https://huggingface.co/spaces/lerobot/visualize_dataset?path=shylee/so100_dice,2025-04-19 12:05:24,SO100,200,406,200,45.0,480x640,30.0,150.0,3,laptop,1,['laptop'],0,80,0,apache-2.0,Apache License 2.0,https://opensource.org/licenses/Apache-2.0,"This dataset was created using LeRobot.

	
		
		Dataset Structure
	

meta/info.json:
{
    ""codebase_version"": ""v2.1"",
    ""robot_type"": ""so100"",
    ""total_episodes"": 50,
    ""total_frames"": 9260,
  ...",2025-04-19 13:37:20+00:00
eddierex/so100_bi_test_hand,https://huggingface.co/datasets/eddierex/so100_bi_test_hand,https://huggingface.co/spaces/lerobot/visualize_dataset?path=eddierex/so100_bi_test_hand,2025-05-08 09:44:19,SO100,185,1129,840,30.0,480x640,30.0,420.0,3,"cam_left, cam_right, laptop, left, right",5,"['cam_left', 'cam_right', 'laptop', 'left', 'right']",0,10,0,Unknown,Unknown,,,2025-05-09 09:48:48+00:00
charleyong/so100_tic_tac_toe_autoend,https://huggingface.co/datasets/charleyong/so100_tic_tac_toe_autoend,https://huggingface.co/spaces/lerobot/visualize_dataset?path=charleyong/so100_tic_tac_toe_autoend,2025-05-17 00:45:06,SO100,180,366,180,45.0,480x640,30.0,135.0,3,stationary,1,['stationary'],0,253,0,apache-2.0,Apache License 2.0,https://opensource.org/licenses/Apache-2.0,"This dataset was created using LeRobot.

	
		
		Dataset Structure
	

meta/info.json:
{
    ""codebase_version"": ""v2.1"",
    ""robot_type"": ""so100"",
    ""total_episodes"": 20,
    ""total_frames"": 9101,
  ...",2025-05-17 03:11:02+00:00
VoicAndrei/so100_rebel_complete,https://huggingface.co/datasets/VoicAndrei/so100_rebel_complete,https://huggingface.co/spaces/lerobot/visualize_dataset?path=VoicAndrei/so100_rebel_complete,2025-04-15 14:10:04,SO100,170,520,340,45.0,480x640,30.0,255.0,3,"right, top",2,"['right', 'top']",0,30,0,apache-2.0,Apache License 2.0,https://opensource.org/licenses/Apache-2.0,"This dataset was created using LeRobot.

	
		
		Dataset Structure
	

meta/info.json:
{
    ""codebase_version"": ""v2.1"",
    ""robot_type"": ""so100"",
    ""total_episodes"": 50,
    ""total_frames"": 21666,
 ...",2025-04-16 07:43:07+00:00
love3165303/so100_pick_ball_colors2,https://huggingface.co/datasets/love3165303/so100_pick_ball_colors2,https://huggingface.co/spaces/lerobot/visualize_dataset?path=love3165303/so100_pick_ball_colors2,2025-06-09 03:19:29,SO100,166,504,332,45.0,480x640,30.0,249.0,3,"left_wrist, top",2,"['left_wrist', 'top']",0,613,0,apache-2.0,Apache License 2.0,https://opensource.org/licenses/Apache-2.0,"This dataset was created using LeRobot.

	
		
		Dataset Structure
	

meta/info.json:
{
    ""codebase_version"": ""v2.1"",
    ""robot_type"": ""so100"",
    ""total_episodes"": 10,
    ""total_frames"": 3392,
  ...",2025-06-12 02:29:40+00:00
xhaka3456/so100_hackerton_0614_1,https://huggingface.co/datasets/xhaka3456/so100_hackerton_0614_1,https://huggingface.co/spaces/lerobot/visualize_dataset?path=xhaka3456/so100_hackerton_0614_1,2025-06-14 03:34:23,SO100,164,498,328,45.0,480x640,30.0,246.0,3,"laptop, phone",2,"['laptop', 'phone']",0,112,0,apache-2.0,Apache License 2.0,https://opensource.org/licenses/Apache-2.0,"This dataset was created using LeRobot.

	
		
		Dataset Structure
	

meta/info.json:
{
    ""codebase_version"": ""v2.0"",
    ""robot_type"": ""so100"",
    ""total_episodes"": 164,
    ""total_frames"": 144792,...",2025-06-14 07:29:24+00:00
sixpigs1/so100_pull_cube_by_tool_error,https://huggingface.co/datasets/sixpigs1/so100_pull_cube_by_tool_error,https://huggingface.co/spaces/lerobot/visualize_dataset?path=sixpigs1/so100_pull_cube_by_tool_error,2025-04-12 08:00:05,SO100,160,486,320,45.0,480x640,30.0,240.0,3,"above, rightfront",2,"['above', 'rightfront']",0,58,0,apache-2.0,Apache License 2.0,https://opensource.org/licenses/Apache-2.0,"This dataset was created using LeRobot.

	
		
		Dataset Structure
	

meta/info.json:
{
    ""codebase_version"": ""v2.1"",
    ""robot_type"": ""so100"",
    ""total_episodes"": 20,
    ""total_frames"": 4381,
  ...",2025-04-12 08:53:45+00:00
kkurzweil/so100_wrist_02,https://huggingface.co/datasets/kkurzweil/so100_wrist_02,https://huggingface.co/spaces/lerobot/visualize_dataset?path=kkurzweil/so100_wrist_02,2025-05-17 18:46:48,SO100,153,465,306,45.0,480x640,30.0,229.5,3,"top, wrist",2,"['top', 'wrist']",0,185,0,apache-2.0,Apache License 2.0,https://opensource.org/licenses/Apache-2.0,"This dataset was created using LeRobot.

	
		
		Dataset Structure
	

meta/info.json:
{
    ""codebase_version"": ""v2.1"",
    ""robot_type"": ""so100"",
    ""total_episodes"": 153,
    ""total_frames"": 29809,
...",2025-05-17 18:48:22+00:00
HITHY/so100_strawberry,https://huggingface.co/datasets/HITHY/so100_strawberry,https://huggingface.co/spaces/lerobot/visualize_dataset?path=HITHY/so100_strawberry,2025-01-10 06:58:40,SO100,153,337,178,45.0,480x640,30.0,133.5,3,"laptop, phone",2,"['laptop', 'phone']",0,101,0,apache-2.0,Apache License 2.0,https://opensource.org/licenses/Apache-2.0,"This dataset was created using LeRobot.

	
		
		Dataset Structure
	

meta/info.json:
{
    ""codebase_version"": ""v2.0"",
    ""robot_type"": ""so100"",
    ""total_episodes"": 153,
    ""total_frames"": 40834,
...",2025-02-18 02:21:09+00:00
kkurzweil/so100_test_02,https://huggingface.co/datasets/kkurzweil/so100_test_02,https://huggingface.co/spaces/lerobot/visualize_dataset?path=kkurzweil/so100_test_02,2025-05-07 03:29:23,SO100,153,465,306,45.0,480x640,30.0,229.5,3,"front, top",2,"['front', 'top']",0,36,0,cc-by-sa-4.0,Creative Commons Attribution-ShareAlike 4.0,https://creativecommons.org/licenses/by-sa/4.0/,,2025-05-07 03:48:46+00:00
liuhuanjim013/so100_block,https://huggingface.co/datasets/liuhuanjim013/so100_block,https://huggingface.co/spaces/lerobot/visualize_dataset?path=liuhuanjim013/so100_block,2025-03-12 12:43:36,SO100,151,459,302,45.0,480x640,30.0,226.5,3,"hand, top",2,"['hand', 'top']",0,54,0,apache-2.0,Apache License 2.0,https://opensource.org/licenses/Apache-2.0,"This dataset was created using LeRobot.

	
		
		Dataset Structure
	

meta/info.json:
{
    ""codebase_version"": ""v2.1"",
    ""robot_type"": ""so100"",
    ""total_episodes"": 1,
    ""total_frames"": 293,
    ...",2025-03-12 13:55:03+00:00
VoicAndrei/so100_cubes_three_cameras,https://huggingface.co/datasets/VoicAndrei/so100_cubes_three_cameras,https://huggingface.co/spaces/lerobot/visualize_dataset?path=VoicAndrei/so100_cubes_three_cameras,2025-04-29 07:30:54,SO100,150,606,450,45.0,480x640,30.0,337.5,3,"right, top, wrist",3,"['right', 'top', 'wrist']",0,99,0,apache-2.0,Apache License 2.0,https://opensource.org/licenses/Apache-2.0,"This dataset was created using LeRobot.

	
		
		Dataset Structure
	

meta/info.json:
{
    ""codebase_version"": ""v2.1"",
    ""robot_type"": ""so100"",
    ""total_episodes"": 5,
    ""total_frames"": 7388,
   ...",2025-04-29 16:18:08+00:00
maximilienroberti/so100_lego_red_box,https://huggingface.co/datasets/maximilienroberti/so100_lego_red_box,https://huggingface.co/spaces/lerobot/visualize_dataset?path=maximilienroberti/so100_lego_red_box,2024-12-29 17:48:45,SO100,150,606,450,30.0,480x640,30.0,225.0,3,"cam_left, cam_middle, cam_right, left, middle, right",6,"['cam_left', 'cam_middle', 'cam_right', 'left', 'middle', 'right']",0,115,0,apache-2.0,Apache License 2.0,https://opensource.org/licenses/Apache-2.0,"This dataset was created using LeRobot.

	
		
		Dataset Structure
	

meta/info.json:
{
    ""codebase_version"": ""v2.0"",
    ""robot_type"": ""so100"",
    ""total_episodes"": 150,
    ""total_frames"": 40711,
...",2025-01-08 08:55:29+00:00
ycdamn1988/so100_0517,https://huggingface.co/datasets/ycdamn1988/so100_0517,https://huggingface.co/spaces/lerobot/visualize_dataset?path=ycdamn1988/so100_0517,2025-05-17 18:36:13,SO100,150,606,450,45.0,480x640,30.0,337.5,3,"logi, orbbec, robo_, robo_cam",4,"['logi', 'orbbec', 'robo_', 'robo_cam']",0,194,0,apache-2.0,Apache License 2.0,https://opensource.org/licenses/Apache-2.0,"This dataset was created using LeRobot.

	
		
		Dataset Structure
	

meta/info.json:
{
    ""codebase_version"": ""v2.1"",
    ""robot_type"": ""so100"",
    ""total_episodes"": 150,
    ""total_frames"": 48004,
...",2025-05-17 18:38:56+00:00
mchen02/so100_test3,https://huggingface.co/datasets/mchen02/so100_test3,https://huggingface.co/spaces/lerobot/visualize_dataset?path=mchen02/so100_test3,2025-03-08 07:35:38,SO100,141,429,282,45.0,480x640,30.0,211.5,3,"laptop, phone",2,"['laptop', 'phone']",0,78,0,apache-2.0,Apache License 2.0,https://opensource.org/licenses/Apache-2.0,"This dataset was created using LeRobot.

	
		
		Dataset Structure
	

meta/info.json:
{
    ""codebase_version"": ""v2.1"",
    ""robot_type"": ""so100"",
    ""total_episodes"": 141,
    ""total_frames"": 108798,...",2025-04-15 08:11:57+00:00
phospho-ai/so100-tictactoe,https://huggingface.co/datasets/phospho-ai/so100-tictactoe,https://huggingface.co/spaces/lerobot/visualize_dataset?path=phospho-ai/so100-tictactoe,2025-05-22 13:38:46,SO100,141,429,282,45.0,480x640,30.0,211.5,3,"main, secondary_0",2,"['main', 'secondary_0']",0,247,0,Unknown,Unknown,,"
	
		
		so100-tictactoe
	

This dataset was generated using a phospho starter pack.
This dataset contains a series of episodes recorded with a robot and multiple cameras. It can be directly used to tr...",2025-05-22 13:39:23+00:00
shreyasgite/so100_base_left,https://huggingface.co/datasets/shreyasgite/so100_base_left,https://huggingface.co/spaces/lerobot/visualize_dataset?path=shreyasgite/so100_base_left,2025-03-11 12:00:13,SO100,141,429,282,45.0,480x640,30.0,211.5,3,"laptop, phone",2,"['laptop', 'phone']",0,64,0,apache-2.0,Apache License 2.0,https://opensource.org/licenses/Apache-2.0,"This dataset was created using LeRobot.

	
		
		Dataset Structure
	

meta/info.json:
{
    ""codebase_version"": ""v2.1"",
    ""robot_type"": ""so100"",
    ""total_episodes"": 141,
    ""total_frames"": 54853,
...",2025-03-11 12:02:11+00:00
Odog16/so100_tea_towel_folding_v1,https://huggingface.co/datasets/Odog16/so100_tea_towel_folding_v1,https://huggingface.co/spaces/lerobot/visualize_dataset?path=Odog16/so100_tea_towel_folding_v1,2025-03-18 23:14:10,SO100,141,429,282,45.0,480x640,30.0,211.5,3,"workspace, wrist",2,"['workspace', 'wrist']",0,50,0,apache-2.0,Apache License 2.0,https://opensource.org/licenses/Apache-2.0,"This dataset was created using LeRobot.

	
		
		Dataset Structure
	

meta/info.json:
{
    ""codebase_version"": ""v2.1"",
    ""robot_type"": ""so100"",
    ""total_episodes"": 50,
    ""total_frames"": 17707,
 ...",2025-03-25 20:56:24+00:00
alexppppp/lerobot-so100-bluecapwhitecup,https://huggingface.co/datasets/alexppppp/lerobot-so100-bluecapwhitecup,https://huggingface.co/spaces/lerobot/visualize_dataset?path=alexppppp/lerobot-so100-bluecapwhitecup,2025-05-28 12:23:39,SO100,140,565,420,30.0,480x640,30.0,210.0,3,"camera_table, camera_top, camera_wrist, era_table, era_top, era_wrist, table, top, wrist",9,"['camera_table', 'camera_top', 'camera_wrist', 'era_table', 'era_top', 'era_wrist', 'table', 'top', 'wrist']",0,90,0,Unknown,Unknown,,,2025-05-28 13:42:58+00:00
arulloomba/so100_testing_15sec,https://huggingface.co/datasets/arulloomba/so100_testing_15sec,https://huggingface.co/spaces/lerobot/visualize_dataset?path=arulloomba/so100_testing_15sec,2025-04-30 05:53:20,SO100,140,426,280,45.0,480x640,30.0,210.0,3,"laptop, phone",2,"['laptop', 'phone']",0,64,0,apache-2.0,Apache License 2.0,https://opensource.org/licenses/Apache-2.0,"This dataset was created using LeRobot.

	
		
		Dataset Structure
	

meta/info.json:
{
    ""codebase_version"": ""v2.1"",
    ""robot_type"": ""so100"",
    ""total_episodes"": 10,
    ""total_frames"": 3346,
  ...",2025-05-04 03:57:07+00:00
slowturtle99/so100_dataset,https://huggingface.co/datasets/slowturtle99/so100_dataset,https://huggingface.co/spaces/lerobot/visualize_dataset?path=slowturtle99/so100_dataset,2025-04-23 17:28:19,SO100,137,417,274,30.0,480x640,30.0,137.0,3,"era, head_, head__era, head_camera, wrist_, wrist__era, wrist_camera",7,"['era', 'head_', 'head__era', 'head_camera', 'wrist_', 'wrist__era', 'wrist_camera']",0,59,0,apache-2.0,Apache License 2.0,https://opensource.org/licenses/Apache-2.0,"This dataset was created using LeRobot.

	
		
		Dataset Structure
	

meta/info.json:
{
    ""codebase_version"": ""v2.1"",
    ""robot_type"": ""so100"",
    ""total_episodes"": 40,
    ""total_frames"": 13860,
 ...",2025-04-24 02:19:32+00:00
aaronsu11/so100_pick,https://huggingface.co/datasets/aaronsu11/so100_pick,https://huggingface.co/spaces/lerobot/visualize_dataset?path=aaronsu11/so100_pick,2025-05-24 02:57:57,SO100,125,383,250,45.0,480x640,30.0,187.5,3,"front, wrist",2,"['front', 'wrist']",0,523,1,apache-2.0,Apache License 2.0,https://opensource.org/licenses/Apache-2.0,"This dataset was created using LeRobot.

	
		
		Dataset Structure
	

meta/info.json:
{
    ""codebase_version"": ""v2.1"",
    ""robot_type"": ""so100"",
    ""total_episodes"": 25,
    ""total_frames"": 3763,
  ...",2025-06-13 13:02:27+00:00
hamidkaloorazi/so100_bi_towel_hadi,https://huggingface.co/datasets/hamidkaloorazi/so100_bi_towel_hadi,https://huggingface.co/spaces/lerobot/visualize_dataset?path=hamidkaloorazi/so100_bi_towel_hadi,2025-06-03 02:21:46,SO100,122,494,366,45.0,480x640,30.0,274.5,3,"left, right, top",3,"['left', 'right', 'top']",0,222,0,apache-2.0,Apache License 2.0,https://opensource.org/licenses/Apache-2.0,"This dataset was created using LeRobot.

	
		
		Dataset Structure
	

meta/info.json:
{
    ""codebase_version"": ""v2.1"",
    ""robot_type"": ""so100_bimanual"",
    ""total_episodes"": 101,
    ""total_frames""...",2025-06-03 02:35:20+00:00
VoicAndrei/so100_banana_to_plate_only,https://huggingface.co/datasets/VoicAndrei/so100_banana_to_plate_only,https://huggingface.co/spaces/lerobot/visualize_dataset?path=VoicAndrei/so100_banana_to_plate_only,2025-04-10 15:32:19,SO100,120,366,240,45.0,480x640,30.0,180.0,3,"right, top",2,"['right', 'top']",0,146,0,apache-2.0,Apache License 2.0,https://opensource.org/licenses/Apache-2.0,"This dataset was created using LeRobot.

	
		
		Dataset Structure
	

meta/info.json:
{
    ""codebase_version"": ""v2.1"",
    ""robot_type"": ""so100"",
    ""total_episodes"": 120,
    ""total_frames"": 31068,
...",2025-04-10 15:44:50+00:00
slowturtle99/so100_pick_place,https://huggingface.co/datasets/slowturtle99/so100_pick_place,https://huggingface.co/spaces/lerobot/visualize_dataset?path=slowturtle99/so100_pick_place,2025-04-23 11:28:57,SO100,120,246,120,30.0,480x640,30.0,60.0,3,"web, webcam",2,"['web', 'webcam']",0,52,0,apache-2.0,Apache License 2.0,https://opensource.org/licenses/Apache-2.0,"This dataset was created using LeRobot.

	
		
		Dataset Structure
	

meta/info.json:
{
    ""codebase_version"": ""v2.1"",
    ""robot_type"": ""so100"",
    ""total_episodes"": 40,
    ""total_frames"": 11629,
 ...",2025-04-23 11:51:34+00:00
sixpigs1/so100_insert_cylinder_error,https://huggingface.co/datasets/sixpigs1/so100_insert_cylinder_error,https://huggingface.co/spaces/lerobot/visualize_dataset?path=sixpigs1/so100_insert_cylinder_error,2025-04-12 09:33:51,SO100,120,366,240,45.0,480x640,30.0,180.0,3,"above, rightfront",2,"['above', 'rightfront']",0,68,0,apache-2.0,Apache License 2.0,https://opensource.org/licenses/Apache-2.0,"This dataset was created using LeRobot.

	
		
		Dataset Structure
	

meta/info.json:
{
    ""codebase_version"": ""v2.1"",
    ""robot_type"": ""so100"",
    ""total_episodes"": 20,
    ""total_frames"": 5102,
  ...",2025-04-12 10:40:53+00:00
apayan/so100_dice12,https://huggingface.co/datasets/apayan/so100_dice12,https://huggingface.co/spaces/lerobot/visualize_dataset?path=apayan/so100_dice12,2025-05-26 10:40:54,SO100,115,466,345,45.0,480x640,30.0,258.8,3,"front, top, wrist",3,"['front', 'top', 'wrist']",0,264,0,apache-2.0,Apache License 2.0,https://opensource.org/licenses/Apache-2.0,"This dataset was created using LeRobot.

	
		
		Dataset Structure
	

meta/info.json:
{
    ""codebase_version"": ""v2.1"",
    ""robot_type"": ""so100"",
    ""total_episodes"": 26,
    ""total_frames"": 12488,
 ...",2025-05-26 12:35:28+00:00
masato-ka/so100_nlact_block_instruct,https://huggingface.co/datasets/masato-ka/so100_nlact_block_instruct,https://huggingface.co/spaces/lerobot/visualize_dataset?path=masato-ka/so100_nlact_block_instruct,2025-05-12 14:08:00,SO100,115,236,115,45.0,480x640,30.0,86.2,3,front,1,['front'],0,184,0,apache-2.0,Apache License 2.0,https://opensource.org/licenses/Apache-2.0,"This dataset was created using LeRobot.

	
		
		Dataset Structure
	

meta/info.json:
{
    ""codebase_version"": ""v2.1"",
    ""robot_type"": ""so100"",
    ""total_episodes"": 40,
    ""total_frames"": 23829,
 ...",2025-05-14 12:08:39+00:00
masato-ka/so100_nlact_block_instruct_v3,https://huggingface.co/datasets/masato-ka/so100_nlact_block_instruct_v3,https://huggingface.co/spaces/lerobot/visualize_dataset?path=masato-ka/so100_nlact_block_instruct_v3,2025-05-23 00:49:55,SO100,113,234,113,45.0,480x640,30.0,84.8,3,front,1,['front'],0,565,0,apache-2.0,Apache License 2.0,https://opensource.org/licenses/Apache-2.0,"This dataset was created using LeRobot.

	
		
		Dataset Structure
	

meta/info.json:
{
    ""codebase_version"": ""v2.1"",
    ""robot_type"": ""so100"",
    ""total_episodes"": 70,
    ""total_frames"": 44058,
 ...",2025-05-23 12:22:10+00:00
aaronsu11/so100_snack,https://huggingface.co/datasets/aaronsu11/so100_snack,https://huggingface.co/spaces/lerobot/visualize_dataset?path=aaronsu11/so100_snack,2025-06-14 12:56:49,SO100,110,336,220,45.0,480x640,30.0,165.0,3,"front, wrist",2,"['front', 'wrist']",0,0,0,apache-2.0,Apache License 2.0,https://opensource.org/licenses/Apache-2.0,"This dataset was created using LeRobot.

	
		
		Dataset Structure
	

meta/info.json:
{
    ""codebase_version"": ""v2.1"",
    ""robot_type"": ""so100"",
    ""total_episodes"": 110,
    ""total_frames"": 22436,
...",2025-06-14 13:00:34+00:00
xhaka3456/so100_test_0326_1,https://huggingface.co/datasets/xhaka3456/so100_test_0326_1,https://huggingface.co/spaces/lerobot/visualize_dataset?path=xhaka3456/so100_test_0326_1,2025-03-26 07:09:04,SO100,110,336,220,45.0,480x640,30.0,165.0,3,"laptop, phone",2,"['laptop', 'phone']",0,56,0,apache-2.0,Apache License 2.0,https://opensource.org/licenses/Apache-2.0,"This dataset was created using LeRobot.

	
		
		Dataset Structure
	

meta/info.json:
{
    ""codebase_version"": ""v2.0"",
    ""robot_type"": ""so100"",
    ""total_episodes"": 110,
    ""total_frames"": 63639,
...",2025-03-28 06:27:44+00:00
love3165303/so100_pick_ball_colors3,https://huggingface.co/datasets/love3165303/so100_pick_ball_colors3,https://huggingface.co/spaces/lerobot/visualize_dataset?path=love3165303/so100_pick_ball_colors3,2025-06-13 06:14:59,SO100,109,224,109,45.0,480x640,30.0,81.8,3,top,1,['top'],0,215,0,apache-2.0,Apache License 2.0,https://opensource.org/licenses/Apache-2.0,"This dataset was created using LeRobot.

	
		
		Dataset Structure
	

meta/info.json:
{
    ""codebase_version"": ""v2.1"",
    ""robot_type"": ""so100"",
    ""total_episodes"": 109,
    ""total_frames"": 32058,
...",2025-06-13 06:15:57+00:00
apayan/so100_ball8,https://huggingface.co/datasets/apayan/so100_ball8,https://huggingface.co/spaces/lerobot/visualize_dataset?path=apayan/so100_ball8,2025-04-29 19:41:07,SO100,104,422,312,45.0,480x640,30.0,234.0,3,"front, top, wrist",3,"['front', 'top', 'wrist']",0,61,0,apache-2.0,Apache License 2.0,https://opensource.org/licenses/Apache-2.0,"This dataset was created using LeRobot.

	
		
		Dataset Structure
	

meta/info.json:
{
    ""codebase_version"": ""v2.1"",
    ""robot_type"": ""so100"",
    ""total_episodes"": 5,
    ""total_frames"": 5992,
   ...",2025-04-29 22:10:56+00:00
tkc79/so100_lego_box_1,https://huggingface.co/datasets/tkc79/so100_lego_box_1,https://huggingface.co/spaces/lerobot/visualize_dataset?path=tkc79/so100_lego_box_1,2025-04-13 05:46:44,SO100,104,318,208,45.0,480x640,30.0,156.0,3,"arm, laptop",2,"['arm', 'laptop']",0,89,0,apache-2.0,Apache License 2.0,https://opensource.org/licenses/Apache-2.0,"This dataset was created using LeRobot.

	
		
		Dataset Structure
	

meta/info.json:
{
    ""codebase_version"": ""v2.0"",
    ""robot_type"": ""so100"",
    ""total_episodes"": 104,
    ""total_frames"": 46689,
...",2025-04-13 07:35:52+00:00
yadunund/so100_move_black_knight,https://huggingface.co/datasets/yadunund/so100_move_black_knight,https://huggingface.co/spaces/lerobot/visualize_dataset?path=yadunund/so100_move_black_knight,2025-04-21 05:59:11,SO100,104,214,104,30.0,480x640,30.0,52.0,3,"camera, era",2,"['camera', 'era']",0,45,0,apache-2.0,Apache License 2.0,https://opensource.org/licenses/Apache-2.0,"This dataset was created using LeRobot.

	
		
		Dataset Structure
	

meta/info.json:
{
    ""codebase_version"": ""v2.1"",
    ""robot_type"": ""so100"",
    ""total_episodes"": 10,
    ""total_frames"": 4454,
  ...",2025-04-24 05:48:59+00:00
woohyunwoo/so100_put_somth_to_cup,https://huggingface.co/datasets/woohyunwoo/so100_put_somth_to_cup,https://huggingface.co/spaces/lerobot/visualize_dataset?path=woohyunwoo/so100_put_somth_to_cup,2025-05-09 01:29:49,SO100,102,414,306,30.0,480x640,30.0,153.0,3,"era, left, left_era, leftcamera, overview, overview_era, overviewcamera, right, right_era, rightcamera",10,"['era', 'left', 'left_era', 'leftcamera', 'overview', 'overview_era', 'overviewcamera', 'right', 'right_era', 'rightcamera']",0,54,0,apache-2.0,Apache License 2.0,https://opensource.org/licenses/Apache-2.0,"This dataset was created using LeRobot.

	
		
		Dataset Structure
	

meta/info.json:
{
    ""codebase_version"": ""v2.1"",
    ""robot_type"": ""so100"",
    ""total_episodes"": 72,
    ""total_frames"": 32751,
 ...",2025-05-09 05:16:40+00:00
kkurzweil/so100_wrist_03,https://huggingface.co/datasets/kkurzweil/so100_wrist_03,https://huggingface.co/spaces/lerobot/visualize_dataset?path=kkurzweil/so100_wrist_03,2025-05-18 17:40:48,SO100,101,309,202,45.0,480x640,30.0,151.5,3,"top, wrist",2,"['top', 'wrist']",0,198,0,apache-2.0,Apache License 2.0,https://opensource.org/licenses/Apache-2.0,"This dataset was created using LeRobot.

	
		
		Dataset Structure
	

meta/info.json:
{
    ""codebase_version"": ""v2.1"",
    ""robot_type"": ""so100"",
    ""total_episodes"": 101,
    ""total_frames"": 16654,
...",2025-05-18 17:41:27+00:00
jchun/so100_pickplace_small_20250323_120056,https://huggingface.co/datasets/jchun/so100_pickplace_small_20250323_120056,https://huggingface.co/spaces/lerobot/visualize_dataset?path=jchun/so100_pickplace_small_20250323_120056,2025-03-23 20:23:18,SO100,101,411,303,45.0,480x640,30.0,227.2,3,"cv, main, web, webcam",4,"['cv', 'main', 'web', 'webcam']",0,85,1,apache-2.0,Apache License 2.0,https://opensource.org/licenses/Apache-2.0,"This dataset was created using LeRobot.

	
		
		Dataset Structure
	

meta/info.json:
{
    ""codebase_version"": ""v2.1"",
    ""robot_type"": ""so100"",
    ""total_episodes"": 101,
    ""total_frames"": 86219,
...",2025-03-23 20:27:30+00:00
allenchienxxx/so100_block_mug,https://huggingface.co/datasets/allenchienxxx/so100_block_mug,https://huggingface.co/spaces/lerobot/visualize_dataset?path=allenchienxxx/so100_block_mug,2025-04-30 20:28:27,SO100,101,309,202,45.0,480x640,30.0,151.5,3,"laptop, phone",2,"['laptop', 'phone']",0,70,0,apache-2.0,Apache License 2.0,https://opensource.org/licenses/Apache-2.0,"This dataset was created using LeRobot.

	
		
		Dataset Structure
	

meta/info.json:
{
    ""codebase_version"": ""v2.1"",
    ""robot_type"": ""so100"",
    ""total_episodes"": 10,
    ""total_frames"": 8938,
  ...",2025-04-30 22:52:05+00:00
weiye11/so100_410_zwy,https://huggingface.co/datasets/weiye11/so100_410_zwy,https://huggingface.co/spaces/lerobot/visualize_dataset?path=weiye11/so100_410_zwy,2025-04-10 05:50:12,SO100,101,309,202,45.0,480x640,30.0,151.5,3,"top, wrist_left",2,"['top', 'wrist_left']",0,84,0,apache-2.0,Apache License 2.0,https://opensource.org/licenses/Apache-2.0,"This dataset was created using LeRobot.

	
		
		Dataset Structure
	

meta/info.json:
{
    ""codebase_version"": ""v2.1"",
    ""robot_type"": ""so100"",
    ""total_episodes"": 101,
    ""total_frames"": 36046,
...",2025-04-10 05:53:13+00:00
Taka-Hashimoto/so100_glue_dataset,https://huggingface.co/datasets/Taka-Hashimoto/so100_glue_dataset,https://huggingface.co/spaces/lerobot/visualize_dataset?path=Taka-Hashimoto/so100_glue_dataset,2025-04-24 10:19:10,SO100,101,208,101,30.0,480x640,30.0,50.5,3,"web, webcam",2,"['web', 'webcam']",0,45,0,apache-2.0,Apache License 2.0,https://opensource.org/licenses/Apache-2.0,"This dataset was created using LeRobot.

	
		
		Dataset Structure
	

meta/info.json:
{
    ""codebase_version"": ""v2.1"",
    ""robot_type"": ""so100"",
    ""total_episodes"": 3,
    ""total_frames"": 2868,
   ...",2025-04-26 12:08:45+00:00
sixpigs1/so100_pick_cube_in_box,https://huggingface.co/datasets/sixpigs1/so100_pick_cube_in_box,https://huggingface.co/spaces/lerobot/visualize_dataset?path=sixpigs1/so100_pick_cube_in_box,2025-03-30 10:08:53,SO100,100,306,200,45.0,480x640,30.0,150.0,3,"above, rightfront",2,"['above', 'rightfront']",0,79,0,apache-2.0,Apache License 2.0,https://opensource.org/licenses/Apache-2.0,"This dataset was created using LeRobot.

	
		
		Dataset Structure
	

meta/info.json:
{
    ""codebase_version"": ""v2.1"",
    ""robot_type"": ""so100"",
    ""total_episodes"": 10,
    ""total_frames"": 4210,
  ...",2025-03-30 12:44:38+00:00
nbaron99/so100_pick_and_place4,https://huggingface.co/datasets/nbaron99/so100_pick_and_place4,https://huggingface.co/spaces/lerobot/visualize_dataset?path=nbaron99/so100_pick_and_place4,2025-01-28 21:08:32,SO100,100,306,200,45.0,480x640,30.0,150.0,3,"laptop, phone",2,"['laptop', 'phone']",0,83,0,apache-2.0,Apache License 2.0,https://opensource.org/licenses/Apache-2.0,"This dataset was created using LeRobot.

	
		
		Dataset Structure
	

meta/info.json:
{
    ""codebase_version"": ""v2.0"",
    ""robot_type"": ""so100"",
    ""total_episodes"": 100,
    ""total_frames"": 29591,
...",2025-01-28 21:14:04+00:00
ganker5/so100_toy_20250402,https://huggingface.co/datasets/ganker5/so100_toy_20250402,https://huggingface.co/spaces/lerobot/visualize_dataset?path=ganker5/so100_toy_20250402,2025-04-02 02:36:36,SO100,100,306,200,45.0,480x640,30.0,150.0,3,"laptop, phone",2,"['laptop', 'phone']",0,75,0,apache-2.0,Apache License 2.0,https://opensource.org/licenses/Apache-2.0,"This dataset was created using LeRobot.

	
		
		Dataset Structure
	

meta/info.json:
{
    ""codebase_version"": ""v2.1"",
    ""robot_type"": ""so100"",
    ""total_episodes"": 10,
    ""total_frames"": 4946,
  ...",2025-04-02 03:33:53+00:00
SeanLMH/so100_picknplace,https://huggingface.co/datasets/SeanLMH/so100_picknplace,https://huggingface.co/spaces/lerobot/visualize_dataset?path=SeanLMH/so100_picknplace,2025-01-27 05:41:43,SO100,100,306,200,45.0,480x640,30.0,150.0,3,"front, overhead",2,"['front', 'overhead']",0,69,0,apache-2.0,Apache License 2.0,https://opensource.org/licenses/Apache-2.0,"This dataset was created using LeRobot.

	
		
		Dataset Structure
	

meta/info.json:
{
    ""codebase_version"": ""v2.0"",
    ""robot_type"": ""so100"",
    ""total_episodes"": 100,
    ""total_frames"": 36379,
...",2025-01-27 06:26:59+00:00
Yotofu/so100_pen_stereo,https://huggingface.co/datasets/Yotofu/so100_pen_stereo,https://huggingface.co/spaces/lerobot/visualize_dataset?path=Yotofu/so100_pen_stereo,2024-11-17 09:51:53,SO100,100,106,100,45.0,480x640,30.0,75.0,3,"front_episode_000000, front_episode_000001, front_episode_000002, front_episode_000003, front_episode_000004, front_episode_000005, front_episode_000006, front_episode_000007, front_episode_000008, front_episode_000009, front_episode_000010, front_episode_000011, front_episode_000012, front_episode_000013, front_episode_000014, front_episode_000015, front_episode_000016, front_episode_000017, front_episode_000018, front_episode_000019, front_episode_000020, front_episode_000021, front_episode_000022, front_episode_000023, front_episode_000024, front_episode_000025, front_episode_000026, front_episode_000027, front_episode_000028, front_episode_000029, front_episode_000030, front_episode_000031, front_episode_000032, front_episode_000033, front_episode_000034, front_episode_000035, front_episode_000036, front_episode_000037, front_episode_000038, front_episode_000039, front_episode_000040, front_episode_000041, front_episode_000042, front_episode_000043, front_episode_000044, front_episode_000045, front_episode_000046, front_episode_000047, front_episode_000048, front_episode_000049, front_episode_000050, front_episode_000051, front_episode_000052, front_episode_000053, front_episode_000054, front_episode_000055, front_episode_000056, front_episode_000057, front_episode_000058, front_episode_000059, front_episode_000060, front_episode_000061, front_episode_000062, front_episode_000063, front_episode_000064, front_episode_000065, front_episode_000066, front_episode_000067, front_episode_000068, front_episode_000069, front_episode_000070, front_episode_000071, front_episode_000072, front_episode_000073, front_episode_000074, front_episode_000075, front_episode_000076, front_episode_000077, front_episode_000078, front_episode_000079, front_episode_000080, front_episode_000081, front_episode_000082, front_episode_000083, front_episode_000084, front_episode_000085, front_episode_000086, front_episode_000087, front_episode_000088, front_episode_000089, front_episode_000090, front_episode_000091, front_episode_000092, front_episode_000093, front_episode_000094, front_episode_000095, front_episode_000096, front_episode_000097, front_episode_000098, front_episode_000099",100,"['front_episode_000000', 'front_episode_000001', 'front_episode_000002', 'front_episode_000003', 'front_episode_000004', 'front_episode_000005', 'front_episode_000006', 'front_episode_000007', 'front_episode_000008', 'front_episode_000009', 'front_episode_000010', 'front_episode_000011', 'front_episode_000012', 'front_episode_000013', 'front_episode_000014', 'front_episode_000015', 'front_episode_000016', 'front_episode_000017', 'front_episode_000018', 'front_episode_000019', 'front_episode_000020', 'front_episode_000021', 'front_episode_000022', 'front_episode_000023', 'front_episode_000024', 'front_episode_000025', 'front_episode_000026', 'front_episode_000027', 'front_episode_000028', 'front_episode_000029', 'front_episode_000030', 'front_episode_000031', 'front_episode_000032', 'front_episode_000033', 'front_episode_000034', 'front_episode_000035', 'front_episode_000036', 'front_episode_000037', 'front_episode_000038', 'front_episode_000039', 'front_episode_000040', 'front_episode_000041', 'front_episode_000042', 'front_episode_000043', 'front_episode_000044', 'front_episode_000045', 'front_episode_000046', 'front_episode_000047', 'front_episode_000048', 'front_episode_000049', 'front_episode_000050', 'front_episode_000051', 'front_episode_000052', 'front_episode_000053', 'front_episode_000054', 'front_episode_000055', 'front_episode_000056', 'front_episode_000057', 'front_episode_000058', 'front_episode_000059', 'front_episode_000060', 'front_episode_000061', 'front_episode_000062', 'front_episode_000063', 'front_episode_000064', 'front_episode_000065', 'front_episode_000066', 'front_episode_000067', 'front_episode_000068', 'front_episode_000069', 'front_episode_000070', 'front_episode_000071', 'front_episode_000072', 'front_episode_000073', 'front_episode_000074', 'front_episode_000075', 'front_episode_000076', 'front_episode_000077', 'front_episode_000078', 'front_episode_000079', 'front_episode_000080', 'front_episode_000081', 'front_episode_000082', 'front_episode_000083', 'front_episode_000084', 'front_episode_000085', 'front_episode_000086', 'front_episode_000087', 'front_episode_000088', 'front_episode_000089', 'front_episode_000090', 'front_episode_000091', 'front_episode_000092', 'front_episode_000093', 'front_episode_000094', 'front_episode_000095', 'front_episode_000096', 'front_episode_000097', 'front_episode_000098', 'front_episode_000099']",0,39,0,Unknown,Unknown,,"This dataset was created using LeRobot.
...",2024-11-18 14:29:33+00:00
Yotofu/so100_cube_opencv_two,https://huggingface.co/datasets/Yotofu/so100_cube_opencv_two,https://huggingface.co/spaces/lerobot/visualize_dataset?path=Yotofu/so100_cube_opencv_two,2024-11-22 13:09:39,SO100,100,206,200,45.0,480x640,30.0,150.0,3,"end_episode_000000, end_episode_000001, end_episode_000002, end_episode_000003, end_episode_000004, end_episode_000005, end_episode_000006, end_episode_000007, end_episode_000008, end_episode_000009, end_episode_000010, end_episode_000011, end_episode_000012, end_episode_000013, end_episode_000014, end_episode_000015, end_episode_000016, end_episode_000017, end_episode_000018, end_episode_000019, end_episode_000020, end_episode_000021, end_episode_000022, end_episode_000023, end_episode_000024, end_episode_000025, end_episode_000026, end_episode_000027, end_episode_000028, end_episode_000029, end_episode_000030, end_episode_000031, end_episode_000032, end_episode_000033, end_episode_000034, end_episode_000035, end_episode_000036, end_episode_000037, end_episode_000038, end_episode_000039, end_episode_000040, end_episode_000041, end_episode_000042, end_episode_000043, end_episode_000044, end_episode_000045, end_episode_000046, end_episode_000047, end_episode_000048, end_episode_000049, end_episode_000050, end_episode_000051, end_episode_000052, end_episode_000053, end_episode_000054, end_episode_000055, end_episode_000056, end_episode_000057, end_episode_000058, end_episode_000059, end_episode_000060, end_episode_000061, end_episode_000062, end_episode_000063, end_episode_000064, end_episode_000065, end_episode_000066, end_episode_000067, end_episode_000068, end_episode_000069, end_episode_000070, end_episode_000071, end_episode_000072, end_episode_000073, end_episode_000074, end_episode_000075, end_episode_000076, end_episode_000077, end_episode_000078, end_episode_000079, end_episode_000080, end_episode_000081, end_episode_000082, end_episode_000083, end_episode_000084, end_episode_000085, end_episode_000086, end_episode_000087, end_episode_000088, end_episode_000089, end_episode_000090, end_episode_000091, end_episode_000092, end_episode_000093, end_episode_000094, end_episode_000095, end_episode_000096, end_episode_000097, end_episode_000098, end_episode_000099, rgb_episode_000000, rgb_episode_000001, rgb_episode_000002, rgb_episode_000003, rgb_episode_000004, rgb_episode_000005, rgb_episode_000006, rgb_episode_000007, rgb_episode_000008, rgb_episode_000009, rgb_episode_000010, rgb_episode_000011, rgb_episode_000012, rgb_episode_000013, rgb_episode_000014, rgb_episode_000015, rgb_episode_000016, rgb_episode_000017, rgb_episode_000018, rgb_episode_000019, rgb_episode_000020, rgb_episode_000021, rgb_episode_000022, rgb_episode_000023, rgb_episode_000024, rgb_episode_000025, rgb_episode_000026, rgb_episode_000027, rgb_episode_000028, rgb_episode_000029, rgb_episode_000030, rgb_episode_000031, rgb_episode_000032, rgb_episode_000033, rgb_episode_000034, rgb_episode_000035, rgb_episode_000036, rgb_episode_000037, rgb_episode_000038, rgb_episode_000039, rgb_episode_000040, rgb_episode_000041, rgb_episode_000042, rgb_episode_000043, rgb_episode_000044, rgb_episode_000045, rgb_episode_000046, rgb_episode_000047, rgb_episode_000048, rgb_episode_000049, rgb_episode_000050, rgb_episode_000051, rgb_episode_000052, rgb_episode_000053, rgb_episode_000054, rgb_episode_000055, rgb_episode_000056, rgb_episode_000057, rgb_episode_000058, rgb_episode_000059, rgb_episode_000060, rgb_episode_000061, rgb_episode_000062, rgb_episode_000063, rgb_episode_000064, rgb_episode_000065, rgb_episode_000066, rgb_episode_000067, rgb_episode_000068, rgb_episode_000069, rgb_episode_000070, rgb_episode_000071, rgb_episode_000072, rgb_episode_000073, rgb_episode_000074, rgb_episode_000075, rgb_episode_000076, rgb_episode_000077, rgb_episode_000078, rgb_episode_000079, rgb_episode_000080, rgb_episode_000081, rgb_episode_000082, rgb_episode_000083, rgb_episode_000084, rgb_episode_000085, rgb_episode_000086, rgb_episode_000087, rgb_episode_000088, rgb_episode_000089, rgb_episode_000090, rgb_episode_000091, rgb_episode_000092, rgb_episode_000093, rgb_episode_000094, rgb_episode_000095, rgb_episode_000096, rgb_episode_000097, rgb_episode_000098, rgb_episode_000099",200,"['end_episode_000000', 'end_episode_000001', 'end_episode_000002', 'end_episode_000003', 'end_episode_000004', 'end_episode_000005', 'end_episode_000006', 'end_episode_000007', 'end_episode_000008', 'end_episode_000009', 'end_episode_000010', 'end_episode_000011', 'end_episode_000012', 'end_episode_000013', 'end_episode_000014', 'end_episode_000015', 'end_episode_000016', 'end_episode_000017', 'end_episode_000018', 'end_episode_000019', 'end_episode_000020', 'end_episode_000021', 'end_episode_000022', 'end_episode_000023', 'end_episode_000024', 'end_episode_000025', 'end_episode_000026', 'end_episode_000027', 'end_episode_000028', 'end_episode_000029', 'end_episode_000030', 'end_episode_000031', 'end_episode_000032', 'end_episode_000033', 'end_episode_000034', 'end_episode_000035', 'end_episode_000036', 'end_episode_000037', 'end_episode_000038', 'end_episode_000039', 'end_episode_000040', 'end_episode_000041', 'end_episode_000042', 'end_episode_000043', 'end_episode_000044', 'end_episode_000045', 'end_episode_000046', 'end_episode_000047', 'end_episode_000048', 'end_episode_000049', 'end_episode_000050', 'end_episode_000051', 'end_episode_000052', 'end_episode_000053', 'end_episode_000054', 'end_episode_000055', 'end_episode_000056', 'end_episode_000057', 'end_episode_000058', 'end_episode_000059', 'end_episode_000060', 'end_episode_000061', 'end_episode_000062', 'end_episode_000063', 'end_episode_000064', 'end_episode_000065', 'end_episode_000066', 'end_episode_000067', 'end_episode_000068', 'end_episode_000069', 'end_episode_000070', 'end_episode_000071', 'end_episode_000072', 'end_episode_000073', 'end_episode_000074', 'end_episode_000075', 'end_episode_000076', 'end_episode_000077', 'end_episode_000078', 'end_episode_000079', 'end_episode_000080', 'end_episode_000081', 'end_episode_000082', 'end_episode_000083', 'end_episode_000084', 'end_episode_000085', 'end_episode_000086', 'end_episode_000087', 'end_episode_000088', 'end_episode_000089', 'end_episode_000090', 'end_episode_000091', 'end_episode_000092', 'end_episode_000093', 'end_episode_000094', 'end_episode_000095', 'end_episode_000096', 'end_episode_000097', 'end_episode_000098', 'end_episode_000099', 'rgb_episode_000000', 'rgb_episode_000001', 'rgb_episode_000002', 'rgb_episode_000003', 'rgb_episode_000004', 'rgb_episode_000005', 'rgb_episode_000006', 'rgb_episode_000007', 'rgb_episode_000008', 'rgb_episode_000009', 'rgb_episode_000010', 'rgb_episode_000011', 'rgb_episode_000012', 'rgb_episode_000013', 'rgb_episode_000014', 'rgb_episode_000015', 'rgb_episode_000016', 'rgb_episode_000017', 'rgb_episode_000018', 'rgb_episode_000019', 'rgb_episode_000020', 'rgb_episode_000021', 'rgb_episode_000022', 'rgb_episode_000023', 'rgb_episode_000024', 'rgb_episode_000025', 'rgb_episode_000026', 'rgb_episode_000027', 'rgb_episode_000028', 'rgb_episode_000029', 'rgb_episode_000030', 'rgb_episode_000031', 'rgb_episode_000032', 'rgb_episode_000033', 'rgb_episode_000034', 'rgb_episode_000035', 'rgb_episode_000036', 'rgb_episode_000037', 'rgb_episode_000038', 'rgb_episode_000039', 'rgb_episode_000040', 'rgb_episode_000041', 'rgb_episode_000042', 'rgb_episode_000043', 'rgb_episode_000044', 'rgb_episode_000045', 'rgb_episode_000046', 'rgb_episode_000047', 'rgb_episode_000048', 'rgb_episode_000049', 'rgb_episode_000050', 'rgb_episode_000051', 'rgb_episode_000052', 'rgb_episode_000053', 'rgb_episode_000054', 'rgb_episode_000055', 'rgb_episode_000056', 'rgb_episode_000057', 'rgb_episode_000058', 'rgb_episode_000059', 'rgb_episode_000060', 'rgb_episode_000061', 'rgb_episode_000062', 'rgb_episode_000063', 'rgb_episode_000064', 'rgb_episode_000065', 'rgb_episode_000066', 'rgb_episode_000067', 'rgb_episode_000068', 'rgb_episode_000069', 'rgb_episode_000070', 'rgb_episode_000071', 'rgb_episode_000072', 'rgb_episode_000073', 'rgb_episode_000074', 'rgb_episode_000075', 'rgb_episode_000076', 'rgb_episode_000077', 'rgb_episode_000078', 'rgb_episode_000079', 'rgb_episode_000080', 'rgb_episode_000081', 'rgb_episode_000082', 'rgb_episode_000083', 'rgb_episode_000084', 'rgb_episode_000085', 'rgb_episode_000086', 'rgb_episode_000087', 'rgb_episode_000088', 'rgb_episode_000089', 'rgb_episode_000090', 'rgb_episode_000091', 'rgb_episode_000092', 'rgb_episode_000093', 'rgb_episode_000094', 'rgb_episode_000095', 'rgb_episode_000096', 'rgb_episode_000097', 'rgb_episode_000098', 'rgb_episode_000099']",0,31,0,Unknown,Unknown,,"This dataset was created using LeRobot.
...",2024-11-23 04:07:38+00:00
ethanmclark1/so100_test,https://huggingface.co/datasets/ethanmclark1/so100_test,https://huggingface.co/spaces/lerobot/visualize_dataset?path=ethanmclark1/so100_test,2025-06-01 20:55:30,SO100,100,306,200,45.0,480x640,30.0,150.0,3,"laptop, phone",2,"['laptop', 'phone']",0,708,0,apache-2.0,Apache License 2.0,https://opensource.org/licenses/Apache-2.0,"This dataset was created using LeRobot.

	
		
		Dataset Structure
	

meta/info.json:
{
    ""codebase_version"": ""v2.1"",
    ""robot_type"": ""so100"",
    ""total_episodes"": 100,
    ""total_frames"": 33386,
...",2025-06-01 20:56:04+00:00
weiye11/so100_423_pick,https://huggingface.co/datasets/weiye11/so100_423_pick,https://huggingface.co/spaces/lerobot/visualize_dataset?path=weiye11/so100_423_pick,2025-04-23 09:11:35,SO100,100,306,200,45.0,480x640,30.0,150.0,3,"top, wrist_left",2,"['top', 'wrist_left']",0,47,0,apache-2.0,Apache License 2.0,https://opensource.org/licenses/Apache-2.0,"This dataset was created using LeRobot.

	
		
		Dataset Structure
	

meta/info.json:
{
    ""codebase_version"": ""v2.1"",
    ""robot_type"": ""so100"",
    ""total_episodes"": 100,
    ""total_frames"": 30661,
...",2025-04-23 09:14:51+00:00
danaaubakirova/svla_so100_task4_v3_multiple,https://huggingface.co/datasets/danaaubakirova/svla_so100_task4_v3_multiple,https://huggingface.co/spaces/lerobot/visualize_dataset?path=danaaubakirova/svla_so100_task4_v3_multiple,2025-05-12 15:34:13,SO100,100,306,200,45.0,480x640,30.0,150.0,3,"top, wrist",2,"['top', 'wrist']",0,349,2,apache-2.0,Apache License 2.0,https://opensource.org/licenses/Apache-2.0,"This dataset was created using LeRobot.

	
		
		Dataset Structure
	

meta/info.json:
{
    ""codebase_version"": ""v2.1"",
    ""robot_type"": ""so100"",
    ""total_episodes"": 100,
    ""total_frames"": 48562,
...",2025-05-12 15:35:04+00:00
chocolat-nya/so100_test7,https://huggingface.co/datasets/chocolat-nya/so100_test7,https://huggingface.co/spaces/lerobot/visualize_dataset?path=chocolat-nya/so100_test7,2025-05-18 00:43:04,SO100,100,306,200,45.0,480x640,30.0,150.0,3,"laptop1, laptop2",2,"['laptop1', 'laptop2']",0,190,0,apache-2.0,Apache License 2.0,https://opensource.org/licenses/Apache-2.0,"This dataset was created using LeRobot.

	
		
		Dataset Structure
	

meta/info.json:
{
    ""codebase_version"": ""v2.1"",
    ""robot_type"": ""so100"",
    ""total_episodes"": 100,
    ""total_frames"": 119107,...",2025-05-18 00:44:04+00:00
Taka-Hashimoto/so100_touch_dataset,https://huggingface.co/datasets/Taka-Hashimoto/so100_touch_dataset,https://huggingface.co/spaces/lerobot/visualize_dataset?path=Taka-Hashimoto/so100_touch_dataset,2025-04-27 05:25:04,SO100,100,206,100,30.0,480x640,30.0,50.0,3,"web, webcam",2,"['web', 'webcam']",0,33,0,apache-2.0,Apache License 2.0,https://opensource.org/licenses/Apache-2.0,"This dataset was created using LeRobot.

	
		
		Dataset Structure
	

meta/info.json:
{
    ""codebase_version"": ""v2.1"",
    ""robot_type"": ""so100"",
    ""total_episodes"": 100,
    ""total_frames"": 5474,
 ...",2025-04-27 05:25:37+00:00
kyomangold/so100_ttt_A1_v2,https://huggingface.co/datasets/kyomangold/so100_ttt_A1_v2,https://huggingface.co/spaces/lerobot/visualize_dataset?path=kyomangold/so100_ttt_A1_v2,2025-05-10 14:27:49,SO100,100,306,200,45.0,480x640,30.0,150.0,3,"laptop, phone",2,"['laptop', 'phone']",0,63,0,apache-2.0,Apache License 2.0,https://opensource.org/licenses/Apache-2.0,"This dataset was created using LeRobot.

	
		
		Dataset Structure
	

meta/info.json:
{
    ""codebase_version"": ""v2.1"",
    ""robot_type"": ""so100"",
    ""total_episodes"": 100,
    ""total_frames"": 50800,
...",2025-05-10 14:29:10+00:00
smanni/train_so100_pick_place_bear,https://huggingface.co/datasets/smanni/train_so100_pick_place_bear,https://huggingface.co/spaces/lerobot/visualize_dataset?path=smanni/train_so100_pick_place_bear,2025-05-26 15:17:54,SO100,100,206,100,45.0,480x640,30.0,75.0,3,intel_realsense,1,['intel_realsense'],0,180,0,apache-2.0,Apache License 2.0,https://opensource.org/licenses/Apache-2.0,"This dataset was created using LeRobot.

	
		
		Dataset Structure
	

meta/info.json:
{
    ""codebase_version"": ""v2.1"",
    ""robot_type"": ""so100"",
    ""total_episodes"": 100,
    ""total_frames"": 60329,
...",2025-05-26 15:18:20+00:00
smanni/train_so100_pick_place_pencil_eraser,https://huggingface.co/datasets/smanni/train_so100_pick_place_pencil_eraser,https://huggingface.co/spaces/lerobot/visualize_dataset?path=smanni/train_so100_pick_place_pencil_eraser,2025-05-27 09:02:21,SO100,100,206,100,45.0,480x640,30.0,75.0,3,intel_realsense,1,['intel_realsense'],0,177,0,apache-2.0,Apache License 2.0,https://opensource.org/licenses/Apache-2.0,"This dataset was created using LeRobot.

	
		
		Dataset Structure
	

meta/info.json:
{
    ""codebase_version"": ""v2.1"",
    ""robot_type"": ""so100"",
    ""total_episodes"": 100,
    ""total_frames"": 89593,
...",2025-05-27 09:02:49+00:00
aaronsu11/so100_lego,https://huggingface.co/datasets/aaronsu11/so100_lego,https://huggingface.co/spaces/lerobot/visualize_dataset?path=aaronsu11/so100_lego,2025-05-09 06:51:25,SO100,100,308,200,30.0,480x640,30.0,100.0,3,"arm_, arm__era, arm_camera, era, top_, top__era, top_camera",7,"['arm_', 'arm__era', 'arm_camera', 'era', 'top_', 'top__era', 'top_camera']",0,304,0,apache-2.0,Apache License 2.0,https://opensource.org/licenses/Apache-2.0,"This dataset was created using LeRobot.

	
		
		Dataset Structure
	

meta/info.json:
{
    ""codebase_version"": ""v2.1"",
    ""robot_type"": ""so100"",
    ""total_episodes"": 20,
    ""total_frames"": 11149,
 ...",2025-05-22 12:55:16+00:00
smanni/train_so100_pick_place_pencilsharpener,https://huggingface.co/datasets/smanni/train_so100_pick_place_pencilsharpener,https://huggingface.co/spaces/lerobot/visualize_dataset?path=smanni/train_so100_pick_place_pencilsharpener,2025-05-27 09:30:17,SO100,100,206,100,45.0,480x640,30.0,75.0,3,intel_realsense,1,['intel_realsense'],0,192,0,apache-2.0,Apache License 2.0,https://opensource.org/licenses/Apache-2.0,"This dataset was created using LeRobot.

	
		
		Dataset Structure
	

meta/info.json:
{
    ""codebase_version"": ""v2.1"",
    ""robot_type"": ""so100"",
    ""total_episodes"": 41,
    ""total_frames"": 24479,
 ...",2025-05-27 10:08:07+00:00
chocolat-nya/so100_test,https://huggingface.co/datasets/chocolat-nya/so100_test,https://huggingface.co/spaces/lerobot/visualize_dataset?path=chocolat-nya/so100_test,2025-05-01 13:12:27,SO100,100,306,200,45.0,480x640,30.0,150.0,3,"laptop1, laptop2",2,"['laptop1', 'laptop2']",0,54,0,apache-2.0,Apache License 2.0,https://opensource.org/licenses/Apache-2.0,"This dataset was created using LeRobot.

	
		
		Dataset Structure
	

meta/info.json:
{
    ""codebase_version"": ""v2.1"",
    ""robot_type"": ""so100"",
    ""total_episodes"": 2,
    ""total_frames"": 1786,
   ...",2025-05-01 16:20:31+00:00
seonixx/so100_test_v3,https://huggingface.co/datasets/seonixx/so100_test_v3,https://huggingface.co/spaces/lerobot/visualize_dataset?path=seonixx/so100_test_v3,2025-06-05 14:40:10,SO100,100,307,200,45.0,480x640,30.0,150.0,3,"top, wrist",2,"['top', 'wrist']",0,284,0,apache-2.0,Apache License 2.0,https://opensource.org/licenses/Apache-2.0,"This dataset was created using LeRobot.

	
		
		Dataset Structure
	

meta/info.json:
{
    ""codebase_version"": ""v2.1"",
    ""robot_type"": ""so100"",
    ""total_episodes"": 100,
    ""total_frames"": 59693,
...",2025-06-05 17:51:54+00:00
romanovvv1987/so100_test_act3,https://huggingface.co/datasets/romanovvv1987/so100_test_act3,https://huggingface.co/spaces/lerobot/visualize_dataset?path=romanovvv1987/so100_test_act3,2025-04-30 11:23:13,SO100,100,306,200,45.0,480x640,30.0,150.0,3,"laptop, web, webcam",3,"['laptop', 'web', 'webcam']",0,40,0,apache-2.0,Apache License 2.0,https://opensource.org/licenses/Apache-2.0,"This dataset was created using LeRobot.

	
		
		Dataset Structure
	

meta/info.json:
{
    ""codebase_version"": ""v2.1"",
    ""robot_type"": ""so100"",
    ""total_episodes"": 100,
    ""total_frames"": 24723,
...",2025-04-30 11:25:16+00:00
jpata/so100_pick_place_tangerine,https://huggingface.co/datasets/jpata/so100_pick_place_tangerine,https://huggingface.co/spaces/lerobot/visualize_dataset?path=jpata/so100_pick_place_tangerine,2024-12-26 15:53:18,SO100,100,309,200,45.0,480x640,30.0,150.0,3,"laptop, phone",2,"['laptop', 'phone']",0,109,0,apache-2.0,Apache License 2.0,https://opensource.org/licenses/Apache-2.0,"This dataset was created using LeRobot.

	
		
		Dataset Structure
	

meta/info.json:
{
    ""codebase_version"": ""v2.0"",
    ""robot_type"": ""so100"",
    ""total_episodes"": 100,
    ""total_frames"": 23926,
...",2024-12-27 17:21:06+00:00
DorayakiLin/yzw_so100_stack_cube_to_test_gr00t_wrist_v2,https://huggingface.co/datasets/DorayakiLin/yzw_so100_stack_cube_to_test_gr00t_wrist_v2,https://huggingface.co/spaces/lerobot/visualize_dataset?path=DorayakiLin/yzw_so100_stack_cube_to_test_gr00t_wrist_v2,2025-04-23 04:29:10,SO100,100,306,200,45.0,480x640,30.0,150.0,3,"above, wrist",2,"['above', 'wrist']",0,72,0,apache-2.0,Apache License 2.0,https://opensource.org/licenses/Apache-2.0,"This dataset was created using LeRobot.

	
		
		Dataset Structure
	

meta/info.json:
{
    ""codebase_version"": ""v2.1"",
    ""robot_type"": ""so100"",
    ""total_episodes"": 20,
    ""total_frames"": 10848,
 ...",2025-04-23 05:28:57+00:00
romanovvv1987/so100_test_act19,https://huggingface.co/datasets/romanovvv1987/so100_test_act19,https://huggingface.co/spaces/lerobot/visualize_dataset?path=romanovvv1987/so100_test_act19,2025-05-14 18:59:56,SO100,100,406,300,45.0,480x640,30.0,225.0,3,"laptop, laptop2, web, webcam",4,"['laptop', 'laptop2', 'web', 'webcam']",0,280,0,apache-2.0,Apache License 2.0,https://opensource.org/licenses/Apache-2.0,"This dataset was created using LeRobot.

	
		
		Dataset Structure
	

meta/info.json:
{
    ""codebase_version"": ""v2.1"",
    ""robot_type"": ""so100"",
    ""total_episodes"": 1,
    ""total_frames"": 446,
    ...",2025-05-15 19:05:52+00:00
zero7101/so100_Dataset_14,https://huggingface.co/datasets/zero7101/so100_Dataset_14,https://huggingface.co/spaces/lerobot/visualize_dataset?path=zero7101/so100_Dataset_14,2025-06-12 20:37:08,SO100,100,305,200,30.0,480x640,30.0,100.0,3,"camera, era",2,"['camera', 'era']",0,25,0,Unknown,Unknown,,,2025-06-12 20:37:46+00:00
smanni/train_so100_upright_white_box,https://huggingface.co/datasets/smanni/train_so100_upright_white_box,https://huggingface.co/spaces/lerobot/visualize_dataset?path=smanni/train_so100_upright_white_box,2025-05-27 14:32:47,SO100,100,206,100,45.0,480x640,30.0,75.0,3,intel_realsense,1,['intel_realsense'],0,221,0,apache-2.0,Apache License 2.0,https://opensource.org/licenses/Apache-2.0,"This dataset was created using LeRobot.

	
		
		Dataset Structure
	

meta/info.json:
{
    ""codebase_version"": ""v2.1"",
    ""robot_type"": ""so100"",
    ""total_episodes"": 100,
    ""total_frames"": 59702,
...",2025-05-27 14:33:14+00:00
zaringleb/so100_cude_linear_and_2d_comb,https://huggingface.co/datasets/zaringleb/so100_cude_linear_and_2d_comb,https://huggingface.co/spaces/lerobot/visualize_dataset?path=zaringleb/so100_cude_linear_and_2d_comb,2025-04-05 23:12:09,SO100,100,207,100,30.0,480x640,30.0,50.0,3,"cam_high, high",2,"['cam_high', 'high']",0,60,0,apache-2.0,Apache License 2.0,https://opensource.org/licenses/Apache-2.0,"This dataset was created using LeRobot.

	
		
		Dataset Structure
	

meta/info.json:
{
    ""codebase_version"": ""v2.0"",
    ""robot_type"": ""so100"",
    ""total_episodes"": 100,
    ""total_frames"": 27116,
...",2025-04-05 23:17:04+00:00
HITHY/so100_peach3,https://huggingface.co/datasets/HITHY/so100_peach3,https://huggingface.co/spaces/lerobot/visualize_dataset?path=HITHY/so100_peach3,2025-02-16 06:50:42,SO100,100,206,100,45.0,480x640,30.0,75.0,3,laptop,1,['laptop'],0,70,0,apache-2.0,Apache License 2.0,https://opensource.org/licenses/Apache-2.0,"This dataset was created using LeRobot.

	
		
		Dataset Structure
	

meta/info.json:
{
    ""codebase_version"": ""v2.0"",
    ""robot_type"": ""so100"",
    ""total_episodes"": 100,
    ""total_frames"": 26634,
...",2025-02-16 06:51:55+00:00
smanni/train_so100_pick_place_purple_object,https://huggingface.co/datasets/smanni/train_so100_pick_place_purple_object,https://huggingface.co/spaces/lerobot/visualize_dataset?path=smanni/train_so100_pick_place_purple_object,2025-05-28 11:13:46,SO100,100,206,100,45.0,480x640,30.0,75.0,3,intel_realsense,1,['intel_realsense'],0,174,0,apache-2.0,Apache License 2.0,https://opensource.org/licenses/Apache-2.0,"This dataset was created using LeRobot.

	
		
		Dataset Structure
	

meta/info.json:
{
    ""codebase_version"": ""v2.1"",
    ""robot_type"": ""so100"",
    ""total_episodes"": 100,
    ""total_frames"": 44800,
...",2025-05-28 11:14:10+00:00
Loki0929/so100_100,https://huggingface.co/datasets/Loki0929/so100_100,https://huggingface.co/spaces/lerobot/visualize_dataset?path=Loki0929/so100_100,2025-02-27 09:43:41,SO100,100,306,200,45.0,480x640,30.0,150.0,3,"laptop, phone",2,"['laptop', 'phone']",0,74,0,apache-2.0,Apache License 2.0,https://opensource.org/licenses/Apache-2.0,"This dataset was created using LeRobot.

	
		
		Dataset Structure
	

meta/info.json:
{
    ""codebase_version"": ""v2.0"",
    ""robot_type"": ""so100"",
    ""total_episodes"": 100,
    ""total_frames"": 38280,
...",2025-02-28 08:01:36+00:00
ChopinChen/eai-so100-shake-hands,https://huggingface.co/datasets/ChopinChen/eai-so100-shake-hands,https://huggingface.co/spaces/lerobot/visualize_dataset?path=ChopinChen/eai-so100-shake-hands,2025-03-09 15:58:54,SO100,100,306,200,45.0,480x640,30.0,150.0,3,"laptop, phone",2,"['laptop', 'phone']",0,39,0,mit,MIT License,https://opensource.org/licenses/MIT,,2025-03-10 15:19:56+00:00
ChopinChen/eai-so100-pick-and-place-car-block,https://huggingface.co/datasets/ChopinChen/eai-so100-pick-and-place-car-block,https://huggingface.co/spaces/lerobot/visualize_dataset?path=ChopinChen/eai-so100-pick-and-place-car-block,2025-03-09 03:39:22,SO100,100,306,200,45.0,480x640,30.0,150.0,3,"laptop, phone",2,"['laptop', 'phone']",0,48,0,mit,MIT License,https://opensource.org/licenses/MIT,,2025-03-09 03:44:18+00:00
Gurkinator/so100_pnp,https://huggingface.co/datasets/Gurkinator/so100_pnp,https://huggingface.co/spaces/lerobot/visualize_dataset?path=Gurkinator/so100_pnp,2024-11-18 23:40:20,SO100,100,206,200,45.0,480x640,30.0,150.0,3,"laptop_episode_000000, laptop_episode_000001, laptop_episode_000002, laptop_episode_000003, laptop_episode_000004, laptop_episode_000005, laptop_episode_000006, laptop_episode_000007, laptop_episode_000008, laptop_episode_000009, laptop_episode_000010, laptop_episode_000011, laptop_episode_000012, laptop_episode_000013, laptop_episode_000014, laptop_episode_000015, laptop_episode_000016, laptop_episode_000017, laptop_episode_000018, laptop_episode_000019, laptop_episode_000020, laptop_episode_000021, laptop_episode_000022, laptop_episode_000023, laptop_episode_000024, laptop_episode_000025, laptop_episode_000026, laptop_episode_000027, laptop_episode_000028, laptop_episode_000029, laptop_episode_000030, laptop_episode_000031, laptop_episode_000032, laptop_episode_000033, laptop_episode_000034, laptop_episode_000035, laptop_episode_000036, laptop_episode_000037, laptop_episode_000038, laptop_episode_000039, laptop_episode_000040, laptop_episode_000041, laptop_episode_000042, laptop_episode_000043, laptop_episode_000044, laptop_episode_000045, laptop_episode_000046, laptop_episode_000047, laptop_episode_000048, laptop_episode_000049, laptop_episode_000050, laptop_episode_000051, laptop_episode_000052, laptop_episode_000053, laptop_episode_000054, laptop_episode_000055, laptop_episode_000056, laptop_episode_000057, laptop_episode_000058, laptop_episode_000059, laptop_episode_000060, laptop_episode_000061, laptop_episode_000062, laptop_episode_000063, laptop_episode_000064, laptop_episode_000065, laptop_episode_000066, laptop_episode_000067, laptop_episode_000068, laptop_episode_000069, laptop_episode_000070, laptop_episode_000071, laptop_episode_000072, laptop_episode_000073, laptop_episode_000074, laptop_episode_000075, laptop_episode_000076, laptop_episode_000077, laptop_episode_000078, laptop_episode_000079, laptop_episode_000080, laptop_episode_000081, laptop_episode_000082, laptop_episode_000083, laptop_episode_000084, laptop_episode_000085, laptop_episode_000086, laptop_episode_000087, laptop_episode_000088, laptop_episode_000089, laptop_episode_000090, laptop_episode_000091, laptop_episode_000092, laptop_episode_000093, laptop_episode_000094, laptop_episode_000095, laptop_episode_000096, laptop_episode_000097, laptop_episode_000098, laptop_episode_000099, phone_episode_000000, phone_episode_000001, phone_episode_000002, phone_episode_000003, phone_episode_000004, phone_episode_000005, phone_episode_000006, phone_episode_000007, phone_episode_000008, phone_episode_000009, phone_episode_000010, phone_episode_000011, phone_episode_000012, phone_episode_000013, phone_episode_000014, phone_episode_000015, phone_episode_000016, phone_episode_000017, phone_episode_000018, phone_episode_000019, phone_episode_000020, phone_episode_000021, phone_episode_000022, phone_episode_000023, phone_episode_000024, phone_episode_000025, phone_episode_000026, phone_episode_000027, phone_episode_000028, phone_episode_000029, phone_episode_000030, phone_episode_000031, phone_episode_000032, phone_episode_000033, phone_episode_000034, phone_episode_000035, phone_episode_000036, phone_episode_000037, phone_episode_000038, phone_episode_000039, phone_episode_000040, phone_episode_000041, phone_episode_000042, phone_episode_000043, phone_episode_000044, phone_episode_000045, phone_episode_000046, phone_episode_000047, phone_episode_000048, phone_episode_000049, phone_episode_000050, phone_episode_000051, phone_episode_000052, phone_episode_000053, phone_episode_000054, phone_episode_000055, phone_episode_000056, phone_episode_000057, phone_episode_000058, phone_episode_000059, phone_episode_000060, phone_episode_000061, phone_episode_000062, phone_episode_000063, phone_episode_000064, phone_episode_000065, phone_episode_000066, phone_episode_000067, phone_episode_000068, phone_episode_000069, phone_episode_000070, phone_episode_000071, phone_episode_000072, phone_episode_000073, phone_episode_000074, phone_episode_000075, phone_episode_000076, phone_episode_000077, phone_episode_000078, phone_episode_000079, phone_episode_000080, phone_episode_000081, phone_episode_000082, phone_episode_000083, phone_episode_000084, phone_episode_000085, phone_episode_000086, phone_episode_000087, phone_episode_000088, phone_episode_000089, phone_episode_000090, phone_episode_000091, phone_episode_000092, phone_episode_000093, phone_episode_000094, phone_episode_000095, phone_episode_000096, phone_episode_000097, phone_episode_000098, phone_episode_000099",200,"['laptop_episode_000000', 'laptop_episode_000001', 'laptop_episode_000002', 'laptop_episode_000003', 'laptop_episode_000004', 'laptop_episode_000005', 'laptop_episode_000006', 'laptop_episode_000007', 'laptop_episode_000008', 'laptop_episode_000009', 'laptop_episode_000010', 'laptop_episode_000011', 'laptop_episode_000012', 'laptop_episode_000013', 'laptop_episode_000014', 'laptop_episode_000015', 'laptop_episode_000016', 'laptop_episode_000017', 'laptop_episode_000018', 'laptop_episode_000019', 'laptop_episode_000020', 'laptop_episode_000021', 'laptop_episode_000022', 'laptop_episode_000023', 'laptop_episode_000024', 'laptop_episode_000025', 'laptop_episode_000026', 'laptop_episode_000027', 'laptop_episode_000028', 'laptop_episode_000029', 'laptop_episode_000030', 'laptop_episode_000031', 'laptop_episode_000032', 'laptop_episode_000033', 'laptop_episode_000034', 'laptop_episode_000035', 'laptop_episode_000036', 'laptop_episode_000037', 'laptop_episode_000038', 'laptop_episode_000039', 'laptop_episode_000040', 'laptop_episode_000041', 'laptop_episode_000042', 'laptop_episode_000043', 'laptop_episode_000044', 'laptop_episode_000045', 'laptop_episode_000046', 'laptop_episode_000047', 'laptop_episode_000048', 'laptop_episode_000049', 'laptop_episode_000050', 'laptop_episode_000051', 'laptop_episode_000052', 'laptop_episode_000053', 'laptop_episode_000054', 'laptop_episode_000055', 'laptop_episode_000056', 'laptop_episode_000057', 'laptop_episode_000058', 'laptop_episode_000059', 'laptop_episode_000060', 'laptop_episode_000061', 'laptop_episode_000062', 'laptop_episode_000063', 'laptop_episode_000064', 'laptop_episode_000065', 'laptop_episode_000066', 'laptop_episode_000067', 'laptop_episode_000068', 'laptop_episode_000069', 'laptop_episode_000070', 'laptop_episode_000071', 'laptop_episode_000072', 'laptop_episode_000073', 'laptop_episode_000074', 'laptop_episode_000075', 'laptop_episode_000076', 'laptop_episode_000077', 'laptop_episode_000078', 'laptop_episode_000079', 'laptop_episode_000080', 'laptop_episode_000081', 'laptop_episode_000082', 'laptop_episode_000083', 'laptop_episode_000084', 'laptop_episode_000085', 'laptop_episode_000086', 'laptop_episode_000087', 'laptop_episode_000088', 'laptop_episode_000089', 'laptop_episode_000090', 'laptop_episode_000091', 'laptop_episode_000092', 'laptop_episode_000093', 'laptop_episode_000094', 'laptop_episode_000095', 'laptop_episode_000096', 'laptop_episode_000097', 'laptop_episode_000098', 'laptop_episode_000099', 'phone_episode_000000', 'phone_episode_000001', 'phone_episode_000002', 'phone_episode_000003', 'phone_episode_000004', 'phone_episode_000005', 'phone_episode_000006', 'phone_episode_000007', 'phone_episode_000008', 'phone_episode_000009', 'phone_episode_000010', 'phone_episode_000011', 'phone_episode_000012', 'phone_episode_000013', 'phone_episode_000014', 'phone_episode_000015', 'phone_episode_000016', 'phone_episode_000017', 'phone_episode_000018', 'phone_episode_000019', 'phone_episode_000020', 'phone_episode_000021', 'phone_episode_000022', 'phone_episode_000023', 'phone_episode_000024', 'phone_episode_000025', 'phone_episode_000026', 'phone_episode_000027', 'phone_episode_000028', 'phone_episode_000029', 'phone_episode_000030', 'phone_episode_000031', 'phone_episode_000032', 'phone_episode_000033', 'phone_episode_000034', 'phone_episode_000035', 'phone_episode_000036', 'phone_episode_000037', 'phone_episode_000038', 'phone_episode_000039', 'phone_episode_000040', 'phone_episode_000041', 'phone_episode_000042', 'phone_episode_000043', 'phone_episode_000044', 'phone_episode_000045', 'phone_episode_000046', 'phone_episode_000047', 'phone_episode_000048', 'phone_episode_000049', 'phone_episode_000050', 'phone_episode_000051', 'phone_episode_000052', 'phone_episode_000053', 'phone_episode_000054', 'phone_episode_000055', 'phone_episode_000056', 'phone_episode_000057', 'phone_episode_000058', 'phone_episode_000059', 'phone_episode_000060', 'phone_episode_000061', 'phone_episode_000062', 'phone_episode_000063', 'phone_episode_000064', 'phone_episode_000065', 'phone_episode_000066', 'phone_episode_000067', 'phone_episode_000068', 'phone_episode_000069', 'phone_episode_000070', 'phone_episode_000071', 'phone_episode_000072', 'phone_episode_000073', 'phone_episode_000074', 'phone_episode_000075', 'phone_episode_000076', 'phone_episode_000077', 'phone_episode_000078', 'phone_episode_000079', 'phone_episode_000080', 'phone_episode_000081', 'phone_episode_000082', 'phone_episode_000083', 'phone_episode_000084', 'phone_episode_000085', 'phone_episode_000086', 'phone_episode_000087', 'phone_episode_000088', 'phone_episode_000089', 'phone_episode_000090', 'phone_episode_000091', 'phone_episode_000092', 'phone_episode_000093', 'phone_episode_000094', 'phone_episode_000095', 'phone_episode_000096', 'phone_episode_000097', 'phone_episode_000098', 'phone_episode_000099']",0,58,0,Unknown,Unknown,,"This dataset was created using LeRobot.
...",2024-11-20 01:06:56+00:00
zijian2022/so100_test_122803_100_1p2c,https://huggingface.co/datasets/zijian2022/so100_test_122803_100_1p2c,https://huggingface.co/spaces/lerobot/visualize_dataset?path=zijian2022/so100_test_122803_100_1p2c,2024-12-28 21:11:12,SO100,100,306,200,45.0,480x640,30.0,150.0,3,"laptop, phone",2,"['laptop', 'phone']",0,108,0,apache-2.0,Apache License 2.0,https://opensource.org/licenses/Apache-2.0,"This dataset was created using LeRobot.

	
		
		Dataset Structure
	

meta/info.json:
{
    ""codebase_version"": ""v2.0"",
    ""robot_type"": ""so100"",
    ""total_episodes"": 100,
    ""total_frames"": 22778,
...",2024-12-28 21:12:18+00:00
356c/so100_nut_test_11,https://huggingface.co/datasets/356c/so100_nut_test_11,https://huggingface.co/spaces/lerobot/visualize_dataset?path=356c/so100_nut_test_11,2025-04-06 02:30:00,SO100,100,406,300,45.0,480x640,30.0,225.0,3,"body, overhead, side",3,"['body', 'overhead', 'side']",0,46,0,apache-2.0,Apache License 2.0,https://opensource.org/licenses/Apache-2.0,"This dataset was created using LeRobot.

	
		
		Dataset Structure
	

meta/info.json:
{
    ""codebase_version"": ""v2.1"",
    ""robot_type"": ""so100"",
    ""total_episodes"": 100,
    ""total_frames"": 38691,
...",2025-04-06 02:50:26+00:00
Mwuqiu/So100_Four_Tasks,https://huggingface.co/datasets/Mwuqiu/So100_Four_Tasks,https://huggingface.co/spaces/lerobot/visualize_dataset?path=Mwuqiu/So100_Four_Tasks,2025-06-07 13:39:47,SO100,100,306,200,45.0,480x640,30.0,150.0,3,"topview, wristview",2,"['topview', 'wristview']",0,509,0,apache-2.0,Apache License 2.0,https://opensource.org/licenses/Apache-2.0,"This dataset was created using LeRobot.

	
		
		Dataset Structure
	

meta/info.json:
{
    ""codebase_version"": ""v2.1"",
    ""robot_type"": ""so100"",
    ""total_episodes"": 10,
    ""total_frames"": 4406,
  ...",2025-06-09 05:01:00+00:00
jchun/so100_cleaning_merge_20250525_132814_154019,https://huggingface.co/datasets/jchun/so100_cleaning_merge_20250525_132814_154019,https://huggingface.co/spaces/lerobot/visualize_dataset?path=jchun/so100_cleaning_merge_20250525_132814_154019,2025-05-25 23:22:38,SO100,98,300,196,45.0,480x640,30.0,147.0,3,"main, web, webcam",3,"['main', 'web', 'webcam']",0,118,0,Unknown,Unknown,,"
	
		
		so100_cleaning_merge_20250525_132814_154019
	

This dataset was generated using a phospho starter pack.
This dataset contains a series of episodes recorded with a robot and multiple cameras. I...",2025-05-25 23:25:53+00:00
lirislab/guess_who_so100,https://huggingface.co/datasets/lirislab/guess_who_so100,https://huggingface.co/spaces/lerobot/visualize_dataset?path=lirislab/guess_who_so100,2025-04-12 16:06:40,SO100,96,198,96,45.0,480x640,30.0,72.0,3,mounted,1,['mounted'],0,231,0,apache-2.0,Apache License 2.0,https://opensource.org/licenses/Apache-2.0,"This dataset was created using LeRobot.

	
		
		Dataset Structure
	

meta/info.json:
{
    ""codebase_version"": ""v2.1"",
    ""robot_type"": ""so100"",
    ""total_episodes"": 96,
    ""total_frames"": 23114,
 ...",2025-04-12 18:02:32+00:00
roboticshack/team2-guess_who_so100_light,https://huggingface.co/datasets/roboticshack/team2-guess_who_so100_light,https://huggingface.co/spaces/lerobot/visualize_dataset?path=roboticshack/team2-guess_who_so100_light,2025-04-13 13:07:26,SO100,96,198,96,45.0,480x640,30.0,72.0,3,mounted,1,['mounted'],0,165,0,apache-2.0,Apache License 2.0,https://opensource.org/licenses/Apache-2.0,"This dataset was created using LeRobot.

	
		
		Dataset Structure
	

meta/info.json:
{
    ""codebase_version"": ""v2.1"",
    ""robot_type"": ""so100"",
    ""total_episodes"": 96,
    ""total_frames"": 19853,
 ...",2025-04-13 13:10:12+00:00
gdut508/so100_test,https://huggingface.co/datasets/gdut508/so100_test,https://huggingface.co/spaces/lerobot/visualize_dataset?path=gdut508/so100_test,2025-02-24 06:37:43,SO100,96,295,192,45.0,480x640,30.0,144.0,3,"laptop, phone",2,"['laptop', 'phone']",0,114,0,apache-2.0,Apache License 2.0,https://opensource.org/licenses/Apache-2.0,"This dataset was created using LeRobot.

	
		
		Dataset Structure
	

meta/info.json:
{
    ""codebase_version"": ""v2.0"",
    ""robot_type"": ""so100"",
    ""total_episodes"": 96,
    ""total_frames"": 29755,
 ...",2025-03-20 08:31:38+00:00
roboticshack/team2-guess_who_so100,https://huggingface.co/datasets/roboticshack/team2-guess_who_so100,https://huggingface.co/spaces/lerobot/visualize_dataset?path=roboticshack/team2-guess_who_so100,2025-04-13 13:04:04,SO100,96,198,96,45.0,480x640,30.0,72.0,3,mounted,1,['mounted'],0,291,0,apache-2.0,Apache License 2.0,https://opensource.org/licenses/Apache-2.0,"This dataset was created using LeRobot.

	
		
		Dataset Structure
	

meta/info.json:
{
    ""codebase_version"": ""v2.1"",
    ""robot_type"": ""so100"",
    ""total_episodes"": 96,
    ""total_frames"": 23114,
 ...",2025-04-13 13:06:43+00:00
acyanbird/so100_red_record100,https://huggingface.co/datasets/acyanbird/so100_red_record100,https://huggingface.co/spaces/lerobot/visualize_dataset?path=acyanbird/so100_red_record100,2025-05-16 13:29:41,SO100,96,294,192,45.0,480x640,30.0,144.0,3,"top, wrist",2,"['top', 'wrist']",0,248,0,apache-2.0,Apache License 2.0,https://opensource.org/licenses/Apache-2.0,"This dataset was created using LeRobot.

	
		
		Dataset Structure
	

meta/info.json:
{
    ""codebase_version"": ""v2.1"",
    ""robot_type"": ""so100"",
    ""total_episodes"": 101,
    ""total_frames"": 20593,
...",2025-05-16 13:30:55+00:00
produc-xuan/so100_guess_who_base,https://huggingface.co/datasets/produc-xuan/so100_guess_who_base,https://huggingface.co/spaces/lerobot/visualize_dataset?path=produc-xuan/so100_guess_who_base,2025-05-05 10:32:04,SO100,95,196,95,45.0,480x640,30.0,71.2,3,wrist,1,['wrist'],0,37,0,apache-2.0,Apache License 2.0,https://opensource.org/licenses/Apache-2.0,"This dataset was created using LeRobot.

	
		
		Dataset Structure
	

meta/info.json:
{
    ""codebase_version"": ""v2.1"",
    ""robot_type"": ""so100"",
    ""total_episodes"": 95,
    ""total_frames"": 51045,
 ...",2025-05-05 10:32:41+00:00
jchun/so100_cleaning_merge,https://huggingface.co/datasets/jchun/so100_cleaning_merge,https://huggingface.co/spaces/lerobot/visualize_dataset?path=jchun/so100_cleaning_merge,2025-05-25 23:38:02,SO100,95,291,190,45.0,480x640,30.0,142.5,3,"main, web, webcam",3,"['main', 'web', 'webcam']",0,382,0,Unknown,Unknown,,"
	
		
		so100_cleaning_merge_20250525_132814_154019_cleaned
	

This dataset was generated using a phospho starter pack.
This dataset contains a series of episodes recorded with a robot and multiple ca...",2025-05-25 23:41:06+00:00
Yotofu/so100_cube,https://huggingface.co/datasets/Yotofu/so100_cube,https://huggingface.co/spaces/lerobot/visualize_dataset?path=Yotofu/so100_cube,2024-11-20 09:01:24,SO100,94,289,282,45.0,480x640,30.0,211.5,3,"end_rgb_episode_000000, end_rgb_episode_000001, end_rgb_episode_000002, end_rgb_episode_000003, end_rgb_episode_000004, end_rgb_episode_000005, end_rgb_episode_000006, end_rgb_episode_000007, end_rgb_episode_000008, end_rgb_episode_000009, end_rgb_episode_000010, end_rgb_episode_000011, end_rgb_episode_000012, end_rgb_episode_000013, end_rgb_episode_000014, end_rgb_episode_000015, end_rgb_episode_000016, end_rgb_episode_000017, end_rgb_episode_000018, end_rgb_episode_000019, end_rgb_episode_000020, end_rgb_episode_000021, end_rgb_episode_000022, end_rgb_episode_000023, end_rgb_episode_000024, end_rgb_episode_000025, end_rgb_episode_000026, end_rgb_episode_000027, end_rgb_episode_000028, end_rgb_episode_000029, end_rgb_episode_000030, end_rgb_episode_000031, end_rgb_episode_000032, end_rgb_episode_000033, end_rgb_episode_000034, end_rgb_episode_000035, end_rgb_episode_000036, end_rgb_episode_000037, end_rgb_episode_000038, end_rgb_episode_000039, end_rgb_episode_000040, end_rgb_episode_000041, end_rgb_episode_000042, end_rgb_episode_000043, end_rgb_episode_000044, end_rgb_episode_000045, end_rgb_episode_000046, end_rgb_episode_000047, end_rgb_episode_000048, end_rgb_episode_000049, end_rgb_episode_000050, end_rgb_episode_000051, end_rgb_episode_000052, end_rgb_episode_000053, end_rgb_episode_000054, end_rgb_episode_000055, end_rgb_episode_000056, end_rgb_episode_000057, end_rgb_episode_000058, end_rgb_episode_000059, end_rgb_episode_000060, end_rgb_episode_000061, end_rgb_episode_000062, end_rgb_episode_000063, end_rgb_episode_000064, end_rgb_episode_000065, end_rgb_episode_000066, end_rgb_episode_000067, end_rgb_episode_000068, end_rgb_episode_000069, end_rgb_episode_000070, end_rgb_episode_000071, end_rgb_episode_000072, end_rgb_episode_000073, end_rgb_episode_000074, end_rgb_episode_000075, end_rgb_episode_000076, end_rgb_episode_000077, end_rgb_episode_000078, end_rgb_episode_000079, end_rgb_episode_000080, end_rgb_episode_000081, end_rgb_episode_000082, end_rgb_episode_000083, end_rgb_episode_000084, end_rgb_episode_000085, end_rgb_episode_000086, end_rgb_episode_000087, end_rgb_episode_000088, end_rgb_episode_000089, end_rgb_episode_000090, end_rgb_episode_000091, end_rgb_episode_000092, end_rgb_episode_000093, front_depth_episode_000000, front_depth_episode_000001, front_depth_episode_000002, front_depth_episode_000003, front_depth_episode_000004, front_depth_episode_000005, front_depth_episode_000006, front_depth_episode_000007, front_depth_episode_000008, front_depth_episode_000009, front_depth_episode_000010, front_depth_episode_000011, front_depth_episode_000012, front_depth_episode_000013, front_depth_episode_000014, front_depth_episode_000015, front_depth_episode_000016, front_depth_episode_000017, front_depth_episode_000018, front_depth_episode_000019, front_depth_episode_000020, front_depth_episode_000021, front_depth_episode_000022, front_depth_episode_000023, front_depth_episode_000024, front_depth_episode_000025, front_depth_episode_000026, front_depth_episode_000027, front_depth_episode_000028, front_depth_episode_000029, front_depth_episode_000030, front_depth_episode_000031, front_depth_episode_000032, front_depth_episode_000033, front_depth_episode_000034, front_depth_episode_000035, front_depth_episode_000036, front_depth_episode_000037, front_depth_episode_000038, front_depth_episode_000039, front_depth_episode_000040, front_depth_episode_000041, front_depth_episode_000042, front_depth_episode_000043, front_depth_episode_000044, front_depth_episode_000045, front_depth_episode_000046, front_depth_episode_000047, front_depth_episode_000048, front_depth_episode_000049, front_depth_episode_000050, front_depth_episode_000051, front_depth_episode_000052, front_depth_episode_000053, front_depth_episode_000054, front_depth_episode_000055, front_depth_episode_000056, front_depth_episode_000057, front_depth_episode_000058, front_depth_episode_000059, front_depth_episode_000060, front_depth_episode_000061, front_depth_episode_000062, front_depth_episode_000063, front_depth_episode_000064, front_depth_episode_000065, front_depth_episode_000066, front_depth_episode_000067, front_depth_episode_000068, front_depth_episode_000069, front_depth_episode_000070, front_depth_episode_000071, front_depth_episode_000072, front_depth_episode_000073, front_depth_episode_000074, front_depth_episode_000075, front_depth_episode_000076, front_depth_episode_000077, front_depth_episode_000078, front_depth_episode_000079, front_depth_episode_000080, front_depth_episode_000081, front_depth_episode_000082, front_depth_episode_000083, front_depth_episode_000084, front_depth_episode_000085, front_depth_episode_000086, front_depth_episode_000087, front_depth_episode_000088, front_depth_episode_000089, front_depth_episode_000090, front_depth_episode_000091, front_depth_episode_000092, front_depth_episode_000093, front_rgb_episode_000000, front_rgb_episode_000001, front_rgb_episode_000002, front_rgb_episode_000003, front_rgb_episode_000004, front_rgb_episode_000005, front_rgb_episode_000006, front_rgb_episode_000007, front_rgb_episode_000008, front_rgb_episode_000009, front_rgb_episode_000010, front_rgb_episode_000011, front_rgb_episode_000012, front_rgb_episode_000013, front_rgb_episode_000014, front_rgb_episode_000015, front_rgb_episode_000016, front_rgb_episode_000017, front_rgb_episode_000018, front_rgb_episode_000019, front_rgb_episode_000020, front_rgb_episode_000021, front_rgb_episode_000022, front_rgb_episode_000023, front_rgb_episode_000024, front_rgb_episode_000025, front_rgb_episode_000026, front_rgb_episode_000027, front_rgb_episode_000028, front_rgb_episode_000029, front_rgb_episode_000030, front_rgb_episode_000031, front_rgb_episode_000032, front_rgb_episode_000033, front_rgb_episode_000034, front_rgb_episode_000035, front_rgb_episode_000036, front_rgb_episode_000037, front_rgb_episode_000038, front_rgb_episode_000039, front_rgb_episode_000040, front_rgb_episode_000041, front_rgb_episode_000042, front_rgb_episode_000043, front_rgb_episode_000044, front_rgb_episode_000045, front_rgb_episode_000046, front_rgb_episode_000047, front_rgb_episode_000048, front_rgb_episode_000049, front_rgb_episode_000050, front_rgb_episode_000051, front_rgb_episode_000052, front_rgb_episode_000053, front_rgb_episode_000054, front_rgb_episode_000055, front_rgb_episode_000056, front_rgb_episode_000057, front_rgb_episode_000058, front_rgb_episode_000059, front_rgb_episode_000060, front_rgb_episode_000061, front_rgb_episode_000062, front_rgb_episode_000063, front_rgb_episode_000064, front_rgb_episode_000065, front_rgb_episode_000066, front_rgb_episode_000067, front_rgb_episode_000068, front_rgb_episode_000069, front_rgb_episode_000070, front_rgb_episode_000071, front_rgb_episode_000072, front_rgb_episode_000073, front_rgb_episode_000074, front_rgb_episode_000075, front_rgb_episode_000076, front_rgb_episode_000077, front_rgb_episode_000078, front_rgb_episode_000079, front_rgb_episode_000080, front_rgb_episode_000081, front_rgb_episode_000082, front_rgb_episode_000083, front_rgb_episode_000084, front_rgb_episode_000085, front_rgb_episode_000086, front_rgb_episode_000087, front_rgb_episode_000088, front_rgb_episode_000089, front_rgb_episode_000090, front_rgb_episode_000091, front_rgb_episode_000092, front_rgb_episode_000093",282,"['end_rgb_episode_000000', 'end_rgb_episode_000001', 'end_rgb_episode_000002', 'end_rgb_episode_000003', 'end_rgb_episode_000004', 'end_rgb_episode_000005', 'end_rgb_episode_000006', 'end_rgb_episode_000007', 'end_rgb_episode_000008', 'end_rgb_episode_000009', 'end_rgb_episode_000010', 'end_rgb_episode_000011', 'end_rgb_episode_000012', 'end_rgb_episode_000013', 'end_rgb_episode_000014', 'end_rgb_episode_000015', 'end_rgb_episode_000016', 'end_rgb_episode_000017', 'end_rgb_episode_000018', 'end_rgb_episode_000019', 'end_rgb_episode_000020', 'end_rgb_episode_000021', 'end_rgb_episode_000022', 'end_rgb_episode_000023', 'end_rgb_episode_000024', 'end_rgb_episode_000025', 'end_rgb_episode_000026', 'end_rgb_episode_000027', 'end_rgb_episode_000028', 'end_rgb_episode_000029', 'end_rgb_episode_000030', 'end_rgb_episode_000031', 'end_rgb_episode_000032', 'end_rgb_episode_000033', 'end_rgb_episode_000034', 'end_rgb_episode_000035', 'end_rgb_episode_000036', 'end_rgb_episode_000037', 'end_rgb_episode_000038', 'end_rgb_episode_000039', 'end_rgb_episode_000040', 'end_rgb_episode_000041', 'end_rgb_episode_000042', 'end_rgb_episode_000043', 'end_rgb_episode_000044', 'end_rgb_episode_000045', 'end_rgb_episode_000046', 'end_rgb_episode_000047', 'end_rgb_episode_000048', 'end_rgb_episode_000049', 'end_rgb_episode_000050', 'end_rgb_episode_000051', 'end_rgb_episode_000052', 'end_rgb_episode_000053', 'end_rgb_episode_000054', 'end_rgb_episode_000055', 'end_rgb_episode_000056', 'end_rgb_episode_000057', 'end_rgb_episode_000058', 'end_rgb_episode_000059', 'end_rgb_episode_000060', 'end_rgb_episode_000061', 'end_rgb_episode_000062', 'end_rgb_episode_000063', 'end_rgb_episode_000064', 'end_rgb_episode_000065', 'end_rgb_episode_000066', 'end_rgb_episode_000067', 'end_rgb_episode_000068', 'end_rgb_episode_000069', 'end_rgb_episode_000070', 'end_rgb_episode_000071', 'end_rgb_episode_000072', 'end_rgb_episode_000073', 'end_rgb_episode_000074', 'end_rgb_episode_000075', 'end_rgb_episode_000076', 'end_rgb_episode_000077', 'end_rgb_episode_000078', 'end_rgb_episode_000079', 'end_rgb_episode_000080', 'end_rgb_episode_000081', 'end_rgb_episode_000082', 'end_rgb_episode_000083', 'end_rgb_episode_000084', 'end_rgb_episode_000085', 'end_rgb_episode_000086', 'end_rgb_episode_000087', 'end_rgb_episode_000088', 'end_rgb_episode_000089', 'end_rgb_episode_000090', 'end_rgb_episode_000091', 'end_rgb_episode_000092', 'end_rgb_episode_000093', 'front_depth_episode_000000', 'front_depth_episode_000001', 'front_depth_episode_000002', 'front_depth_episode_000003', 'front_depth_episode_000004', 'front_depth_episode_000005', 'front_depth_episode_000006', 'front_depth_episode_000007', 'front_depth_episode_000008', 'front_depth_episode_000009', 'front_depth_episode_000010', 'front_depth_episode_000011', 'front_depth_episode_000012', 'front_depth_episode_000013', 'front_depth_episode_000014', 'front_depth_episode_000015', 'front_depth_episode_000016', 'front_depth_episode_000017', 'front_depth_episode_000018', 'front_depth_episode_000019', 'front_depth_episode_000020', 'front_depth_episode_000021', 'front_depth_episode_000022', 'front_depth_episode_000023', 'front_depth_episode_000024', 'front_depth_episode_000025', 'front_depth_episode_000026', 'front_depth_episode_000027', 'front_depth_episode_000028', 'front_depth_episode_000029', 'front_depth_episode_000030', 'front_depth_episode_000031', 'front_depth_episode_000032', 'front_depth_episode_000033', 'front_depth_episode_000034', 'front_depth_episode_000035', 'front_depth_episode_000036', 'front_depth_episode_000037', 'front_depth_episode_000038', 'front_depth_episode_000039', 'front_depth_episode_000040', 'front_depth_episode_000041', 'front_depth_episode_000042', 'front_depth_episode_000043', 'front_depth_episode_000044', 'front_depth_episode_000045', 'front_depth_episode_000046', 'front_depth_episode_000047', 'front_depth_episode_000048', 'front_depth_episode_000049', 'front_depth_episode_000050', 'front_depth_episode_000051', 'front_depth_episode_000052', 'front_depth_episode_000053', 'front_depth_episode_000054', 'front_depth_episode_000055', 'front_depth_episode_000056', 'front_depth_episode_000057', 'front_depth_episode_000058', 'front_depth_episode_000059', 'front_depth_episode_000060', 'front_depth_episode_000061', 'front_depth_episode_000062', 'front_depth_episode_000063', 'front_depth_episode_000064', 'front_depth_episode_000065', 'front_depth_episode_000066', 'front_depth_episode_000067', 'front_depth_episode_000068', 'front_depth_episode_000069', 'front_depth_episode_000070', 'front_depth_episode_000071', 'front_depth_episode_000072', 'front_depth_episode_000073', 'front_depth_episode_000074', 'front_depth_episode_000075', 'front_depth_episode_000076', 'front_depth_episode_000077', 'front_depth_episode_000078', 'front_depth_episode_000079', 'front_depth_episode_000080', 'front_depth_episode_000081', 'front_depth_episode_000082', 'front_depth_episode_000083', 'front_depth_episode_000084', 'front_depth_episode_000085', 'front_depth_episode_000086', 'front_depth_episode_000087', 'front_depth_episode_000088', 'front_depth_episode_000089', 'front_depth_episode_000090', 'front_depth_episode_000091', 'front_depth_episode_000092', 'front_depth_episode_000093', 'front_rgb_episode_000000', 'front_rgb_episode_000001', 'front_rgb_episode_000002', 'front_rgb_episode_000003', 'front_rgb_episode_000004', 'front_rgb_episode_000005', 'front_rgb_episode_000006', 'front_rgb_episode_000007', 'front_rgb_episode_000008', 'front_rgb_episode_000009', 'front_rgb_episode_000010', 'front_rgb_episode_000011', 'front_rgb_episode_000012', 'front_rgb_episode_000013', 'front_rgb_episode_000014', 'front_rgb_episode_000015', 'front_rgb_episode_000016', 'front_rgb_episode_000017', 'front_rgb_episode_000018', 'front_rgb_episode_000019', 'front_rgb_episode_000020', 'front_rgb_episode_000021', 'front_rgb_episode_000022', 'front_rgb_episode_000023', 'front_rgb_episode_000024', 'front_rgb_episode_000025', 'front_rgb_episode_000026', 'front_rgb_episode_000027', 'front_rgb_episode_000028', 'front_rgb_episode_000029', 'front_rgb_episode_000030', 'front_rgb_episode_000031', 'front_rgb_episode_000032', 'front_rgb_episode_000033', 'front_rgb_episode_000034', 'front_rgb_episode_000035', 'front_rgb_episode_000036', 'front_rgb_episode_000037', 'front_rgb_episode_000038', 'front_rgb_episode_000039', 'front_rgb_episode_000040', 'front_rgb_episode_000041', 'front_rgb_episode_000042', 'front_rgb_episode_000043', 'front_rgb_episode_000044', 'front_rgb_episode_000045', 'front_rgb_episode_000046', 'front_rgb_episode_000047', 'front_rgb_episode_000048', 'front_rgb_episode_000049', 'front_rgb_episode_000050', 'front_rgb_episode_000051', 'front_rgb_episode_000052', 'front_rgb_episode_000053', 'front_rgb_episode_000054', 'front_rgb_episode_000055', 'front_rgb_episode_000056', 'front_rgb_episode_000057', 'front_rgb_episode_000058', 'front_rgb_episode_000059', 'front_rgb_episode_000060', 'front_rgb_episode_000061', 'front_rgb_episode_000062', 'front_rgb_episode_000063', 'front_rgb_episode_000064', 'front_rgb_episode_000065', 'front_rgb_episode_000066', 'front_rgb_episode_000067', 'front_rgb_episode_000068', 'front_rgb_episode_000069', 'front_rgb_episode_000070', 'front_rgb_episode_000071', 'front_rgb_episode_000072', 'front_rgb_episode_000073', 'front_rgb_episode_000074', 'front_rgb_episode_000075', 'front_rgb_episode_000076', 'front_rgb_episode_000077', 'front_rgb_episode_000078', 'front_rgb_episode_000079', 'front_rgb_episode_000080', 'front_rgb_episode_000081', 'front_rgb_episode_000082', 'front_rgb_episode_000083', 'front_rgb_episode_000084', 'front_rgb_episode_000085', 'front_rgb_episode_000086', 'front_rgb_episode_000087', 'front_rgb_episode_000088', 'front_rgb_episode_000089', 'front_rgb_episode_000090', 'front_rgb_episode_000091', 'front_rgb_episode_000092', 'front_rgb_episode_000093']",0,84,0,Unknown,Unknown,,"This dataset was created using LeRobot.
...",2024-11-25 07:42:06+00:00
HarrisonLee24/so100_test,https://huggingface.co/datasets/HarrisonLee24/so100_test,https://huggingface.co/spaces/lerobot/visualize_dataset?path=HarrisonLee24/so100_test,2025-03-07 03:58:01,SO100,92,347,249,30.0,480x640,30.0,124.5,3,"action_, action_cam, global_, global_cam, hand_eye_, hand_eye_cam, laptop, osmo, phone, pocket_, pocket_cam",11,"['action_', 'action_cam', 'global_', 'global_cam', 'hand_eye_', 'hand_eye_cam', 'laptop', 'osmo', 'phone', 'pocket_', 'pocket_cam']",0,49,0,apache-2.0,Apache License 2.0,https://opensource.org/licenses/Apache-2.0,"This dataset was created using LeRobot.

	
		
		Dataset Structure
	

meta/info.json:
{
    ""codebase_version"": ""v2.1"",
    ""robot_type"": ""so100"",
    ""total_episodes"": 2,
    ""total_frames"": 1788,
   ...",2025-03-19 16:54:22+00:00
SahilChande/so100_pick_carrot,https://huggingface.co/datasets/SahilChande/so100_pick_carrot,https://huggingface.co/spaces/lerobot/visualize_dataset?path=SahilChande/so100_pick_carrot,2025-04-23 13:11:55,SO100,91,279,182,30.0,480x640,30.0,91.0,3,"arm_, arm__era, arm_camera, era, top_, top__era, top_camera",7,"['arm_', 'arm__era', 'arm_camera', 'era', 'top_', 'top__era', 'top_camera']",0,102,1,apache-2.0,Apache License 2.0,https://opensource.org/licenses/Apache-2.0,"This dataset was created using LeRobot.

	
		
		Dataset Structure
	

meta/info.json:
{
    ""codebase_version"": ""v2.1"",
    ""robot_type"": ""so100"",
    ""total_episodes"": 91,
    ""total_frames"": 39357,
 ...",2025-04-23 13:13:34+00:00
JackLiuX/so100_test_candy_new,https://huggingface.co/datasets/JackLiuX/so100_test_candy_new,https://huggingface.co/spaces/lerobot/visualize_dataset?path=JackLiuX/so100_test_candy_new,2025-04-11 10:26:15,SO100,91,279,182,45.0,480x640,30.0,136.5,3,"laptop, phone",2,"['laptop', 'phone']",0,41,0,apache-2.0,Apache License 2.0,https://opensource.org/licenses/Apache-2.0,"This dataset was created using LeRobot.

	
		
		Dataset Structure
	

meta/info.json:
{
    ""codebase_version"": ""v2.1"",
    ""robot_type"": ""so100"",
    ""total_episodes"": 91,
    ""total_frames"": 53139,
 ...",2025-04-11 10:30:17+00:00
kyomangold/so100_ttt_combined,https://huggingface.co/datasets/kyomangold/so100_ttt_combined,https://huggingface.co/spaces/lerobot/visualize_dataset?path=kyomangold/so100_ttt_combined,2025-05-10 08:56:17,SO100,90,275,180,45.0,480x640,30.0,135.0,3,"laptop, phone",2,"['laptop', 'phone']",0,37,0,Unknown,Unknown,,,2025-05-10 09:06:40+00:00
xhaka3456/so100_test_0510,https://huggingface.co/datasets/xhaka3456/so100_test_0510,https://huggingface.co/spaces/lerobot/visualize_dataset?path=xhaka3456/so100_test_0510,2025-05-10 02:37:36,SO100,90,276,180,45.0,480x640,30.0,135.0,3,"laptop, phone",2,"['laptop', 'phone']",0,287,0,apache-2.0,Apache License 2.0,https://opensource.org/licenses/Apache-2.0,"This dataset was created using LeRobot.

	
		
		Dataset Structure
	

meta/info.json:
{
    ""codebase_version"": ""v2.0"",
    ""robot_type"": ""so100"",
    ""total_episodes"": 90,
    ""total_frames"": 37501,
 ...",2025-05-24 03:49:42+00:00
xhaka3456/so100_test_0404,https://huggingface.co/datasets/xhaka3456/so100_test_0404,https://huggingface.co/spaces/lerobot/visualize_dataset?path=xhaka3456/so100_test_0404,2025-04-04 03:29:44,SO100,90,276,180,45.0,480x640,30.0,135.0,3,"laptop, phone",2,"['laptop', 'phone']",0,43,0,apache-2.0,Apache License 2.0,https://opensource.org/licenses/Apache-2.0,"This dataset was created using LeRobot.

	
		
		Dataset Structure
	

meta/info.json:
{
    ""codebase_version"": ""v2.0"",
    ""robot_type"": ""so100"",
    ""total_episodes"": 90,
    ""total_frames"": 52733,
 ...",2025-04-04 07:30:31+00:00
apayan/so100_dice11,https://huggingface.co/datasets/apayan/so100_dice11,https://huggingface.co/spaces/lerobot/visualize_dataset?path=apayan/so100_dice11,2025-05-22 11:14:02,SO100,90,366,270,45.0,480x640,30.0,202.5,3,"front, top, wrist",3,"['front', 'top', 'wrist']",0,300,0,apache-2.0,Apache License 2.0,https://opensource.org/licenses/Apache-2.0,"This dataset was created using LeRobot.

	
		
		Dataset Structure
	

meta/info.json:
{
    ""codebase_version"": ""v2.1"",
    ""robot_type"": ""so100"",
    ""total_episodes"": 10,
    ""total_frames"": 5036,
  ...",2025-05-22 12:31:43+00:00
BiancoBeni/so100_test4,https://huggingface.co/datasets/BiancoBeni/so100_test4,https://huggingface.co/spaces/lerobot/visualize_dataset?path=BiancoBeni/so100_test4,2025-03-21 15:16:06,SO100,90,276,180,45.0,480x640,30.0,135.0,3,"laptop, phone",2,"['laptop', 'phone']",0,48,0,apache-2.0,Apache License 2.0,https://opensource.org/licenses/Apache-2.0,"This dataset was created using LeRobot.

	
		
		Dataset Structure
	

meta/info.json:
{
    ""codebase_version"": ""v2.0"",
    ""robot_type"": ""so100"",
    ""total_episodes"": 90,
    ""total_frames"": 44177,
 ...",2025-03-21 15:17:03+00:00
jiuyal2/so100_marker_new_camera_pose_new,https://huggingface.co/datasets/jiuyal2/so100_marker_new_camera_pose_new,https://huggingface.co/spaces/lerobot/visualize_dataset?path=jiuyal2/so100_marker_new_camera_pose_new,2025-06-09 05:16:09,SO100,86,264,172,45.0,480x640,30.0,129.0,3,"iphone, so100",2,"['iphone', 'so100']",0,254,0,apache-2.0,Apache License 2.0,https://opensource.org/licenses/Apache-2.0,"This dataset was created using LeRobot.

	
		
		Dataset Structure
	

meta/info.json:
{
    ""codebase_version"": ""v2.1"",
    ""robot_type"": ""so100"",
    ""total_episodes"": 23,
    ""total_frames"": 6047,
  ...",2025-06-09 05:49:52+00:00
baptiste-04/so100_playX,https://huggingface.co/datasets/baptiste-04/so100_playX,https://huggingface.co/spaces/lerobot/visualize_dataset?path=baptiste-04/so100_playX,2025-04-16 16:35:05,SO100,85,262,170,45.0,480x640,30.0,127.5,3,"laptop, phone",2,"['laptop', 'phone']",0,55,0,apache-2.0,Apache License 2.0,https://opensource.org/licenses/Apache-2.0,"This dataset was created using LeRobot.

	
		
		Dataset Structure
	

meta/info.json:
{
    ""codebase_version"": ""v2.1"",
    ""robot_type"": ""so100"",
    ""total_episodes"": 5,
    ""total_frames"": 3740,
   ...",2025-04-26 10:09:37+00:00
Yotofu/so100_tiding,https://huggingface.co/datasets/Yotofu/so100_tiding,https://huggingface.co/spaces/lerobot/visualize_dataset?path=Yotofu/so100_tiding,2024-11-28 00:04:00,SO100,83,338,332,45.0,480x640,30.0,249.0,3,"end_rgb_opencv_episode_000000, end_rgb_opencv_episode_000001, end_rgb_opencv_episode_000002, end_rgb_opencv_episode_000003, end_rgb_opencv_episode_000004, end_rgb_opencv_episode_000005, end_rgb_opencv_episode_000006, end_rgb_opencv_episode_000007, end_rgb_opencv_episode_000008, end_rgb_opencv_episode_000009, end_rgb_opencv_episode_000010, end_rgb_opencv_episode_000011, end_rgb_opencv_episode_000012, end_rgb_opencv_episode_000013, end_rgb_opencv_episode_000014, end_rgb_opencv_episode_000015, end_rgb_opencv_episode_000016, end_rgb_opencv_episode_000017, end_rgb_opencv_episode_000018, end_rgb_opencv_episode_000019, end_rgb_opencv_episode_000020, end_rgb_opencv_episode_000021, end_rgb_opencv_episode_000022, end_rgb_opencv_episode_000023, end_rgb_opencv_episode_000024, end_rgb_opencv_episode_000025, end_rgb_opencv_episode_000026, end_rgb_opencv_episode_000027, end_rgb_opencv_episode_000028, end_rgb_opencv_episode_000029, end_rgb_opencv_episode_000030, end_rgb_opencv_episode_000031, end_rgb_opencv_episode_000032, end_rgb_opencv_episode_000033, end_rgb_opencv_episode_000034, end_rgb_opencv_episode_000035, end_rgb_opencv_episode_000036, end_rgb_opencv_episode_000037, end_rgb_opencv_episode_000038, end_rgb_opencv_episode_000039, end_rgb_opencv_episode_000040, end_rgb_opencv_episode_000041, end_rgb_opencv_episode_000042, end_rgb_opencv_episode_000043, end_rgb_opencv_episode_000044, end_rgb_opencv_episode_000045, end_rgb_opencv_episode_000046, end_rgb_opencv_episode_000047, end_rgb_opencv_episode_000048, end_rgb_opencv_episode_000049, end_rgb_opencv_episode_000050, end_rgb_opencv_episode_000051, end_rgb_opencv_episode_000052, end_rgb_opencv_episode_000053, end_rgb_opencv_episode_000054, end_rgb_opencv_episode_000055, end_rgb_opencv_episode_000056, end_rgb_opencv_episode_000057, end_rgb_opencv_episode_000058, end_rgb_opencv_episode_000059, end_rgb_opencv_episode_000060, end_rgb_opencv_episode_000061, end_rgb_opencv_episode_000062, end_rgb_opencv_episode_000063, end_rgb_opencv_episode_000064, end_rgb_opencv_episode_000065, end_rgb_opencv_episode_000066, end_rgb_opencv_episode_000067, end_rgb_opencv_episode_000068, end_rgb_opencv_episode_000069, end_rgb_opencv_episode_000070, end_rgb_opencv_episode_000071, end_rgb_opencv_episode_000072, end_rgb_opencv_episode_000073, end_rgb_opencv_episode_000074, end_rgb_opencv_episode_000075, end_rgb_opencv_episode_000076, end_rgb_opencv_episode_000077, end_rgb_opencv_episode_000078, end_rgb_opencv_episode_000079, end_rgb_opencv_episode_000080, end_rgb_opencv_episode_000081, end_rgb_opencv_episode_000082, front_depth_episode_000000, front_depth_episode_000001, front_depth_episode_000002, front_depth_episode_000003, front_depth_episode_000004, front_depth_episode_000005, front_depth_episode_000006, front_depth_episode_000007, front_depth_episode_000008, front_depth_episode_000009, front_depth_episode_000010, front_depth_episode_000011, front_depth_episode_000012, front_depth_episode_000013, front_depth_episode_000014, front_depth_episode_000015, front_depth_episode_000016, front_depth_episode_000017, front_depth_episode_000018, front_depth_episode_000019, front_depth_episode_000020, front_depth_episode_000021, front_depth_episode_000022, front_depth_episode_000023, front_depth_episode_000024, front_depth_episode_000025, front_depth_episode_000026, front_depth_episode_000027, front_depth_episode_000028, front_depth_episode_000029, front_depth_episode_000030, front_depth_episode_000031, front_depth_episode_000032, front_depth_episode_000033, front_depth_episode_000034, front_depth_episode_000035, front_depth_episode_000036, front_depth_episode_000037, front_depth_episode_000038, front_depth_episode_000039, front_depth_episode_000040, front_depth_episode_000041, front_depth_episode_000042, front_depth_episode_000043, front_depth_episode_000044, front_depth_episode_000045, front_depth_episode_000046, front_depth_episode_000047, front_depth_episode_000048, front_depth_episode_000049, front_depth_episode_000050, front_depth_episode_000051, front_depth_episode_000052, front_depth_episode_000053, front_depth_episode_000054, front_depth_episode_000055, front_depth_episode_000056, front_depth_episode_000057, front_depth_episode_000058, front_depth_episode_000059, front_depth_episode_000060, front_depth_episode_000061, front_depth_episode_000062, front_depth_episode_000063, front_depth_episode_000064, front_depth_episode_000065, front_depth_episode_000066, front_depth_episode_000067, front_depth_episode_000068, front_depth_episode_000069, front_depth_episode_000070, front_depth_episode_000071, front_depth_episode_000072, front_depth_episode_000073, front_depth_episode_000074, front_depth_episode_000075, front_depth_episode_000076, front_depth_episode_000077, front_depth_episode_000078, front_depth_episode_000079, front_depth_episode_000080, front_depth_episode_000081, front_depth_episode_000082, front_rgb_episode_000000, front_rgb_episode_000001, front_rgb_episode_000002, front_rgb_episode_000003, front_rgb_episode_000004, front_rgb_episode_000005, front_rgb_episode_000006, front_rgb_episode_000007, front_rgb_episode_000008, front_rgb_episode_000009, front_rgb_episode_000010, front_rgb_episode_000011, front_rgb_episode_000012, front_rgb_episode_000013, front_rgb_episode_000014, front_rgb_episode_000015, front_rgb_episode_000016, front_rgb_episode_000017, front_rgb_episode_000018, front_rgb_episode_000019, front_rgb_episode_000020, front_rgb_episode_000021, front_rgb_episode_000022, front_rgb_episode_000023, front_rgb_episode_000024, front_rgb_episode_000025, front_rgb_episode_000026, front_rgb_episode_000027, front_rgb_episode_000028, front_rgb_episode_000029, front_rgb_episode_000030, front_rgb_episode_000031, front_rgb_episode_000032, front_rgb_episode_000033, front_rgb_episode_000034, front_rgb_episode_000035, front_rgb_episode_000036, front_rgb_episode_000037, front_rgb_episode_000038, front_rgb_episode_000039, front_rgb_episode_000040, front_rgb_episode_000041, front_rgb_episode_000042, front_rgb_episode_000043, front_rgb_episode_000044, front_rgb_episode_000045, front_rgb_episode_000046, front_rgb_episode_000047, front_rgb_episode_000048, front_rgb_episode_000049, front_rgb_episode_000050, front_rgb_episode_000051, front_rgb_episode_000052, front_rgb_episode_000053, front_rgb_episode_000054, front_rgb_episode_000055, front_rgb_episode_000056, front_rgb_episode_000057, front_rgb_episode_000058, front_rgb_episode_000059, front_rgb_episode_000060, front_rgb_episode_000061, front_rgb_episode_000062, front_rgb_episode_000063, front_rgb_episode_000064, front_rgb_episode_000065, front_rgb_episode_000066, front_rgb_episode_000067, front_rgb_episode_000068, front_rgb_episode_000069, front_rgb_episode_000070, front_rgb_episode_000071, front_rgb_episode_000072, front_rgb_episode_000073, front_rgb_episode_000074, front_rgb_episode_000075, front_rgb_episode_000076, front_rgb_episode_000077, front_rgb_episode_000078, front_rgb_episode_000079, front_rgb_episode_000080, front_rgb_episode_000081, front_rgb_episode_000082, front_rgb_opencv_episode_000000, front_rgb_opencv_episode_000001, front_rgb_opencv_episode_000002, front_rgb_opencv_episode_000003, front_rgb_opencv_episode_000004, front_rgb_opencv_episode_000005, front_rgb_opencv_episode_000006, front_rgb_opencv_episode_000007, front_rgb_opencv_episode_000008, front_rgb_opencv_episode_000009, front_rgb_opencv_episode_000010, front_rgb_opencv_episode_000011, front_rgb_opencv_episode_000012, front_rgb_opencv_episode_000013, front_rgb_opencv_episode_000014, front_rgb_opencv_episode_000015, front_rgb_opencv_episode_000016, front_rgb_opencv_episode_000017, front_rgb_opencv_episode_000018, front_rgb_opencv_episode_000019, front_rgb_opencv_episode_000020, front_rgb_opencv_episode_000021, front_rgb_opencv_episode_000022, front_rgb_opencv_episode_000023, front_rgb_opencv_episode_000024, front_rgb_opencv_episode_000025, front_rgb_opencv_episode_000026, front_rgb_opencv_episode_000027, front_rgb_opencv_episode_000028, front_rgb_opencv_episode_000029, front_rgb_opencv_episode_000030, front_rgb_opencv_episode_000031, front_rgb_opencv_episode_000032, front_rgb_opencv_episode_000033, front_rgb_opencv_episode_000034, front_rgb_opencv_episode_000035, front_rgb_opencv_episode_000036, front_rgb_opencv_episode_000037, front_rgb_opencv_episode_000038, front_rgb_opencv_episode_000039, front_rgb_opencv_episode_000040, front_rgb_opencv_episode_000041, front_rgb_opencv_episode_000042, front_rgb_opencv_episode_000043, front_rgb_opencv_episode_000044, front_rgb_opencv_episode_000045, front_rgb_opencv_episode_000046, front_rgb_opencv_episode_000047, front_rgb_opencv_episode_000048, front_rgb_opencv_episode_000049, front_rgb_opencv_episode_000050, front_rgb_opencv_episode_000051, front_rgb_opencv_episode_000052, front_rgb_opencv_episode_000053, front_rgb_opencv_episode_000054, front_rgb_opencv_episode_000055, front_rgb_opencv_episode_000056, front_rgb_opencv_episode_000057, front_rgb_opencv_episode_000058, front_rgb_opencv_episode_000059, front_rgb_opencv_episode_000060, front_rgb_opencv_episode_000061, front_rgb_opencv_episode_000062, front_rgb_opencv_episode_000063, front_rgb_opencv_episode_000064, front_rgb_opencv_episode_000065, front_rgb_opencv_episode_000066, front_rgb_opencv_episode_000067, front_rgb_opencv_episode_000068, front_rgb_opencv_episode_000069, front_rgb_opencv_episode_000070, front_rgb_opencv_episode_000071, front_rgb_opencv_episode_000072, front_rgb_opencv_episode_000073, front_rgb_opencv_episode_000074, front_rgb_opencv_episode_000075, front_rgb_opencv_episode_000076, front_rgb_opencv_episode_000077, front_rgb_opencv_episode_000078, front_rgb_opencv_episode_000079, front_rgb_opencv_episode_000080, front_rgb_opencv_episode_000081, front_rgb_opencv_episode_000082",332,"['end_rgb_opencv_episode_000000', 'end_rgb_opencv_episode_000001', 'end_rgb_opencv_episode_000002', 'end_rgb_opencv_episode_000003', 'end_rgb_opencv_episode_000004', 'end_rgb_opencv_episode_000005', 'end_rgb_opencv_episode_000006', 'end_rgb_opencv_episode_000007', 'end_rgb_opencv_episode_000008', 'end_rgb_opencv_episode_000009', 'end_rgb_opencv_episode_000010', 'end_rgb_opencv_episode_000011', 'end_rgb_opencv_episode_000012', 'end_rgb_opencv_episode_000013', 'end_rgb_opencv_episode_000014', 'end_rgb_opencv_episode_000015', 'end_rgb_opencv_episode_000016', 'end_rgb_opencv_episode_000017', 'end_rgb_opencv_episode_000018', 'end_rgb_opencv_episode_000019', 'end_rgb_opencv_episode_000020', 'end_rgb_opencv_episode_000021', 'end_rgb_opencv_episode_000022', 'end_rgb_opencv_episode_000023', 'end_rgb_opencv_episode_000024', 'end_rgb_opencv_episode_000025', 'end_rgb_opencv_episode_000026', 'end_rgb_opencv_episode_000027', 'end_rgb_opencv_episode_000028', 'end_rgb_opencv_episode_000029', 'end_rgb_opencv_episode_000030', 'end_rgb_opencv_episode_000031', 'end_rgb_opencv_episode_000032', 'end_rgb_opencv_episode_000033', 'end_rgb_opencv_episode_000034', 'end_rgb_opencv_episode_000035', 'end_rgb_opencv_episode_000036', 'end_rgb_opencv_episode_000037', 'end_rgb_opencv_episode_000038', 'end_rgb_opencv_episode_000039', 'end_rgb_opencv_episode_000040', 'end_rgb_opencv_episode_000041', 'end_rgb_opencv_episode_000042', 'end_rgb_opencv_episode_000043', 'end_rgb_opencv_episode_000044', 'end_rgb_opencv_episode_000045', 'end_rgb_opencv_episode_000046', 'end_rgb_opencv_episode_000047', 'end_rgb_opencv_episode_000048', 'end_rgb_opencv_episode_000049', 'end_rgb_opencv_episode_000050', 'end_rgb_opencv_episode_000051', 'end_rgb_opencv_episode_000052', 'end_rgb_opencv_episode_000053', 'end_rgb_opencv_episode_000054', 'end_rgb_opencv_episode_000055', 'end_rgb_opencv_episode_000056', 'end_rgb_opencv_episode_000057', 'end_rgb_opencv_episode_000058', 'end_rgb_opencv_episode_000059', 'end_rgb_opencv_episode_000060', 'end_rgb_opencv_episode_000061', 'end_rgb_opencv_episode_000062', 'end_rgb_opencv_episode_000063', 'end_rgb_opencv_episode_000064', 'end_rgb_opencv_episode_000065', 'end_rgb_opencv_episode_000066', 'end_rgb_opencv_episode_000067', 'end_rgb_opencv_episode_000068', 'end_rgb_opencv_episode_000069', 'end_rgb_opencv_episode_000070', 'end_rgb_opencv_episode_000071', 'end_rgb_opencv_episode_000072', 'end_rgb_opencv_episode_000073', 'end_rgb_opencv_episode_000074', 'end_rgb_opencv_episode_000075', 'end_rgb_opencv_episode_000076', 'end_rgb_opencv_episode_000077', 'end_rgb_opencv_episode_000078', 'end_rgb_opencv_episode_000079', 'end_rgb_opencv_episode_000080', 'end_rgb_opencv_episode_000081', 'end_rgb_opencv_episode_000082', 'front_depth_episode_000000', 'front_depth_episode_000001', 'front_depth_episode_000002', 'front_depth_episode_000003', 'front_depth_episode_000004', 'front_depth_episode_000005', 'front_depth_episode_000006', 'front_depth_episode_000007', 'front_depth_episode_000008', 'front_depth_episode_000009', 'front_depth_episode_000010', 'front_depth_episode_000011', 'front_depth_episode_000012', 'front_depth_episode_000013', 'front_depth_episode_000014', 'front_depth_episode_000015', 'front_depth_episode_000016', 'front_depth_episode_000017', 'front_depth_episode_000018', 'front_depth_episode_000019', 'front_depth_episode_000020', 'front_depth_episode_000021', 'front_depth_episode_000022', 'front_depth_episode_000023', 'front_depth_episode_000024', 'front_depth_episode_000025', 'front_depth_episode_000026', 'front_depth_episode_000027', 'front_depth_episode_000028', 'front_depth_episode_000029', 'front_depth_episode_000030', 'front_depth_episode_000031', 'front_depth_episode_000032', 'front_depth_episode_000033', 'front_depth_episode_000034', 'front_depth_episode_000035', 'front_depth_episode_000036', 'front_depth_episode_000037', 'front_depth_episode_000038', 'front_depth_episode_000039', 'front_depth_episode_000040', 'front_depth_episode_000041', 'front_depth_episode_000042', 'front_depth_episode_000043', 'front_depth_episode_000044', 'front_depth_episode_000045', 'front_depth_episode_000046', 'front_depth_episode_000047', 'front_depth_episode_000048', 'front_depth_episode_000049', 'front_depth_episode_000050', 'front_depth_episode_000051', 'front_depth_episode_000052', 'front_depth_episode_000053', 'front_depth_episode_000054', 'front_depth_episode_000055', 'front_depth_episode_000056', 'front_depth_episode_000057', 'front_depth_episode_000058', 'front_depth_episode_000059', 'front_depth_episode_000060', 'front_depth_episode_000061', 'front_depth_episode_000062', 'front_depth_episode_000063', 'front_depth_episode_000064', 'front_depth_episode_000065', 'front_depth_episode_000066', 'front_depth_episode_000067', 'front_depth_episode_000068', 'front_depth_episode_000069', 'front_depth_episode_000070', 'front_depth_episode_000071', 'front_depth_episode_000072', 'front_depth_episode_000073', 'front_depth_episode_000074', 'front_depth_episode_000075', 'front_depth_episode_000076', 'front_depth_episode_000077', 'front_depth_episode_000078', 'front_depth_episode_000079', 'front_depth_episode_000080', 'front_depth_episode_000081', 'front_depth_episode_000082', 'front_rgb_episode_000000', 'front_rgb_episode_000001', 'front_rgb_episode_000002', 'front_rgb_episode_000003', 'front_rgb_episode_000004', 'front_rgb_episode_000005', 'front_rgb_episode_000006', 'front_rgb_episode_000007', 'front_rgb_episode_000008', 'front_rgb_episode_000009', 'front_rgb_episode_000010', 'front_rgb_episode_000011', 'front_rgb_episode_000012', 'front_rgb_episode_000013', 'front_rgb_episode_000014', 'front_rgb_episode_000015', 'front_rgb_episode_000016', 'front_rgb_episode_000017', 'front_rgb_episode_000018', 'front_rgb_episode_000019', 'front_rgb_episode_000020', 'front_rgb_episode_000021', 'front_rgb_episode_000022', 'front_rgb_episode_000023', 'front_rgb_episode_000024', 'front_rgb_episode_000025', 'front_rgb_episode_000026', 'front_rgb_episode_000027', 'front_rgb_episode_000028', 'front_rgb_episode_000029', 'front_rgb_episode_000030', 'front_rgb_episode_000031', 'front_rgb_episode_000032', 'front_rgb_episode_000033', 'front_rgb_episode_000034', 'front_rgb_episode_000035', 'front_rgb_episode_000036', 'front_rgb_episode_000037', 'front_rgb_episode_000038', 'front_rgb_episode_000039', 'front_rgb_episode_000040', 'front_rgb_episode_000041', 'front_rgb_episode_000042', 'front_rgb_episode_000043', 'front_rgb_episode_000044', 'front_rgb_episode_000045', 'front_rgb_episode_000046', 'front_rgb_episode_000047', 'front_rgb_episode_000048', 'front_rgb_episode_000049', 'front_rgb_episode_000050', 'front_rgb_episode_000051', 'front_rgb_episode_000052', 'front_rgb_episode_000053', 'front_rgb_episode_000054', 'front_rgb_episode_000055', 'front_rgb_episode_000056', 'front_rgb_episode_000057', 'front_rgb_episode_000058', 'front_rgb_episode_000059', 'front_rgb_episode_000060', 'front_rgb_episode_000061', 'front_rgb_episode_000062', 'front_rgb_episode_000063', 'front_rgb_episode_000064', 'front_rgb_episode_000065', 'front_rgb_episode_000066', 'front_rgb_episode_000067', 'front_rgb_episode_000068', 'front_rgb_episode_000069', 'front_rgb_episode_000070', 'front_rgb_episode_000071', 'front_rgb_episode_000072', 'front_rgb_episode_000073', 'front_rgb_episode_000074', 'front_rgb_episode_000075', 'front_rgb_episode_000076', 'front_rgb_episode_000077', 'front_rgb_episode_000078', 'front_rgb_episode_000079', 'front_rgb_episode_000080', 'front_rgb_episode_000081', 'front_rgb_episode_000082', 'front_rgb_opencv_episode_000000', 'front_rgb_opencv_episode_000001', 'front_rgb_opencv_episode_000002', 'front_rgb_opencv_episode_000003', 'front_rgb_opencv_episode_000004', 'front_rgb_opencv_episode_000005', 'front_rgb_opencv_episode_000006', 'front_rgb_opencv_episode_000007', 'front_rgb_opencv_episode_000008', 'front_rgb_opencv_episode_000009', 'front_rgb_opencv_episode_000010', 'front_rgb_opencv_episode_000011', 'front_rgb_opencv_episode_000012', 'front_rgb_opencv_episode_000013', 'front_rgb_opencv_episode_000014', 'front_rgb_opencv_episode_000015', 'front_rgb_opencv_episode_000016', 'front_rgb_opencv_episode_000017', 'front_rgb_opencv_episode_000018', 'front_rgb_opencv_episode_000019', 'front_rgb_opencv_episode_000020', 'front_rgb_opencv_episode_000021', 'front_rgb_opencv_episode_000022', 'front_rgb_opencv_episode_000023', 'front_rgb_opencv_episode_000024', 'front_rgb_opencv_episode_000025', 'front_rgb_opencv_episode_000026', 'front_rgb_opencv_episode_000027', 'front_rgb_opencv_episode_000028', 'front_rgb_opencv_episode_000029', 'front_rgb_opencv_episode_000030', 'front_rgb_opencv_episode_000031', 'front_rgb_opencv_episode_000032', 'front_rgb_opencv_episode_000033', 'front_rgb_opencv_episode_000034', 'front_rgb_opencv_episode_000035', 'front_rgb_opencv_episode_000036', 'front_rgb_opencv_episode_000037', 'front_rgb_opencv_episode_000038', 'front_rgb_opencv_episode_000039', 'front_rgb_opencv_episode_000040', 'front_rgb_opencv_episode_000041', 'front_rgb_opencv_episode_000042', 'front_rgb_opencv_episode_000043', 'front_rgb_opencv_episode_000044', 'front_rgb_opencv_episode_000045', 'front_rgb_opencv_episode_000046', 'front_rgb_opencv_episode_000047', 'front_rgb_opencv_episode_000048', 'front_rgb_opencv_episode_000049', 'front_rgb_opencv_episode_000050', 'front_rgb_opencv_episode_000051', 'front_rgb_opencv_episode_000052', 'front_rgb_opencv_episode_000053', 'front_rgb_opencv_episode_000054', 'front_rgb_opencv_episode_000055', 'front_rgb_opencv_episode_000056', 'front_rgb_opencv_episode_000057', 'front_rgb_opencv_episode_000058', 'front_rgb_opencv_episode_000059', 'front_rgb_opencv_episode_000060', 'front_rgb_opencv_episode_000061', 'front_rgb_opencv_episode_000062', 'front_rgb_opencv_episode_000063', 'front_rgb_opencv_episode_000064', 'front_rgb_opencv_episode_000065', 'front_rgb_opencv_episode_000066', 'front_rgb_opencv_episode_000067', 'front_rgb_opencv_episode_000068', 'front_rgb_opencv_episode_000069', 'front_rgb_opencv_episode_000070', 'front_rgb_opencv_episode_000071', 'front_rgb_opencv_episode_000072', 'front_rgb_opencv_episode_000073', 'front_rgb_opencv_episode_000074', 'front_rgb_opencv_episode_000075', 'front_rgb_opencv_episode_000076', 'front_rgb_opencv_episode_000077', 'front_rgb_opencv_episode_000078', 'front_rgb_opencv_episode_000079', 'front_rgb_opencv_episode_000080', 'front_rgb_opencv_episode_000081', 'front_rgb_opencv_episode_000082']",0,39,0,Unknown,Unknown,,"This dataset was created using LeRobot.
...",2024-11-29 04:59:19+00:00
sixpigs1/so100_pull_cube_error,https://huggingface.co/datasets/sixpigs1/so100_pull_cube_error,https://huggingface.co/spaces/lerobot/visualize_dataset?path=sixpigs1/so100_pull_cube_error,2025-04-11 12:07:10,SO100,82,252,164,45.0,480x640,30.0,123.0,3,"above, rightfront",2,"['above', 'rightfront']",0,57,0,apache-2.0,Apache License 2.0,https://opensource.org/licenses/Apache-2.0,"This dataset was created using LeRobot.

	
		
		Dataset Structure
	

meta/info.json:
{
    ""codebase_version"": ""v2.1"",
    ""robot_type"": ""so100"",
    ""total_episodes"": 20,
    ""total_frames"": 3890,
  ...",2025-04-11 12:40:40+00:00
sixpigs1/so100_pick_cube_in_box_error,https://huggingface.co/datasets/sixpigs1/so100_pick_cube_in_box_error,https://huggingface.co/spaces/lerobot/visualize_dataset?path=sixpigs1/so100_pick_cube_in_box_error,2025-04-11 09:39:01,SO100,80,246,160,45.0,480x640,30.0,120.0,3,"above, rightfront",2,"['above', 'rightfront']",0,56,0,apache-2.0,Apache License 2.0,https://opensource.org/licenses/Apache-2.0,"This dataset was created using LeRobot.

	
		
		Dataset Structure
	

meta/info.json:
{
    ""codebase_version"": ""v2.1"",
    ""robot_type"": ""so100"",
    ""total_episodes"": 20,
    ""total_frames"": 5373,
  ...",2025-04-11 10:53:24+00:00
cjlqwe/so100_merge_21_100,https://huggingface.co/datasets/cjlqwe/so100_merge_21_100,https://huggingface.co/spaces/lerobot/visualize_dataset?path=cjlqwe/so100_merge_21_100,2025-05-16 12:43:41,SO100,80,245,160,45.0,480x640,30.0,120.0,3,"laptop, phone",2,"['laptop', 'phone']",0,165,0,Unknown,Unknown,,,2025-05-16 12:49:18+00:00
sixpigs1/so100_push_cube_error,https://huggingface.co/datasets/sixpigs1/so100_push_cube_error,https://huggingface.co/spaces/lerobot/visualize_dataset?path=sixpigs1/so100_push_cube_error,2025-04-11 11:17:29,SO100,80,246,160,45.0,480x640,30.0,120.0,3,"above, rightfront",2,"['above', 'rightfront']",0,61,0,apache-2.0,Apache License 2.0,https://opensource.org/licenses/Apache-2.0,"This dataset was created using LeRobot.

	
		
		Dataset Structure
	

meta/info.json:
{
    ""codebase_version"": ""v2.1"",
    ""robot_type"": ""so100"",
    ""total_episodes"": 20,
    ""total_frames"": 4284,
  ...",2025-04-11 11:54:04+00:00
sixpigs1/so100_stack_cube_error,https://huggingface.co/datasets/sixpigs1/so100_stack_cube_error,https://huggingface.co/spaces/lerobot/visualize_dataset?path=sixpigs1/so100_stack_cube_error,2025-04-11 08:23:36,SO100,80,246,160,45.0,480x640,30.0,120.0,3,"above, rightfront",2,"['above', 'rightfront']",0,73,0,apache-2.0,Apache License 2.0,https://opensource.org/licenses/Apache-2.0,"This dataset was created using LeRobot.

	
		
		Dataset Structure
	

meta/info.json:
{
    ""codebase_version"": ""v2.1"",
    ""robot_type"": ""so100"",
    ""total_episodes"": 20,
    ""total_frames"": 6222,
  ...",2025-04-11 09:26:34+00:00
charleyong/so100_tic_tac_toe,https://huggingface.co/datasets/charleyong/so100_tic_tac_toe,https://huggingface.co/spaces/lerobot/visualize_dataset?path=charleyong/so100_tic_tac_toe,2025-05-12 01:15:12,SO100,79,164,79,45.0,480x640,30.0,59.2,3,stationary,1,['stationary'],0,78,0,apache-2.0,Apache License 2.0,https://opensource.org/licenses/Apache-2.0,"This dataset was created using LeRobot.

	
		
		Dataset Structure
	

meta/info.json:
{
    ""codebase_version"": ""v2.1"",
    ""robot_type"": ""so100"",
    ""total_episodes"": 20,
    ""total_frames"": 5942,
  ...",2025-05-12 02:26:11+00:00
juni3227/so100_test_cap_merge,https://huggingface.co/datasets/juni3227/so100_test_cap_merge,https://huggingface.co/spaces/lerobot/visualize_dataset?path=juni3227/so100_test_cap_merge,2025-05-13 01:31:00,SO100,76,234,152,45.0,480x640,30.0,114.0,3,"airial, right_follower",2,"['airial', 'right_follower']",0,69,0,apache-2.0,Apache License 2.0,https://opensource.org/licenses/Apache-2.0,"This dataset was created using LeRobot.

	
		
		Dataset Structure
	

meta/info.json:
{
    ""codebase_version"": ""v2.1"",
    ""robot_type"": ""so100"",
    ""total_episodes"": 71,
    ""total_frames"": 41336,
 ...",2025-05-13 01:36:42+00:00
liuhuanjim013/so100_th,https://huggingface.co/datasets/liuhuanjim013/so100_th,https://huggingface.co/spaces/lerobot/visualize_dataset?path=liuhuanjim013/so100_th,2025-03-07 14:17:42,SO100,74,228,148,45.0,480x640,30.0,111.0,3,"front, top",2,"['front', 'top']",0,77,0,apache-2.0,Apache License 2.0,https://opensource.org/licenses/Apache-2.0,"This dataset was created using LeRobot.

	
		
		Dataset Structure
	

meta/info.json:
{
    ""codebase_version"": ""v2.0"",
    ""robot_type"": ""so100"",
    ""total_episodes"": 74,
    ""total_frames"": 37220,
 ...",2025-03-07 16:52:10+00:00
DanqingZ/so100_filtered_pick_green_grey,https://huggingface.co/datasets/DanqingZ/so100_filtered_pick_green_grey,https://huggingface.co/spaces/lerobot/visualize_dataset?path=DanqingZ/so100_filtered_pick_green_grey,2025-05-31 08:03:48,SO100,74,228,148,45.0,480x640,30.0,111.0,3,"laptop, phone",2,"['laptop', 'phone']",0,293,0,apache-2.0,Apache License 2.0,https://opensource.org/licenses/Apache-2.0,"This dataset was created using LeRobot.

	
		
		Dataset Structure
	

meta/info.json:
{
    ""codebase_version"": ""v2.1"",
    ""robot_type"": ""so100"",
    ""total_episodes"": 74,
    ""total_frames"": 44125,
 ...",2025-05-31 08:04:27+00:00
juni3227/so100_test03,https://huggingface.co/datasets/juni3227/so100_test03,https://huggingface.co/spaces/lerobot/visualize_dataset?path=juni3227/so100_test03,2025-04-29 09:36:52,SO100,74,228,148,45.0,480x640,30.0,111.0,3,"airial, right_follower",2,"['airial', 'right_follower']",0,115,0,apache-2.0,Apache License 2.0,https://opensource.org/licenses/Apache-2.0,"This dataset was created using LeRobot.

	
		
		Dataset Structure
	

meta/info.json:
{
    ""codebase_version"": ""v2.1"",
    ""robot_type"": ""so100"",
    ""total_episodes"": 74,
    ""total_frames"": 60461,
 ...",2025-04-29 09:37:47+00:00
gdut508/final_so100_test_bowl,https://huggingface.co/datasets/gdut508/final_so100_test_bowl,https://huggingface.co/spaces/lerobot/visualize_dataset?path=gdut508/final_so100_test_bowl,2025-04-14 07:55:03,SO100,72,222,144,45.0,480x640,30.0,108.0,3,"laptop, phone",2,"['laptop', 'phone']",0,155,0,apache-2.0,Apache License 2.0,https://opensource.org/licenses/Apache-2.0,"This dataset was created using LeRobot.

	
		
		Dataset Structure
	

meta/info.json:
{
    ""codebase_version"": ""v2.1"",
    ""robot_type"": ""so100"",
    ""total_episodes"": 36,
    ""total_frames"": 18347,
 ...",2025-04-15 11:17:25+00:00
apayan/so100_key3,https://huggingface.co/datasets/apayan/so100_key3,https://huggingface.co/spaces/lerobot/visualize_dataset?path=apayan/so100_key3,2025-04-26 10:41:25,SO100,70,286,210,45.0,480x640,30.0,157.5,3,"front, top, wrist",3,"['front', 'top', 'wrist']",0,48,0,apache-2.0,Apache License 2.0,https://opensource.org/licenses/Apache-2.0,"This dataset was created using LeRobot.

	
		
		Dataset Structure
	

meta/info.json:
{
    ""codebase_version"": ""v2.1"",
    ""robot_type"": ""so100"",
    ""total_episodes"": 10,
    ""total_frames"": 8294,
  ...",2025-04-26 11:48:30+00:00
dsfsg/so100_test2,https://huggingface.co/datasets/dsfsg/so100_test2,https://huggingface.co/spaces/lerobot/visualize_dataset?path=dsfsg/so100_test2,2025-03-26 11:29:47,SO100,70,216,140,45.0,480x640,30.0,105.0,3,"laptop, phone",2,"['laptop', 'phone']",0,49,0,apache-2.0,Apache License 2.0,https://opensource.org/licenses/Apache-2.0,"This dataset was created using LeRobot.

	
		
		Dataset Structure
	

meta/info.json:
{
    ""codebase_version"": ""v2.1"",
    ""robot_type"": ""so100"",
    ""total_episodes"": 5,
    ""total_frames"": 3496,
   ...",2025-04-01 14:09:40+00:00
apayan/so100_last3,https://huggingface.co/datasets/apayan/so100_last3,https://huggingface.co/spaces/lerobot/visualize_dataset?path=apayan/so100_last3,2025-05-05 21:29:55,SO100,70,286,210,45.0,480x640,30.0,157.5,3,"front, top, wrist",3,"['front', 'top', 'wrist']",0,52,0,apache-2.0,Apache License 2.0,https://opensource.org/licenses/Apache-2.0,"This dataset was created using LeRobot.

	
		
		Dataset Structure
	

meta/info.json:
{
    ""codebase_version"": ""v2.1"",
    ""robot_type"": ""so100"",
    ""total_episodes"": 10,
    ""total_frames"": 6862,
  ...",2025-05-05 22:26:39+00:00
masato-ka/so100_nlact_block_instruct_v2,https://huggingface.co/datasets/masato-ka/so100_nlact_block_instruct_v2,https://huggingface.co/spaces/lerobot/visualize_dataset?path=masato-ka/so100_nlact_block_instruct_v2,2025-05-16 13:33:57,SO100,70,148,70,45.0,480x640,30.0,52.5,3,front,1,['front'],0,242,0,apache-2.0,Apache License 2.0,https://opensource.org/licenses/Apache-2.0,"This dataset was created using LeRobot.

	
		
		Dataset Structure
	

meta/info.json:
{
    ""codebase_version"": ""v2.1"",
    ""robot_type"": ""so100"",
    ""total_episodes"": 5,
    ""total_frames"": 2976,
   ...",2025-05-16 14:40:11+00:00
allenchienxxx/so100_toy_bin,https://huggingface.co/datasets/allenchienxxx/so100_toy_bin,https://huggingface.co/spaces/lerobot/visualize_dataset?path=allenchienxxx/so100_toy_bin,2025-05-06 21:09:00,SO100,70,216,140,45.0,480x640,30.0,105.0,3,"laptop, phone",2,"['laptop', 'phone']",0,95,0,apache-2.0,Apache License 2.0,https://opensource.org/licenses/Apache-2.0,"This dataset was created using LeRobot.

	
		
		Dataset Structure
	

meta/info.json:
{
    ""codebase_version"": ""v2.1"",
    ""robot_type"": ""so100"",
    ""total_episodes"": 10,
    ""total_frames"": 5560,
  ...",2025-05-06 21:57:27+00:00
gxy1111/so100_pen2,https://huggingface.co/datasets/gxy1111/so100_pen2,https://huggingface.co/spaces/lerobot/visualize_dataset?path=gxy1111/so100_pen2,2025-06-04 14:24:39,SO100,70,216,140,45.0,480x640,30.0,105.0,3,"eye, wrist",2,"['eye', 'wrist']",0,187,0,apache-2.0,Apache License 2.0,https://opensource.org/licenses/Apache-2.0,"This dataset was created using LeRobot.

	
		
		Dataset Structure
	

meta/info.json:
{
    ""codebase_version"": ""v2.1"",
    ""robot_type"": ""so100"",
    ""total_episodes"": 70,
    ""total_frames"": 14105,
 ...",2025-06-04 14:27:32+00:00
love3165303/so100_dual_pick2,https://huggingface.co/datasets/love3165303/so100_dual_pick2,https://huggingface.co/spaces/lerobot/visualize_dataset?path=love3165303/so100_dual_pick2,2025-05-21 05:50:26,SO100,70,286,210,45.0,480x640,30.0,157.5,3,"left_wrist, right_wrist, top",3,"['left_wrist', 'right_wrist', 'top']",0,349,0,apache-2.0,Apache License 2.0,https://opensource.org/licenses/Apache-2.0,"This dataset was created using LeRobot.

	
		
		Dataset Structure
	

meta/info.json:
{
    ""codebase_version"": ""v2.1"",
    ""robot_type"": ""so100"",
    ""total_episodes"": 1,
    ""total_frames"": 429,
    ...",2025-05-23 03:22:51+00:00
taxitain/eval_act_so100_obj_to_bin_v2,https://huggingface.co/datasets/taxitain/eval_act_so100_obj_to_bin_v2,https://huggingface.co/spaces/lerobot/visualize_dataset?path=taxitain/eval_act_so100_obj_to_bin_v2,2025-05-17 21:14:35,SO100,69,213,138,45.0,480x640,30.0,103.5,3,"side1, top0",2,"['side1', 'top0']",0,889,0,apache-2.0,Apache License 2.0,https://opensource.org/licenses/Apache-2.0,"This dataset was created using LeRobot.

	
		
		Dataset Structure
	

meta/info.json:
{
    ""codebase_version"": ""v2.1"",
    ""robot_type"": ""so100"",
    ""total_episodes"": 5,
    ""total_frames"": 3417,
   ...",2025-06-13 15:56:10+00:00
apayan/so100_key3_local,https://huggingface.co/datasets/apayan/so100_key3_local,https://huggingface.co/spaces/lerobot/visualize_dataset?path=apayan/so100_key3_local,2025-04-27 20:32:44,SO100,69,282,207,45.0,480x640,30.0,155.2,3,"front, top, wrist",3,"['front', 'top', 'wrist']",0,38,0,Unknown,Unknown,,"This dataset was created using LeRobot.

	
		
		Dataset Structure
	

meta/info.json:
{
    ""codebase_version"": ""v2.1"",
    ""robot_type"": ""so100"",
    ""total_episodes"": 67,
    ""total_frames"": 55663,
 ...",2025-04-27 20:38:44+00:00
apayan/so100_plug4,https://huggingface.co/datasets/apayan/so100_plug4,https://huggingface.co/spaces/lerobot/visualize_dataset?path=apayan/so100_plug4,2025-04-24 17:28:06,SO100,67,274,201,45.0,480x640,30.0,150.8,3,"front, top, wrist",3,"['front', 'top', 'wrist']",0,43,0,apache-2.0,Apache License 2.0,https://opensource.org/licenses/Apache-2.0,"This dataset was created using LeRobot.

	
		
		Dataset Structure
	

meta/info.json:
{
    ""codebase_version"": ""v2.1"",
    ""robot_type"": ""so100"",
    ""total_episodes"": 1,
    ""total_frames"": 859,
    ...",2025-04-24 23:20:36+00:00
Mwuqiu/so100_0408_muti,https://huggingface.co/datasets/Mwuqiu/so100_0408_muti,https://huggingface.co/spaces/lerobot/visualize_dataset?path=Mwuqiu/so100_0408_muti,2025-04-08 12:10:00,SO100,66,204,132,45.0,480x640,30.0,99.0,3,"laptop, phone",2,"['laptop', 'phone']",0,87,0,apache-2.0,Apache License 2.0,https://opensource.org/licenses/Apache-2.0,"This dataset was created using LeRobot.

	
		
		Dataset Structure
	

meta/info.json:
{
    ""codebase_version"": ""v2.1"",
    ""robot_type"": ""so100"",
    ""total_episodes"": 11,
    ""total_frames"": 5494,
  ...",2025-04-08 12:43:41+00:00
gdut508/final_so100_test_tea2,https://huggingface.co/datasets/gdut508/final_so100_test_tea2,https://huggingface.co/spaces/lerobot/visualize_dataset?path=gdut508/final_so100_test_tea2,2025-04-03 07:30:40,SO100,66,204,132,45.0,480x640,30.0,99.0,3,"laptop, phone",2,"['laptop', 'phone']",0,100,0,apache-2.0,Apache License 2.0,https://opensource.org/licenses/Apache-2.0,"This dataset was created using LeRobot.

	
		
		Dataset Structure
	

meta/info.json:
{
    ""codebase_version"": ""v2.1"",
    ""robot_type"": ""so100"",
    ""total_episodes"": 66,
    ""total_frames"": 31250,
 ...",2025-04-03 07:31:58+00:00
love3165303/so100_pick5,https://huggingface.co/datasets/love3165303/so100_pick5,https://huggingface.co/spaces/lerobot/visualize_dataset?path=love3165303/so100_pick5,2025-05-20 15:23:56,SO100,65,201,130,45.0,480x640,30.0,97.5,3,"laptop, phone",2,"['laptop', 'phone']",0,185,0,apache-2.0,Apache License 2.0,https://opensource.org/licenses/Apache-2.0,"This dataset was created using LeRobot.

	
		
		Dataset Structure
	

meta/info.json:
{
    ""codebase_version"": ""v2.1"",
    ""robot_type"": ""so100"",
    ""total_episodes"": 65,
    ""total_frames"": 13739,
 ...",2025-05-20 15:26:51+00:00
imsyed00/so100_banana_pickplace_1,https://huggingface.co/datasets/imsyed00/so100_banana_pickplace_1,https://huggingface.co/spaces/lerobot/visualize_dataset?path=imsyed00/so100_banana_pickplace_1,2025-05-22 23:18:34,SO100,65,136,65,30.0,480x640,30.0,32.5,3,"web, webcam",2,"['web', 'webcam']",0,474,0,apache-2.0,Apache License 2.0,https://opensource.org/licenses/Apache-2.0,"This dataset was created using LeRobot.

	
		
		Dataset Structure
	

meta/info.json:
{
    ""codebase_version"": ""v2.1"",
    ""robot_type"": ""so100"",
    ""total_episodes"": 31,
    ""total_frames"": 13792,
 ...",2025-05-23 00:03:40+00:00
juni3227/so100_shell_game_real3,https://huggingface.co/datasets/juni3227/so100_shell_game_real3,https://huggingface.co/spaces/lerobot/visualize_dataset?path=juni3227/so100_shell_game_real3,2025-06-14 14:45:19,SO100,65,266,195,45.0,480x640,30.0,146.2,3,"left, robotarm00, top",3,"['left', 'robotarm00', 'top']",0,0,0,apache-2.0,Apache License 2.0,https://opensource.org/licenses/Apache-2.0,"This dataset was created using LeRobot.

	
		
		Dataset Structure
	

meta/info.json:
{
    ""codebase_version"": ""v2.1"",
    ""robot_type"": ""so100"",
    ""total_episodes"": 16,
    ""total_frames"": 11649,
 ...",2025-06-14 16:26:02+00:00
triton7777/so100_dataset_mix,https://huggingface.co/datasets/triton7777/so100_dataset_mix,https://huggingface.co/spaces/lerobot/visualize_dataset?path=triton7777/so100_dataset_mix,2025-02-19 21:11:19,SO100,65,331,260,45.0,480x640,30.0,195.0,3,"gripper, s_left, s_right, top",4,"['gripper', 's_left', 's_right', 'top']",0,116,0,apache-2.0,Apache License 2.0,https://opensource.org/licenses/Apache-2.0,"This dataset was created using LeRobot.

	
		
		Dataset Structure
	

meta/info.json:
{
    ""codebase_version"": ""v2.0"",
    ""robot_type"": ""so100"",
    ""total_episodes"": 65,
    ""total_frames"": 66189,
 ...",2025-02-27 14:41:30+00:00
eddierex/so100_bi_test_box,https://huggingface.co/datasets/eddierex/so100_bi_test_box,https://huggingface.co/spaces/lerobot/visualize_dataset?path=eddierex/so100_bi_test_box,2025-04-19 13:44:40,SO100,63,257,189,30.0,480x640,30.0,94.5,3,"cam_left, cam_right, laptop, left, right",5,"['cam_left', 'cam_right', 'laptop', 'left', 'right']",0,70,0,Unknown,Unknown,,,2025-04-20 06:57:26+00:00
pranavsaroha/so100_carrot_2,https://huggingface.co/datasets/pranavsaroha/so100_carrot_2,https://huggingface.co/spaces/lerobot/visualize_dataset?path=pranavsaroha/so100_carrot_2,2024-12-28 19:55:14,SO100,63,195,126,45.0,480x640,30.0,94.5,3,"laptop, phone",2,"['laptop', 'phone']",0,86,0,apache-2.0,Apache License 2.0,https://opensource.org/licenses/Apache-2.0,"This dataset was created using LeRobot.

	
		
		Dataset Structure
	

meta/info.json:
{
    ""codebase_version"": ""v2.0"",
    ""robot_type"": ""so100"",
    ""total_episodes"": 63,
    ""total_frames"": 25234,
 ...",2024-12-28 20:22:37+00:00
Artdelia/so100_test,https://huggingface.co/datasets/Artdelia/so100_test,https://huggingface.co/spaces/lerobot/visualize_dataset?path=Artdelia/so100_test,2025-03-31 15:06:05,SO100,63,132,63,45.0,480x640,30.0,47.2,3,phone,1,['phone'],0,44,0,apache-2.0,Apache License 2.0,https://opensource.org/licenses/Apache-2.0,"This dataset was created using LeRobot.

	
		
		Dataset Structure
	

meta/info.json:
{
    ""codebase_version"": ""v2.1"",
    ""robot_type"": ""so100"",
    ""total_episodes"": 2,
    ""total_frames"": 1171,
   ...",2025-03-31 15:30:43+00:00
taxitain/so100_obj_to_bin_top0_180,https://huggingface.co/datasets/taxitain/so100_obj_to_bin_top0_180,https://huggingface.co/spaces/lerobot/visualize_dataset?path=taxitain/so100_obj_to_bin_top0_180,2025-05-05 20:20:51,SO100,62,192,124,45.0,480x640,30.0,93.0,3,"side1, top0",2,"['side1', 'top0']",0,63,0,apache-2.0,Apache License 2.0,https://opensource.org/licenses/Apache-2.0,"This dataset was created using LeRobot.

	
		
		Dataset Structure
	

meta/info.json:
{
    ""codebase_version"": ""v2.1"",
    ""robot_type"": ""so100"",
    ""total_episodes"": 1,
    ""total_frames"": 872,
    ...",2025-05-06 07:35:53+00:00
siqiLi/so100_test1,https://huggingface.co/datasets/siqiLi/so100_test1,https://huggingface.co/spaces/lerobot/visualize_dataset?path=siqiLi/so100_test1,2025-02-26 09:27:04,SO100,62,186,118,45.0,480x640,30.0,88.5,3,"laptop, phone",2,"['laptop', 'phone']",0,211,0,apache-2.0,Apache License 2.0,https://opensource.org/licenses/Apache-2.0,"This dataset was created using LeRobot.

	
		
		Dataset Structure
	

meta/info.json:
{
    ""codebase_version"": ""v2.0"",
    ""robot_type"": ""so100"",
    ""total_episodes"": 50,
    ""total_frames"": 22035,
 ...",2025-06-04 12:45:55+00:00
aaaRick/so100_test614sec,https://huggingface.co/datasets/aaaRick/so100_test614sec,https://huggingface.co/spaces/lerobot/visualize_dataset?path=aaaRick/so100_test614sec,2025-06-14 07:51:27,SO100,61,189,122,45.0,480x640,30.0,91.5,3,"laptop, phone",2,"['laptop', 'phone']",0,57,0,apache-2.0,Apache License 2.0,https://opensource.org/licenses/Apache-2.0,"This dataset was created using LeRobot.

	
		
		Dataset Structure
	

meta/info.json:
{
    ""codebase_version"": ""v2.1"",
    ""robot_type"": ""so100"",
    ""total_episodes"": 10,
    ""total_frames"": 3573,
  ...",2025-06-14 08:41:22+00:00
pranavsaroha/so100_carrot_5,https://huggingface.co/datasets/pranavsaroha/so100_carrot_5,https://huggingface.co/spaces/lerobot/visualize_dataset?path=pranavsaroha/so100_carrot_5,2024-12-29 06:59:17,SO100,61,189,122,45.0,480x640,30.0,91.5,3,"laptop, phone",2,"['laptop', 'phone']",0,69,0,apache-2.0,Apache License 2.0,https://opensource.org/licenses/Apache-2.0,"This dataset was created using LeRobot.

	
		
		Dataset Structure
	

meta/info.json:
{
    ""codebase_version"": ""v2.0"",
    ""robot_type"": ""so100"",
    ""total_episodes"": 61,
    ""total_frames"": 24199,
 ...",2024-12-29 07:08:11+00:00
siqiLi/so100_test16,https://huggingface.co/datasets/siqiLi/so100_test16,https://huggingface.co/spaces/lerobot/visualize_dataset?path=siqiLi/so100_test16,2025-06-04 17:46:12,SO100,61,167,111,45.0,480x640,30.0,83.2,3,"laptop, phone",2,"['laptop', 'phone']",0,323,0,apache-2.0,Apache License 2.0,https://opensource.org/licenses/Apache-2.0,"This dataset was created using LeRobot.

	
		
		Dataset Structure
	

meta/info.json:
{
    ""codebase_version"": ""v2.0"",
    ""robot_type"": ""so100"",
    ""total_episodes"": 50,
    ""total_frames"": 22035,
 ...",2025-06-04 18:07:46+00:00
jchun/so100_cleaning_20250525_132814,https://huggingface.co/datasets/jchun/so100_cleaning_20250525_132814,https://huggingface.co/spaces/lerobot/visualize_dataset?path=jchun/so100_cleaning_20250525_132814,2025-05-25 21:12:24,SO100,61,189,122,45.0,480x640,30.0,91.5,3,"main, web, webcam",3,"['main', 'web', 'webcam']",0,170,0,apache-2.0,Apache License 2.0,https://opensource.org/licenses/Apache-2.0,"This dataset was created using LeRobot.

	
		
		Dataset Structure
	

meta/info.json:
{
    ""codebase_version"": ""v2.1"",
    ""robot_type"": ""so100"",
    ""total_episodes"": 61,
    ""total_frames"": 28124,
 ...",2025-05-25 21:14:28+00:00
juni3227/so100_test_cap02_sideway,https://huggingface.co/datasets/juni3227/so100_test_cap02_sideway,https://huggingface.co/spaces/lerobot/visualize_dataset?path=juni3227/so100_test_cap02_sideway,2025-05-14 01:22:14,SO100,61,189,122,45.0,480x640,30.0,91.5,3,"airial, right_follower",2,"['airial', 'right_follower']",0,141,0,apache-2.0,Apache License 2.0,https://opensource.org/licenses/Apache-2.0,"This dataset was created using LeRobot.

	
		
		Dataset Structure
	

meta/info.json:
{
    ""codebase_version"": ""v2.1"",
    ""robot_type"": ""so100"",
    ""total_episodes"": 7,
    ""total_frames"": 3903,
   ...",2025-05-14 02:29:58+00:00
dragon-95/so100_sorting,https://huggingface.co/datasets/dragon-95/so100_sorting,https://huggingface.co/spaces/lerobot/visualize_dataset?path=dragon-95/so100_sorting,2025-01-23 07:55:27,SO100,61,189,122,45.0,480x640,30.0,91.5,3,"laptop, phone",2,"['laptop', 'phone']",0,77,0,apache-2.0,Apache License 2.0,https://opensource.org/licenses/Apache-2.0,"This dataset was created using LeRobot.

	
		
		Dataset Structure
	

meta/info.json:
{
    ""codebase_version"": ""v2.0"",
    ""robot_type"": ""so100"",
    ""total_episodes"": 61,
    ""total_frames"": 95346,
 ...",2025-01-23 08:39:43+00:00
therarelab/so100_pick_place_2,https://huggingface.co/datasets/therarelab/so100_pick_place_2,https://huggingface.co/spaces/lerobot/visualize_dataset?path=therarelab/so100_pick_place_2,2025-04-04 14:38:52,SO100,60,186,120,45.0,480x640,30.0,90.0,3,"laptop, phone",2,"['laptop', 'phone']",0,83,0,apache-2.0,Apache License 2.0,https://opensource.org/licenses/Apache-2.0,"This dataset was created using LeRobot.

	
		
		Dataset Structure
	

meta/info.json:
{
    ""codebase_version"": ""v2.0"",
    ""robot_type"": ""so100"",
    ""total_episodes"": 60,
    ""total_frames"": 25014,
 ...",2025-04-09 21:14:55+00:00
juni3227/so100_test05,https://huggingface.co/datasets/juni3227/so100_test05,https://huggingface.co/spaces/lerobot/visualize_dataset?path=juni3227/so100_test05,2025-05-02 06:47:52,SO100,60,186,120,45.0,480x640,30.0,90.0,3,"airial, right_follower",2,"['airial', 'right_follower']",0,50,0,apache-2.0,Apache License 2.0,https://opensource.org/licenses/Apache-2.0,"This dataset was created using LeRobot.

	
		
		Dataset Structure
	

meta/info.json:
{
    ""codebase_version"": ""v2.1"",
    ""robot_type"": ""so100"",
    ""total_episodes"": 5,
    ""total_frames"": 4067,
   ...",2025-05-02 08:42:13+00:00
xhaka3456/so100_test5,https://huggingface.co/datasets/xhaka3456/so100_test5,https://huggingface.co/spaces/lerobot/visualize_dataset?path=xhaka3456/so100_test5,2025-02-26 07:03:34,SO100,60,186,120,45.0,480x640,30.0,90.0,3,"laptop, phone",2,"['laptop', 'phone']",0,72,0,apache-2.0,Apache License 2.0,https://opensource.org/licenses/Apache-2.0,"This dataset was created using LeRobot.

	
		
		Dataset Structure
	

meta/info.json:
{
    ""codebase_version"": ""v2.0"",
    ""robot_type"": ""so100"",
    ""total_episodes"": 60,
    ""total_frames"": 21439,
 ...",2025-02-26 07:04:41+00:00
love3165303/so100_pick_gemini,https://huggingface.co/datasets/love3165303/so100_pick_gemini,https://huggingface.co/spaces/lerobot/visualize_dataset?path=love3165303/so100_pick_gemini,2025-05-24 10:33:04,SO100,60,126,60,45.0,480x640,30.0,45.0,3,front,1,['front'],0,210,0,apache-2.0,Apache License 2.0,https://opensource.org/licenses/Apache-2.0,"This dataset was created using LeRobot.

	
		
		Dataset Structure
	

meta/info.json:
{
    ""codebase_version"": ""v2.1"",
    ""robot_type"": ""so100"",
    ""total_episodes"": 10,
    ""total_frames"": 2119,
  ...",2025-05-24 11:10:05+00:00
shreyasgite/so100_bbox_augment,https://huggingface.co/datasets/shreyasgite/so100_bbox_augment,https://huggingface.co/spaces/lerobot/visualize_dataset?path=shreyasgite/so100_bbox_augment,2025-05-09 08:30:48,SO100,60,126,60,45.0,480x640,30.0,45.0,3,laptop,1,['laptop'],0,110,0,apache-2.0,Apache License 2.0,https://opensource.org/licenses/Apache-2.0,"This dataset was created using LeRobot.

	
		
		Dataset Structure
	

meta/info.json:
{
    ""codebase_version"": ""v2.1"",
    ""robot_type"": ""so100"",
    ""total_episodes"": 7,
    ""total_frames"": 13898,
  ...",2025-05-12 08:13:57+00:00
hrhraj/so100_combined_dataset_new,https://huggingface.co/datasets/hrhraj/so100_combined_dataset_new,https://huggingface.co/spaces/lerobot/visualize_dataset?path=hrhraj/so100_combined_dataset_new,2025-05-09 19:39:53,SO100,60,245,180,45.0,480x640,30.0,135.0,3,"gripper, laptop, phone",3,"['gripper', 'laptop', 'phone']",0,28,0,Unknown,Unknown,,,2025-05-09 19:45:30+00:00
liuhuanjim013/eval_act_so100_th_1-1,https://huggingface.co/datasets/liuhuanjim013/eval_act_so100_th_1-1,https://huggingface.co/spaces/lerobot/visualize_dataset?path=liuhuanjim013/eval_act_so100_th_1-1,2025-03-10 07:15:53,SO100,60,186,120,45.0,480x640,30.0,90.0,3,"hand, top",2,"['hand', 'top']",0,44,0,apache-2.0,Apache License 2.0,https://opensource.org/licenses/Apache-2.0,"This dataset was created using LeRobot.

	
		
		Dataset Structure
	

meta/info.json:
{
    ""codebase_version"": ""v2.1"",
    ""robot_type"": ""so100"",
    ""total_episodes"": 10,
    ""total_frames"": 7436,
  ...",2025-03-10 08:35:22+00:00
paszea/so100_whale_4,https://huggingface.co/datasets/paszea/so100_whale_4,https://huggingface.co/spaces/lerobot/visualize_dataset?path=paszea/so100_whale_4,2025-04-05 00:05:45,SO100,60,186,120,45.0,480x640,30.0,90.0,3,"laptop, phone",2,"['laptop', 'phone']",0,75,0,apache-2.0,Apache License 2.0,https://opensource.org/licenses/Apache-2.0,"This dataset was created using LeRobot.

	
		
		Dataset Structure
	

meta/info.json:
{
    ""codebase_version"": ""v2.1"",
    ""robot_type"": ""so100"",
    ""total_episodes"": 60,
    ""total_frames"": 34457,
 ...",2025-04-05 00:06:39+00:00
356c/so100_rope_reposition_1,https://huggingface.co/datasets/356c/so100_rope_reposition_1,https://huggingface.co/spaces/lerobot/visualize_dataset?path=356c/so100_rope_reposition_1,2025-04-08 19:33:58,SO100,60,246,180,45.0,480x640,30.0,135.0,3,"body, overhead, side",3,"['body', 'overhead', 'side']",0,132,0,apache-2.0,Apache License 2.0,https://opensource.org/licenses/Apache-2.0,"This dataset was created using LeRobot.

	
		
		Dataset Structure
	

meta/info.json:
{
    ""codebase_version"": ""v2.1"",
    ""robot_type"": ""so100"",
    ""total_episodes"": 60,
    ""total_frames"": 48800,
 ...",2025-04-08 20:01:52+00:00
vladfatu/so100_ds,https://huggingface.co/datasets/vladfatu/so100_ds,https://huggingface.co/spaces/lerobot/visualize_dataset?path=vladfatu/so100_ds,2025-01-09 22:29:21,SO100,60,186,120,45.0,480x640,30.0,90.0,3,"laptop, phone",2,"['laptop', 'phone']",0,76,0,apache-2.0,Apache License 2.0,https://opensource.org/licenses/Apache-2.0,"This dataset was created using LeRobot.

	
		
		Dataset Structure
	

meta/info.json:
{
    ""codebase_version"": ""v2.0"",
    ""robot_type"": ""so100"",
    ""total_episodes"": 60,
    ""total_frames"": 71734,
 ...",2025-01-11 13:46:28+00:00
yyyyyy0604/so100_data2,https://huggingface.co/datasets/yyyyyy0604/so100_data2,https://huggingface.co/spaces/lerobot/visualize_dataset?path=yyyyyy0604/so100_data2,2025-05-18 13:06:49,SO100,60,186,120,45.0,480x640,30.0,90.0,3,"laptop, phone",2,"['laptop', 'phone']",0,218,0,apache-2.0,Apache License 2.0,https://opensource.org/licenses/Apache-2.0,"This dataset was created using LeRobot.

	
		
		Dataset Structure
	

meta/info.json:
{
    ""codebase_version"": ""v2.0"",
    ""robot_type"": ""so100"",
    ""total_episodes"": 60,
    ""total_frames"": 34146,
 ...",2025-05-18 13:57:38+00:00
DorayakiLin/yzw_so100_stack_cube_to_test_gr00t_wrist,https://huggingface.co/datasets/DorayakiLin/yzw_so100_stack_cube_to_test_gr00t_wrist,https://huggingface.co/spaces/lerobot/visualize_dataset?path=DorayakiLin/yzw_so100_stack_cube_to_test_gr00t_wrist,2025-04-20 11:37:09,SO100,60,186,120,45.0,480x640,30.0,90.0,3,"above, wrist",2,"['above', 'wrist']",0,48,0,apache-2.0,Apache License 2.0,https://opensource.org/licenses/Apache-2.0,"This dataset was created using LeRobot.

	
		
		Dataset Structure
	

meta/info.json:
{
    ""codebase_version"": ""v2.1"",
    ""robot_type"": ""so100"",
    ""total_episodes"": 60,
    ""total_frames"": 12459,
 ...",2025-04-20 11:38:17+00:00
yyyyyy0604/so100_data,https://huggingface.co/datasets/yyyyyy0604/so100_data,https://huggingface.co/spaces/lerobot/visualize_dataset?path=yyyyyy0604/so100_data,2025-05-16 02:20:32,SO100,60,186,120,45.0,480x640,30.0,90.0,3,"laptop, phone",2,"['laptop', 'phone']",0,247,0,apache-2.0,Apache License 2.0,https://opensource.org/licenses/Apache-2.0,"This dataset was created using LeRobot.

	
		
		Dataset Structure
	

meta/info.json:
{
    ""codebase_version"": ""v2.0"",
    ""robot_type"": ""so100"",
    ""total_episodes"": 60,
    ""total_frames"": 35742,
 ...",2025-05-16 04:19:58+00:00
356c/so100_nut_test_1,https://huggingface.co/datasets/356c/so100_nut_test_1,https://huggingface.co/spaces/lerobot/visualize_dataset?path=356c/so100_nut_test_1,2025-04-05 02:51:41,SO100,60,186,120,45.0,480x640,30.0,90.0,3,"overhead, side",2,"['overhead', 'side']",0,56,0,apache-2.0,Apache License 2.0,https://opensource.org/licenses/Apache-2.0,"This dataset was created using LeRobot.

	
		
		Dataset Structure
	

meta/info.json:
{
    ""codebase_version"": ""v2.1"",
    ""robot_type"": ""so100"",
    ""total_episodes"": 60,
    ""total_frames"": 31944,
 ...",2025-04-05 03:06:21+00:00
356c/so100_duck_reposition_1,https://huggingface.co/datasets/356c/so100_duck_reposition_1,https://huggingface.co/spaces/lerobot/visualize_dataset?path=356c/so100_duck_reposition_1,2025-04-09 21:45:45,SO100,60,246,180,45.0,480x640,30.0,135.0,3,"body, overhead, side",3,"['body', 'overhead', 'side']",0,173,0,apache-2.0,Apache License 2.0,https://opensource.org/licenses/Apache-2.0,"This dataset was created using LeRobot.

	
		
		Dataset Structure
	

meta/info.json:
{
    ""codebase_version"": ""v2.1"",
    ""robot_type"": ""so100"",
    ""total_episodes"": 60,
    ""total_frames"": 48776,
 ...",2025-04-09 22:13:47+00:00
DanqingZ/so100_test_pick_green_5,https://huggingface.co/datasets/DanqingZ/so100_test_pick_green_5,https://huggingface.co/spaces/lerobot/visualize_dataset?path=DanqingZ/so100_test_pick_green_5,2025-05-30 05:56:10,SO100,60,186,120,45.0,480x640,30.0,90.0,3,"laptop, phone",2,"['laptop', 'phone']",0,265,0,apache-2.0,Apache License 2.0,https://opensource.org/licenses/Apache-2.0,"This dataset was created using LeRobot.

	
		
		Dataset Structure
	

meta/info.json:
{
    ""codebase_version"": ""v2.1"",
    ""robot_type"": ""so100"",
    ""total_episodes"": 60,
    ""total_frames"": 35784,
 ...",2025-05-30 05:56:43+00:00
356c/so100_nut_sort_1,https://huggingface.co/datasets/356c/so100_nut_sort_1,https://huggingface.co/spaces/lerobot/visualize_dataset?path=356c/so100_nut_sort_1,2025-04-08 01:05:09,SO100,60,246,180,45.0,480x640,30.0,135.0,3,"body, overhead, side",3,"['body', 'overhead', 'side']",0,85,0,apache-2.0,Apache License 2.0,https://opensource.org/licenses/Apache-2.0,"This dataset was created using LeRobot.

	
		
		Dataset Structure
	

meta/info.json:
{
    ""codebase_version"": ""v2.1"",
    ""robot_type"": ""so100"",
    ""total_episodes"": 60,
    ""total_frames"": 43384,
 ...",2025-04-08 01:27:27+00:00
Yan1205/so100_test,https://huggingface.co/datasets/Yan1205/so100_test,https://huggingface.co/spaces/lerobot/visualize_dataset?path=Yan1205/so100_test,2025-03-30 14:54:14,SO100,60,186,120,45.0,480x640,30.0,90.0,3,"laptop, phone",2,"['laptop', 'phone']",0,48,0,apache-2.0,Apache License 2.0,https://opensource.org/licenses/Apache-2.0,"This dataset was created using LeRobot.

	
		
		Dataset Structure
	

meta/info.json:
{
    ""codebase_version"": ""v2.1"",
    ""robot_type"": ""so100"",
    ""total_episodes"": 2,
    ""total_frames"": 1140,
   ...",2025-03-31 07:11:42+00:00
ganker5/so100_push_20250331,https://huggingface.co/datasets/ganker5/so100_push_20250331,https://huggingface.co/spaces/lerobot/visualize_dataset?path=ganker5/so100_push_20250331,2025-03-31 01:41:10,SO100,60,186,120,45.0,480x640,30.0,90.0,3,"laptop, phone",2,"['laptop', 'phone']",0,73,0,apache-2.0,Apache License 2.0,https://opensource.org/licenses/Apache-2.0,"This dataset was created using LeRobot.

	
		
		Dataset Structure
	

meta/info.json:
{
    ""codebase_version"": ""v2.1"",
    ""robot_type"": ""so100"",
    ""total_episodes"": 5,
    ""total_frames"": 3196,
   ...",2025-03-31 02:18:38+00:00
gdut508/final_so100_test_tea1,https://huggingface.co/datasets/gdut508/final_so100_test_tea1,https://huggingface.co/spaces/lerobot/visualize_dataset?path=gdut508/final_so100_test_tea1,2025-03-24 08:51:48,SO100,60,186,120,45.0,480x640,30.0,90.0,3,"laptop, phone",2,"['laptop', 'phone']",0,53,0,apache-2.0,Apache License 2.0,https://opensource.org/licenses/Apache-2.0,"This dataset was created using LeRobot.

	
		
		Dataset Structure
	

meta/info.json:
{
    ""codebase_version"": ""v2.1"",
    ""robot_type"": ""so100"",
    ""total_episodes"": 30,
    ""total_frames"": 13082,
 ...",2025-03-24 09:07:29+00:00
taxitain/so100_obj_to_bin_v2,https://huggingface.co/datasets/taxitain/so100_obj_to_bin_v2,https://huggingface.co/spaces/lerobot/visualize_dataset?path=taxitain/so100_obj_to_bin_v2,2025-05-05 18:06:27,SO100,60,186,120,45.0,480x640,30.0,90.0,3,"side1, top0",2,"['side1', 'top0']",0,173,0,apache-2.0,Apache License 2.0,https://opensource.org/licenses/Apache-2.0,"This dataset was created using LeRobot.

	
		
		Dataset Structure
	

meta/info.json:
{
    ""codebase_version"": ""v2.1"",
    ""robot_type"": ""so100"",
    ""total_episodes"": 5,
    ""total_frames"": 2902,
   ...",2025-05-16 20:45:50+00:00
hegdearyandev/so100_eraser_cup_v1,https://huggingface.co/datasets/hegdearyandev/so100_eraser_cup_v1,https://huggingface.co/spaces/lerobot/visualize_dataset?path=hegdearyandev/so100_eraser_cup_v1,2025-02-19 10:28:18,SO100,60,186,120,45.0,480x640,30.0,90.0,3,"0, phone, web_0, webcam",4,"['0', 'phone', 'web_0', 'webcam']",0,73,0,apache-2.0,Apache License 2.0,https://opensource.org/licenses/Apache-2.0,"This dataset was created using LeRobot.

	
		
		Dataset Structure
	

meta/info.json:
{
    ""codebase_version"": ""v2.0"",
    ""robot_type"": ""so100"",
    ""total_episodes"": 60,
    ""total_frames"": 18145,
 ...",2025-02-19 16:14:39+00:00
arulloomba/so100_test_4,https://huggingface.co/datasets/arulloomba/so100_test_4,https://huggingface.co/spaces/lerobot/visualize_dataset?path=arulloomba/so100_test_4,2025-04-26 03:04:23,SO100,59,183,118,45.0,480x640,30.0,88.5,3,"attached_arm, detatched_arm",2,"['attached_arm', 'detatched_arm']",0,71,0,apache-2.0,Apache License 2.0,https://opensource.org/licenses/Apache-2.0,"This dataset was created using LeRobot.

	
		
		Dataset Structure
	

meta/info.json:
{
    ""codebase_version"": ""v2.1"",
    ""robot_type"": ""so100"",
    ""total_episodes"": 10,
    ""total_frames"": 7464,
  ...",2025-04-26 05:03:16+00:00
maitereo/so100_bag_placement_20250426,https://huggingface.co/datasets/maitereo/so100_bag_placement_20250426,https://huggingface.co/spaces/lerobot/visualize_dataset?path=maitereo/so100_bag_placement_20250426,2025-04-25 17:52:54,SO100,59,183,118,45.0,480x640,30.0,88.5,3,"gripper, tabletop",2,"['gripper', 'tabletop']",0,51,0,apache-2.0,Apache License 2.0,https://opensource.org/licenses/Apache-2.0,"This dataset was created using LeRobot.

	
		
		Dataset Structure
	

meta/info.json:
{
    ""codebase_version"": ""v2.1"",
    ""robot_type"": ""so100"",
    ""total_episodes"": 59,
    ""total_frames"": 48333,
 ...",2025-04-25 17:55:38+00:00
seonixx/so100_test_v2.1,https://huggingface.co/datasets/seonixx/so100_test_v2.1,https://huggingface.co/spaces/lerobot/visualize_dataset?path=seonixx/so100_test_v2.1,2025-06-03 14:30:19,SO100,59,183,118,45.0,480x640,30.0,88.5,3,"gripper, room",2,"['gripper', 'room']",0,261,0,apache-2.0,Apache License 2.0,https://opensource.org/licenses/Apache-2.0,"This dataset was created using LeRobot.

	
		
		Dataset Structure
	

meta/info.json:
{
    ""codebase_version"": ""v2.1"",
    ""robot_type"": ""so100"",
    ""total_episodes"": 60,
    ""total_frames"": 35737,
 ...",2025-06-03 14:55:38+00:00
love3165303/so100_pick3,https://huggingface.co/datasets/love3165303/so100_pick3,https://huggingface.co/spaces/lerobot/visualize_dataset?path=love3165303/so100_pick3,2025-05-15 14:41:51,SO100,59,183,118,45.0,480x640,30.0,88.5,3,"laptop, phone",2,"['laptop', 'phone']",0,332,0,apache-2.0,Apache License 2.0,https://opensource.org/licenses/Apache-2.0,"This dataset was created using LeRobot.

	
		
		Dataset Structure
	

meta/info.json:
{
    ""codebase_version"": ""v2.1"",
    ""robot_type"": ""so100"",
    ""total_episodes"": 60,
    ""total_frames"": 12299,
 ...",2025-05-23 13:02:48+00:00
HueyWoo/so100_candy,https://huggingface.co/datasets/HueyWoo/so100_candy,https://huggingface.co/spaces/lerobot/visualize_dataset?path=HueyWoo/so100_candy,2025-06-06 10:05:45,SO100,59,183,118,45.0,480x640,30.0,88.5,3,"laptop, phone",2,"['laptop', 'phone']",0,197,0,apache-2.0,Apache License 2.0,https://opensource.org/licenses/Apache-2.0,"This dataset was created using LeRobot.

	
		
		Dataset Structure
	

meta/info.json:
{
    ""codebase_version"": ""v2.1"",
    ""robot_type"": ""so100"",
    ""total_episodes"": 59,
    ""total_frames"": 16889,
 ...",2025-06-06 10:06:22+00:00
InterestingPopo/so100_bimanual_ball2box,https://huggingface.co/datasets/InterestingPopo/so100_bimanual_ball2box,https://huggingface.co/spaces/lerobot/visualize_dataset?path=InterestingPopo/so100_bimanual_ball2box,2025-03-16 04:13:40,SO100,58,296,232,45.0,480x640,30.0,174.0,3,"left_wrist, right_wrist, side, top",4,"['left_wrist', 'right_wrist', 'side', 'top']",0,52,0,apache-2.0,Apache License 2.0,https://opensource.org/licenses/Apache-2.0,"This dataset was created using LeRobot.

	
		
		Dataset Structure
	

meta/info.json:
{
    ""codebase_version"": ""v2.1"",
    ""robot_type"": ""so100_bimanual"",
    ""total_episodes"": 2,
    ""total_frames"": ...",2025-03-16 07:34:36+00:00
pranavsaroha/so100_legos4,https://huggingface.co/datasets/pranavsaroha/so100_legos4,https://huggingface.co/spaces/lerobot/visualize_dataset?path=pranavsaroha/so100_legos4,2024-12-24 08:00:28,SO100,58,180,116,45.0,480x640,30.0,87.0,3,"laptop, phone",2,"['laptop', 'phone']",0,83,0,apache-2.0,Apache License 2.0,https://opensource.org/licenses/Apache-2.0,"This dataset was created using LeRobot.

	
		
		Dataset Structure
	

meta/info.json:
{
    ""codebase_version"": ""v2.0"",
    ""robot_type"": ""so100"",
    ""total_episodes"": 58,
    ""total_frames"": 89113,
 ...",2024-12-24 09:06:24+00:00
taxitain/so100_obj_to_bin,https://huggingface.co/datasets/taxitain/so100_obj_to_bin,https://huggingface.co/spaces/lerobot/visualize_dataset?path=taxitain/so100_obj_to_bin,2025-05-02 20:22:24,SO100,57,176,114,45.0,480x640,30.0,85.5,3,"side1, top0",2,"['side1', 'top0']",0,150,0,Unknown,Unknown,,,2025-05-02 20:48:11+00:00
mhered/so100_test,https://huggingface.co/datasets/mhered/so100_test,https://huggingface.co/spaces/lerobot/visualize_dataset?path=mhered/so100_test,2025-05-02 16:40:53,SO100,57,177,114,45.0,480x640,30.0,85.5,3,"cabeza, silla",2,"['cabeza', 'silla']",0,77,0,apache-2.0,Apache License 2.0,https://opensource.org/licenses/Apache-2.0,,2025-05-03 18:11:52+00:00
love3165303/so100_train1,https://huggingface.co/datasets/love3165303/so100_train1,https://huggingface.co/spaces/lerobot/visualize_dataset?path=love3165303/so100_train1,2025-06-03 09:37:03,SO100,57,177,114,45.0,480x640,30.0,85.5,3,"left_wrist, top",2,"['left_wrist', 'top']",0,302,0,Unknown,Unknown,,"
	
		
		so100_train1
	

This dataset was generated using a phospho starter pack.
This dataset contains a series of episodes recorded with a robot and multiple cameras. It can be directly used to train...",2025-06-03 09:39:10+00:00
slowturtle99/so100_test,https://huggingface.co/datasets/slowturtle99/so100_test,https://huggingface.co/spaces/lerobot/visualize_dataset?path=slowturtle99/so100_test,2025-04-22 19:21:23,SO100,57,120,57,30.0,480x640,30.0,28.5,3,"web, webcam",2,"['web', 'webcam']",0,51,0,apache-2.0,Apache License 2.0,https://opensource.org/licenses/Apache-2.0,"This dataset was created using LeRobot.

	
		
		Dataset Structure
	

meta/info.json:
{
    ""codebase_version"": ""v2.1"",
    ""robot_type"": ""so100"",
    ""total_episodes"": 1,
    ""total_frames"": 268,
    ...",2025-04-23 07:16:19+00:00
DanqingZ/so100_filtered_pick_green,https://huggingface.co/datasets/DanqingZ/so100_filtered_pick_green,https://huggingface.co/spaces/lerobot/visualize_dataset?path=DanqingZ/so100_filtered_pick_green,2025-05-31 01:46:29,SO100,56,174,112,45.0,480x640,30.0,84.0,3,"laptop, phone",2,"['laptop', 'phone']",0,374,0,apache-2.0,Apache License 2.0,https://opensource.org/licenses/Apache-2.0,"This dataset was created using LeRobot.

	
		
		Dataset Structure
	

meta/info.json:
{
    ""codebase_version"": ""v2.1"",
    ""robot_type"": ""so100"",
    ""total_episodes"": 56,
    ""total_frames"": 33396,
 ...",2025-05-31 01:46:53+00:00
VoicAndrei/so100_green_blocks,https://huggingface.co/datasets/VoicAndrei/so100_green_blocks,https://huggingface.co/spaces/lerobot/visualize_dataset?path=VoicAndrei/so100_green_blocks,2025-04-23 14:15:26,SO100,56,174,112,45.0,480x640,30.0,84.0,3,"right, top",2,"['right', 'top']",0,58,0,apache-2.0,Apache License 2.0,https://opensource.org/licenses/Apache-2.0,"This dataset was created using LeRobot.

	
		
		Dataset Structure
	

meta/info.json:
{
    ""codebase_version"": ""v2.1"",
    ""robot_type"": ""so100"",
    ""total_episodes"": 36,
    ""total_frames"": 45518,
 ...",2025-04-23 14:46:41+00:00
francescocrivelli/so100_test,https://huggingface.co/datasets/francescocrivelli/so100_test,https://huggingface.co/spaces/lerobot/visualize_dataset?path=francescocrivelli/so100_test,2024-12-08 10:39:39,SO100,56,174,112,45.0,480x640,30.0,84.0,3,"endeffector, workspace",2,"['endeffector', 'workspace']",0,243,0,apache-2.0,Apache License 2.0,https://opensource.org/licenses/Apache-2.0,"This dataset was created using LeRobot.

	
		
		Dataset Structure
	

meta/info.json:
{
    ""codebase_version"": ""v2.0"",
    ""robot_type"": ""so100"",
    ""total_episodes"": 56,
    ""total_frames"": 38831,
 ...",2024-12-08 13:07:18+00:00
vednot25t/so100_test,https://huggingface.co/datasets/vednot25t/so100_test,https://huggingface.co/spaces/lerobot/visualize_dataset?path=vednot25t/so100_test,2025-04-20 09:12:10,SO100,56,174,112,45.0,480x640,30.0,84.0,3,"hand, laptop",2,"['hand', 'laptop']",0,47,0,apache-2.0,Apache License 2.0,https://opensource.org/licenses/Apache-2.0,"This dataset was created using LeRobot.

	
		
		Dataset Structure
	

meta/info.json:
{
    ""codebase_version"": ""v2.1"",
    ""robot_type"": ""so100"",
    ""total_episodes"": 2,
    ""total_frames"": 1782,
   ...",2025-04-20 10:25:10+00:00
lerobot/svla_so100_stacking,https://huggingface.co/datasets/lerobot/svla_so100_stacking,https://huggingface.co/spaces/lerobot/visualize_dataset?path=lerobot/svla_so100_stacking,2025-05-20 13:27:31,SO100,56,167,105,45.0,480x640,30.0,78.8,3,"top, wrist",2,"['top', 'wrist']",0,1001,1,apache-2.0,Apache License 2.0,https://opensource.org/licenses/Apache-2.0,"This dataset was created using LeRobot.

	
		
		Dataset Structure
	

meta/info.json:
{
    ""codebase_version"": ""v2.1"",
    ""robot_type"": ""so100"",
    ""total_episodes"": 40,
    ""total_frames"": 16496,
 ...",2025-05-20 15:13:23+00:00
badwolf256/so100_twin_cam_duck_v5,https://huggingface.co/datasets/badwolf256/so100_twin_cam_duck_v5,https://huggingface.co/spaces/lerobot/visualize_dataset?path=badwolf256/so100_twin_cam_duck_v5,2025-04-04 01:58:04,SO100,56,500,110,45.0,480x640,30.0,82.5,3,"realsense, wrist",2,"['realsense', 'wrist']",0,31,0,Unknown,Unknown,,,2025-04-04 02:00:32+00:00
cadene/so100_5_lego_test,https://huggingface.co/datasets/cadene/so100_5_lego_test,https://huggingface.co/spaces/lerobot/visualize_dataset?path=cadene/so100_5_lego_test,2024-12-02 16:45:45,SO100,55,171,110,45.0,480x640,30.0,82.5,3,"laptop, phone",2,"['laptop', 'phone']",0,662,0,apache-2.0,Apache License 2.0,https://opensource.org/licenses/Apache-2.0,"This dataset was created using LeRobot.

	
		
		Dataset Structure
	

meta/info.json:
{
    ""codebase_version"": ""v2.0"",
    ""robot_type"": ""so100"",
    ""total_episodes"": 55,
    ""total_frames"": 45588,
 ...",2024-12-03 15:37:18+00:00
andlyu/so100_green_2,https://huggingface.co/datasets/andlyu/so100_green_2,https://huggingface.co/spaces/lerobot/visualize_dataset?path=andlyu/so100_green_2,2025-04-13 10:24:50,SO100,55,280,220,45.0,480x640,30.0,165.0,3,"arm, base, base_right, gripper",4,"['arm', 'base', 'base_right', 'gripper']",0,49,0,Unknown,Unknown,,,2025-04-13 10:38:56+00:00
mldev19/so100_brick,https://huggingface.co/datasets/mldev19/so100_brick,https://huggingface.co/spaces/lerobot/visualize_dataset?path=mldev19/so100_brick,2025-04-19 12:36:14,SO100,55,171,110,45.0,480x640,30.0,82.5,3,"laptop, phone",2,"['laptop', 'phone']",0,111,0,apache-2.0,Apache License 2.0,https://opensource.org/licenses/Apache-2.0,"This dataset was created using LeRobot.

	
		
		Dataset Structure
	

meta/info.json:
{
    ""codebase_version"": ""v2.1"",
    ""robot_type"": ""so100"",
    ""total_episodes"": 1,
    ""total_frames"": 297,
    ...",2025-04-19 12:59:42+00:00
maximilienroberti/so100_test,https://huggingface.co/datasets/maximilienroberti/so100_test,https://huggingface.co/spaces/lerobot/visualize_dataset?path=maximilienroberti/so100_test,2024-11-15 16:50:28,SO100,54,222,162,30.0,480x640,30.0,81.0,3,"cam_left, cam_middle, cam_right, left, middle, right",6,"['cam_left', 'cam_middle', 'cam_right', 'left', 'middle', 'right']",0,256,0,apache-2.0,Apache License 2.0,https://opensource.org/licenses/Apache-2.0,"This dataset was created using LeRobot.

	
		
		Dataset Structure
	

meta/info.json:
{
    ""codebase_version"": ""v2.0"",
    ""robot_type"": ""unknown"",
    ""total_episodes"": 54,
    ""total_frames"": 16724,...",2024-12-04 18:46:28+00:00
masato-ka/so100_cutlery_handling,https://huggingface.co/datasets/masato-ka/so100_cutlery_handling,https://huggingface.co/spaces/lerobot/visualize_dataset?path=masato-ka/so100_cutlery_handling,2025-05-02 12:35:50,SO100,54,115,54,45.0,480x640,30.0,40.5,3,laptop,1,['laptop'],0,52,0,apache-2.0,Apache License 2.0,https://opensource.org/licenses/Apache-2.0,"This dataset was created using LeRobot.

	
		
		Dataset Structure
	

meta/info.json:
{
    ""codebase_version"": ""v2.1"",
    ""robot_type"": ""so100"",
    ""total_episodes"": 54,
    ""total_frames"": 32254,
 ...",2025-05-02 12:37:01+00:00
love3165303/so100_pick_lego1,https://huggingface.co/datasets/love3165303/so100_pick_lego1,https://huggingface.co/spaces/lerobot/visualize_dataset?path=love3165303/so100_pick_lego1,2025-05-26 05:51:51,SO100,54,168,108,45.0,480x640,30.0,81.0,3,"front, left_wrist",2,"['front', 'left_wrist']",0,330,0,apache-2.0,Apache License 2.0,https://opensource.org/licenses/Apache-2.0,"This dataset was created using LeRobot.

	
		
		Dataset Structure
	

meta/info.json:
{
    ""codebase_version"": ""v2.1"",
    ""robot_type"": ""so100"",
    ""total_episodes"": 10,
    ""total_frames"": 3731,
  ...",2025-05-28 05:57:19+00:00
MossProphet/so100_folding_4.6.25,https://huggingface.co/datasets/MossProphet/so100_folding_4.6.25,https://huggingface.co/spaces/lerobot/visualize_dataset?path=MossProphet/so100_folding_4.6.25,2025-06-04 14:56:09,SO100,53,218,159,45.0,480x640,30.0,119.2,3,"arm_left, arm_right, external",3,"['arm_left', 'arm_right', 'external']",0,217,0,apache-2.0,Apache License 2.0,https://opensource.org/licenses/Apache-2.0,"This dataset was created using LeRobot.

	
		
		Dataset Structure
	

meta/info.json:
{
    ""codebase_version"": ""v2.1"",
    ""robot_type"": ""so100"",
    ""total_episodes"": 53,
    ""total_frames"": 21714,
 ...",2025-06-04 14:56:44+00:00
nguyen-v/so100_bimanual_grab_lemon_put_in_box2,https://huggingface.co/datasets/nguyen-v/so100_bimanual_grab_lemon_put_in_box2,https://huggingface.co/spaces/lerobot/visualize_dataset?path=nguyen-v/so100_bimanual_grab_lemon_put_in_box2,2025-04-13 00:37:20,SO100,53,218,159,45.0,480x640,30.0,119.2,3,"left, right, top",3,"['left', 'right', 'top']",0,56,0,apache-2.0,Apache License 2.0,https://opensource.org/licenses/Apache-2.0,"This dataset was created using LeRobot.

	
		
		Dataset Structure
	

meta/info.json:
{
    ""codebase_version"": ""v2.1"",
    ""robot_type"": ""so100"",
    ""total_episodes"": 30,
    ""total_frames"": 23296,
 ...",2025-04-13 01:32:38+00:00
burgalon/so100_test,https://huggingface.co/datasets/burgalon/so100_test,https://huggingface.co/spaces/lerobot/visualize_dataset?path=burgalon/so100_test,2025-05-14 15:56:04,SO100,53,112,53,45.0,480x640,30.0,39.8,3,phone,1,['phone'],0,173,0,apache-2.0,Apache License 2.0,https://opensource.org/licenses/Apache-2.0,"This dataset was created using LeRobot.

	
		
		Dataset Structure
	

meta/info.json:
{
    ""codebase_version"": ""v2.1"",
    ""robot_type"": ""so100"",
    ""total_episodes"": 1,
    ""total_frames"": 124,
    ...",2025-05-14 16:40:26+00:00
xnny/so100_test_0426c,https://huggingface.co/datasets/xnny/so100_test_0426c,https://huggingface.co/spaces/lerobot/visualize_dataset?path=xnny/so100_test_0426c,2025-04-26 10:54:22,SO100,53,165,106,45.0,480x640,30.0,79.5,3,"laptop, phone",2,"['laptop', 'phone']",0,117,0,apache-2.0,Apache License 2.0,https://opensource.org/licenses/Apache-2.0,"This dataset was created using LeRobot.

	
		
		Dataset Structure
	

meta/info.json:
{
    ""codebase_version"": ""v2.1"",
    ""robot_type"": ""so100"",
    ""total_episodes"": 53,
    ""total_frames"": 29955,
 ...",2025-04-26 10:55:42+00:00
fljjoin/so100_test12,https://huggingface.co/datasets/fljjoin/so100_test12,https://huggingface.co/spaces/lerobot/visualize_dataset?path=fljjoin/so100_test12,2025-01-24 19:47:02,SO100,52,162,104,45.0,480x640,30.0,78.0,3,"laptop, phone",2,"['laptop', 'phone']",0,52,0,apache-2.0,Apache License 2.0,https://opensource.org/licenses/Apache-2.0,"This dataset was created using LeRobot.

	
		
		Dataset Structure
	

meta/info.json:
{
    ""codebase_version"": ""v2.0"",
    ""robot_type"": ""so100"",
    ""total_episodes"": 52,
    ""total_frames"": 30970,
 ...",2025-01-24 19:47:57+00:00
lerobot/svla_so100_sorting,https://huggingface.co/datasets/lerobot/svla_so100_sorting,https://huggingface.co/spaces/lerobot/visualize_dataset?path=lerobot/svla_so100_sorting,2025-05-20 14:28:17,SO100,52,162,104,45.0,480x640,30.0,78.0,3,"top, wrist",2,"['top', 'wrist']",0,829,5,apache-2.0,Apache License 2.0,https://opensource.org/licenses/Apache-2.0,"This dataset was created using LeRobot.

	
		
		Dataset Structure
	

meta/info.json:
{
    ""codebase_version"": ""v2.1"",
    ""robot_type"": ""so100"",
    ""total_episodes"": 9,
    ""total_frames"": 6633,
   ...",2025-06-03 14:36:52+00:00
danaaubakirova/svla_so100_task5_v3_clean,https://huggingface.co/datasets/danaaubakirova/svla_so100_task5_v3_clean,https://huggingface.co/spaces/lerobot/visualize_dataset?path=danaaubakirova/svla_so100_task5_v3_clean,2025-05-20 16:15:12,SO100,52,161,100,45.0,480x640,30.0,75.0,3,"top, wrist",2,"['top', 'wrist']",0,276,0,apache-2.0,Apache License 2.0,https://opensource.org/licenses/Apache-2.0,"This dataset was created using LeRobot.

	
		
		Dataset Structure
	

meta/info.json:
{
    ""codebase_version"": ""v2.1"",
    ""robot_type"": ""so100"",
    ""total_episodes"": 9,
    ""total_frames"": 6633,
   ...",2025-05-20 16:16:19+00:00
kivod/so100_cam2,https://huggingface.co/datasets/kivod/so100_cam2,https://huggingface.co/spaces/lerobot/visualize_dataset?path=kivod/so100_cam2,2025-05-14 07:22:16,SO100,52,162,104,45.0,480x640,30.0,78.0,3,"laptop, phone",2,"['laptop', 'phone']",0,155,0,apache-2.0,Apache License 2.0,https://opensource.org/licenses/Apache-2.0,"This dataset was created using LeRobot.

	
		
		Dataset Structure
	

meta/info.json:
{
    ""codebase_version"": ""v2.1"",
    ""robot_type"": ""so100"",
    ""total_episodes"": 52,
    ""total_frames"": 24655,
 ...",2025-05-14 07:24:52+00:00
jbrownkramer/so100_test_2,https://huggingface.co/datasets/jbrownkramer/so100_test_2,https://huggingface.co/spaces/lerobot/visualize_dataset?path=jbrownkramer/so100_test_2,2025-03-01 01:39:27,SO100,52,110,52,30.0,480x640,30.0,26.0,3,"web, webcam",2,"['web', 'webcam']",0,132,0,apache-2.0,Apache License 2.0,https://opensource.org/licenses/Apache-2.0,"This dataset was created using LeRobot.

	
		
		Dataset Structure
	

meta/info.json:
{
    ""codebase_version"": ""v2.1"",
    ""robot_type"": ""so100"",
    ""total_episodes"": 2,
    ""total_frames"": 1737,
   ...",2025-03-01 02:31:02+00:00
alexis779/so100_ball_cup,https://huggingface.co/datasets/alexis779/so100_ball_cup,https://huggingface.co/spaces/lerobot/visualize_dataset?path=alexis779/so100_ball_cup,2025-05-25 16:15:37,SO100,52,110,52,45.0,480x640,30.0,39.0,3,phone,1,['phone'],0,554,0,apache-2.0,Apache License 2.0,https://opensource.org/licenses/Apache-2.0,"This dataset was created using LeRobot.

	
		
		Dataset Structure
	

meta/info.json:
{
    ""codebase_version"": ""v2.1"",
    ""robot_type"": ""so100"",
    ""total_episodes"": 2,
    ""total_frames"": 1496,
   ...",2025-05-31 04:04:59+00:00
alexis779/so100_ball_cup2,https://huggingface.co/datasets/alexis779/so100_ball_cup2,https://huggingface.co/spaces/lerobot/visualize_dataset?path=alexis779/so100_ball_cup2,2025-06-12 23:51:20,SO100,52,162,104,45.0,480x640,30.0,78.0,3,"gripper, phone",2,"['gripper', 'phone']",0,172,0,apache-2.0,Apache License 2.0,https://opensource.org/licenses/Apache-2.0,"This dataset was created using LeRobot.

	
		
		Dataset Structure
	

meta/info.json:
{
    ""codebase_version"": ""v2.1"",
    ""robot_type"": ""so100_follower"",
    ""total_episodes"": 52,
    ""total_frames"":...",2025-06-13 00:26:53+00:00
reedscot/so100_test4,https://huggingface.co/datasets/reedscot/so100_test4,https://huggingface.co/spaces/lerobot/visualize_dataset?path=reedscot/so100_test4,2025-03-29 15:45:48,SO100,52,234,51,45.0,480x640,30.0,38.2,3,phone,1,['phone'],0,48,0,apache-2.0,Apache License 2.0,https://opensource.org/licenses/Apache-2.0,"This dataset was created using LeRobot.

	
		
		Dataset Structure
	

meta/info.json:
{
    ""codebase_version"": ""v2.1"",
    ""robot_type"": ""so100"",
    ""total_episodes"": 5,
    ""total_frames"": 4495,
   ...",2025-03-30 17:34:36+00:00
Spring14th/so100_evening,https://huggingface.co/datasets/Spring14th/so100_evening,https://huggingface.co/spaces/lerobot/visualize_dataset?path=Spring14th/so100_evening,2025-03-21 14:51:37,SO100,52,161,104,30.0,480x640,30.0,52.0,3,"1, 2, usb__1, usb__2, usb_cam1, usb_cam2",6,"['1', '2', 'usb__1', 'usb__2', 'usb_cam1', 'usb_cam2']",0,32,0,Unknown,Unknown,,,2025-03-22 05:01:32+00:00
masato-ka/so100_grasp_lego,https://huggingface.co/datasets/masato-ka/so100_grasp_lego,https://huggingface.co/spaces/lerobot/visualize_dataset?path=masato-ka/so100_grasp_lego,2025-04-28 11:37:04,SO100,52,110,52,45.0,480x640,30.0,39.0,3,laptop,1,['laptop'],0,84,0,apache-2.0,Apache License 2.0,https://opensource.org/licenses/Apache-2.0,"This dataset was created using LeRobot.

	
		
		Dataset Structure
	

meta/info.json:
{
    ""codebase_version"": ""v2.1"",
    ""robot_type"": ""so100"",
    ""total_episodes"": 10,
    ""total_frames"": 4496,
  ...",2025-04-28 12:48:16+00:00
mtitg/so100_set_screw,https://huggingface.co/datasets/mtitg/so100_set_screw,https://huggingface.co/spaces/lerobot/visualize_dataset?path=mtitg/so100_set_screw,2025-06-03 00:09:08,SO100,52,162,104,45.0,480x640,30.0,78.0,3,"laptop, phone",2,"['laptop', 'phone']",0,310,0,apache-2.0,Apache License 2.0,https://opensource.org/licenses/Apache-2.0,"This dataset was created using LeRobot.

	
		
		Dataset Structure
	

meta/info.json:
{
    ""codebase_version"": ""v2.1"",
    ""robot_type"": ""so100"",
    ""total_episodes"": 52,
    ""total_frames"": 42264,
 ...",2025-06-03 00:10:24+00:00
andy309/so100_0311_1152,https://huggingface.co/datasets/andy309/so100_0311_1152,https://huggingface.co/spaces/lerobot/visualize_dataset?path=andy309/so100_0311_1152,2025-03-11 03:58:25,SO100,52,214,156,45.0,480x640,30.0,117.0,3,"back, top, wrist_right",3,"['back', 'top', 'wrist_right']",0,65,0,apache-2.0,Apache License 2.0,https://opensource.org/licenses/Apache-2.0,"This dataset was created using LeRobot.

	
		
		Dataset Structure
	

meta/info.json:
{
    ""codebase_version"": ""v2.1"",
    ""robot_type"": ""so100"",
    ""total_episodes"": 20,
    ""total_frames"": 7925,
  ...",2025-03-11 06:41:46+00:00
rs545837/so100_test,https://huggingface.co/datasets/rs545837/so100_test,https://huggingface.co/spaces/lerobot/visualize_dataset?path=rs545837/so100_test,2025-05-13 03:59:09,SO100,51,159,102,45.0,480x640,30.0,76.5,3,"context, wrist",2,"['context', 'wrist']",0,79,0,apache-2.0,Apache License 2.0,https://opensource.org/licenses/Apache-2.0,"This dataset was created using LeRobot.

	
		
		Dataset Structure
	

meta/info.json:
{
    ""codebase_version"": ""v2.1"",
    ""robot_type"": ""so100"",
    ""total_episodes"": 2,
    ""total_frames"": 1726,
   ...",2025-05-13 05:54:36+00:00
Deason11/so100_test_pick_and_place_50,https://huggingface.co/datasets/Deason11/so100_test_pick_and_place_50,https://huggingface.co/spaces/lerobot/visualize_dataset?path=Deason11/so100_test_pick_and_place_50,2025-02-19 08:43:24,SO100,51,159,102,45.0,480x640,30.0,76.5,3,"laptop, phone",2,"['laptop', 'phone']",0,37,0,apache-2.0,Apache License 2.0,https://opensource.org/licenses/Apache-2.0,"This dataset was created using LeRobot.

	
		
		Dataset Structure
	

meta/info.json:
{
    ""codebase_version"": ""v2.0"",
    ""robot_type"": ""so100"",
    ""total_episodes"": 51,
    ""total_frames"": 32631,
 ...",2025-02-19 12:49:39+00:00
abhisb/so100_51_ep,https://huggingface.co/datasets/abhisb/so100_51_ep,https://huggingface.co/spaces/lerobot/visualize_dataset?path=abhisb/so100_51_ep,2025-04-01 13:22:59,SO100,51,210,153,45.0,480x640,30.0,114.8,3,"front, mobile, overhead",3,"['front', 'mobile', 'overhead']",0,89,1,apache-2.0,Apache License 2.0,https://opensource.org/licenses/Apache-2.0,"This dataset was created using LeRobot.

	
		
		Dataset Structure
	

meta/info.json:
{
    ""codebase_version"": ""v2.0"",
    ""robot_type"": ""so100"",
    ""total_episodes"": 51,
    ""total_frames"": 46882,
 ...",2025-04-01 13:25:19+00:00
allenchienxxx/so100_block_bin,https://huggingface.co/datasets/allenchienxxx/so100_block_bin,https://huggingface.co/spaces/lerobot/visualize_dataset?path=allenchienxxx/so100_block_bin,2025-05-06 01:53:29,SO100,51,159,102,45.0,480x640,30.0,76.5,3,"laptop, phone",2,"['laptop', 'phone']",0,65,0,apache-2.0,Apache License 2.0,https://opensource.org/licenses/Apache-2.0,"This dataset was created using LeRobot.

	
		
		Dataset Structure
	

meta/info.json:
{
    ""codebase_version"": ""v2.1"",
    ""robot_type"": ""so100"",
    ""total_episodes"": 10,
    ""total_frames"": 5284,
  ...",2025-05-06 02:41:55+00:00
jiuyal2/so100_cup,https://huggingface.co/datasets/jiuyal2/so100_cup,https://huggingface.co/spaces/lerobot/visualize_dataset?path=jiuyal2/so100_cup,2025-05-10 00:11:27,SO100,51,159,102,45.0,480x640,30.0,76.5,3,"iphone, so100",2,"['iphone', 'so100']",0,225,0,apache-2.0,Apache License 2.0,https://opensource.org/licenses/Apache-2.0,"This dataset was created using LeRobot.

	
		
		Dataset Structure
	

meta/info.json:
{
    ""codebase_version"": ""v2.1"",
    ""robot_type"": ""so100"",
    ""total_episodes"": 15,
    ""total_frames"": 4248,
  ...",2025-05-16 20:20:31+00:00
juni3227/so100_test_005_practice,https://huggingface.co/datasets/juni3227/so100_test_005_practice,https://huggingface.co/spaces/lerobot/visualize_dataset?path=juni3227/so100_test_005_practice,2025-06-14 07:46:33,SO100,51,210,153,45.0,480x640,30.0,114.8,3,"left, robotarm00, top",3,"['left', 'robotarm00', 'top']",0,53,0,apache-2.0,Apache License 2.0,https://opensource.org/licenses/Apache-2.0,"This dataset was created using LeRobot.

	
		
		Dataset Structure
	

meta/info.json:
{
    ""codebase_version"": ""v2.1"",
    ""robot_type"": ""so100"",
    ""total_episodes"": 4,
    ""total_frames"": 1805,
   ...",2025-06-14 08:40:48+00:00
masato-ka/so100_lego_sort,https://huggingface.co/datasets/masato-ka/so100_lego_sort,https://huggingface.co/spaces/lerobot/visualize_dataset?path=masato-ka/so100_lego_sort,2025-04-29 10:32:51,SO100,51,108,51,45.0,480x640,30.0,38.2,3,laptop,1,['laptop'],0,74,0,apache-2.0,Apache License 2.0,https://opensource.org/licenses/Apache-2.0,"This dataset was created using LeRobot.

	
		
		Dataset Structure
	

meta/info.json:
{
    ""codebase_version"": ""v2.1"",
    ""robot_type"": ""so100"",
    ""total_episodes"": 31,
    ""total_frames"": 27865,
 ...",2025-04-29 12:56:34+00:00
andy309/so100_3cam_fold_cloth,https://huggingface.co/datasets/andy309/so100_3cam_fold_cloth,https://huggingface.co/spaces/lerobot/visualize_dataset?path=andy309/so100_3cam_fold_cloth,2025-04-24 02:26:54,SO100,51,209,153,45.0,480x640,30.0,114.8,3,"back, wrist_left, wrist_right",3,"['back', 'wrist_left', 'wrist_right']",0,37,0,Unknown,Unknown,,,2025-04-24 02:36:32+00:00
samanthalhy/so100_test_3,https://huggingface.co/datasets/samanthalhy/so100_test_3,https://huggingface.co/spaces/lerobot/visualize_dataset?path=samanthalhy/so100_test_3,2025-04-03 15:04:53,SO100,51,159,102,45.0,480x640,30.0,76.5,3,"laptop, phone",2,"['laptop', 'phone']",0,53,0,apache-2.0,Apache License 2.0,https://opensource.org/licenses/Apache-2.0,"This dataset was created using LeRobot.

	
		
		Dataset Structure
	

meta/info.json:
{
    ""codebase_version"": ""v2.1"",
    ""robot_type"": ""so100"",
    ""total_episodes"": 3,
    ""total_frames"": 1207,
   ...",2025-04-03 15:42:04+00:00
tkc79/so100_lego_box_2,https://huggingface.co/datasets/tkc79/so100_lego_box_2,https://huggingface.co/spaces/lerobot/visualize_dataset?path=tkc79/so100_lego_box_2,2025-04-15 03:27:56,SO100,51,159,102,45.0,480x640,30.0,76.5,3,"arm, laptop",2,"['arm', 'laptop']",0,73,0,apache-2.0,Apache License 2.0,https://opensource.org/licenses/Apache-2.0,"This dataset was created using LeRobot.

	
		
		Dataset Structure
	

meta/info.json:
{
    ""codebase_version"": ""v2.0"",
    ""robot_type"": ""so100"",
    ""total_episodes"": 51,
    ""total_frames"": 22349,
 ...",2025-04-15 04:18:35+00:00
weiye11/so100_421_pick,https://huggingface.co/datasets/weiye11/so100_421_pick,https://huggingface.co/spaces/lerobot/visualize_dataset?path=weiye11/so100_421_pick,2025-04-21 09:41:44,SO100,51,159,102,45.0,480x640,30.0,76.5,3,"top, wrist_left",2,"['top', 'wrist_left']",0,55,0,apache-2.0,Apache License 2.0,https://opensource.org/licenses/Apache-2.0,"This dataset was created using LeRobot.

	
		
		Dataset Structure
	

meta/info.json:
{
    ""codebase_version"": ""v2.1"",
    ""robot_type"": ""so100"",
    ""total_episodes"": 23,
    ""total_frames"": 10341,
 ...",2025-04-21 10:00:10+00:00
samanthalhy/so100_test_1,https://huggingface.co/datasets/samanthalhy/so100_test_1,https://huggingface.co/spaces/lerobot/visualize_dataset?path=samanthalhy/so100_test_1,2025-04-01 14:59:26,SO100,51,159,102,45.0,480x640,30.0,76.5,3,"laptop, phone",2,"['laptop', 'phone']",0,51,0,apache-2.0,Apache License 2.0,https://opensource.org/licenses/Apache-2.0,"This dataset was created using LeRobot.

	
		
		Dataset Structure
	

meta/info.json:
{
    ""codebase_version"": ""v2.1"",
    ""robot_type"": ""so100"",
    ""total_episodes"": 5,
    ""total_frames"": 2461,
   ...",2025-04-01 15:49:39+00:00
Mohamedal/so100_test_peach_ddata,https://huggingface.co/datasets/Mohamedal/so100_test_peach_ddata,https://huggingface.co/spaces/lerobot/visualize_dataset?path=Mohamedal/so100_test_peach_ddata,2025-05-21 14:10:13,SO100,51,159,102,45.0,480x640,30.0,76.5,3,"realsense_side, realsense_top",2,"['realsense_side', 'realsense_top']",0,380,0,apache-2.0,Apache License 2.0,https://opensource.org/licenses/Apache-2.0,"This dataset was created using LeRobot.

	
		
		Dataset Structure
	

meta/info.json:
{
    ""codebase_version"": ""v2.1"",
    ""robot_type"": ""so100"",
    ""total_episodes"": 51,
    ""total_frames"": 21105,
 ...",2025-05-21 14:10:35+00:00
Trelis/so100_test2,https://huggingface.co/datasets/Trelis/so100_test2,https://huggingface.co/spaces/lerobot/visualize_dataset?path=Trelis/so100_test2,2025-05-17 00:03:11,SO100,51,159,102,45.0,480x640,30.0,76.5,3,"context, wrist",2,"['context', 'wrist']",0,54,0,apache-2.0,Apache License 2.0,https://opensource.org/licenses/Apache-2.0,"This dataset was created using LeRobot.

	
		
		Dataset Structure
	

meta/info.json:
{
    ""codebase_version"": ""v2.1"",
    ""robot_type"": ""so100"",
    ""total_episodes"": 2,
    ""total_frames"": 868,
    ...",2025-05-17 18:26:42+00:00
SharkDan/so100_test_f2,https://huggingface.co/datasets/SharkDan/so100_test_f2,https://huggingface.co/spaces/lerobot/visualize_dataset?path=SharkDan/so100_test_f2,2025-05-23 09:22:16,SO100,51,210,153,45.0,480x640,30.0,114.8,3,"era, laptop, new_, new__era, new_camera, phone",6,"['era', 'laptop', 'new_', 'new__era', 'new_camera', 'phone']",0,270,0,apache-2.0,Apache License 2.0,https://opensource.org/licenses/Apache-2.0,"This dataset was created using LeRobot.

	
		
		Dataset Structure
	

meta/info.json:
{
    ""codebase_version"": ""v2.1"",
    ""robot_type"": ""so100"",
    ""total_episodes"": 36,
    ""total_frames"": 25939,
 ...",2025-05-23 09:39:53+00:00
mldev19/so100_test_10_brick,https://huggingface.co/datasets/mldev19/so100_test_10_brick,https://huggingface.co/spaces/lerobot/visualize_dataset?path=mldev19/so100_test_10_brick,2025-04-19 09:58:05,SO100,51,159,102,45.0,480x640,30.0,76.5,3,"main, secondary_0",2,"['main', 'secondary_0']",0,345,0,Unknown,Unknown,,"
	
		
		so100_test_10_brick
	

This dataset was generated using a phospho starter pack.
This dataset contains a series of episodes recorded with a robot and multiple cameras. It can be directly used t...",2025-04-19 10:17:25+00:00
lizi178119985/so100_jia,https://huggingface.co/datasets/lizi178119985/so100_jia,https://huggingface.co/spaces/lerobot/visualize_dataset?path=lizi178119985/so100_jia,2025-03-30 03:57:09,SO100,50,156,100,45.0,480x640,30.0,75.0,3,"laptop, phone",2,"['laptop', 'phone']",0,60,0,apache-2.0,Apache License 2.0,https://opensource.org/licenses/Apache-2.0,"This dataset was created using LeRobot.

	
		
		Dataset Structure
	

meta/info.json:
{
    ""codebase_version"": ""v2.1"",
    ""robot_type"": ""so100"",
    ""total_episodes"": 50,
    ""total_frames"": 26151,
 ...",2025-03-30 04:01:33+00:00
ryanpennings/so100_pegcrate_d1b,https://huggingface.co/datasets/ryanpennings/so100_pegcrate_d1b,https://huggingface.co/spaces/lerobot/visualize_dataset?path=ryanpennings/so100_pegcrate_d1b,2025-04-28 08:56:44,SO100,50,206,150,30.0,480x640,30.0,75.0,3,"era, front, front_era, frontcamera, top, top_era, topcamera, wrist, wrist_era, wristcamera",10,"['era', 'front', 'front_era', 'frontcamera', 'top', 'top_era', 'topcamera', 'wrist', 'wrist_era', 'wristcamera']",0,55,0,apache-2.0,Apache License 2.0,https://opensource.org/licenses/Apache-2.0,"This dataset was created using LeRobot.

	
		
		Dataset Structure
	

meta/info.json:
{
    ""codebase_version"": ""v2.1"",
    ""robot_type"": ""so100"",
    ""total_episodes"": 50,
    ""total_frames"": 15641,
 ...",2025-04-28 08:59:45+00:00
ryanpennings/so100_pegcrate_c3,https://huggingface.co/datasets/ryanpennings/so100_pegcrate_c3,https://huggingface.co/spaces/lerobot/visualize_dataset?path=ryanpennings/so100_pegcrate_c3,2025-04-26 03:46:01,SO100,50,156,100,30.0,480x640,30.0,50.0,3,"era, top, top_era, topcamera, wrist, wrist_era, wristcamera",7,"['era', 'top', 'top_era', 'topcamera', 'wrist', 'wrist_era', 'wristcamera']",0,48,0,apache-2.0,Apache License 2.0,https://opensource.org/licenses/Apache-2.0,"This dataset was created using LeRobot.

	
		
		Dataset Structure
	

meta/info.json:
{
    ""codebase_version"": ""v2.1"",
    ""robot_type"": ""so100"",
    ""total_episodes"": 50,
    ""total_frames"": 12698,
 ...",2025-04-26 03:48:12+00:00
rricc22/so100_record50,https://huggingface.co/datasets/rricc22/so100_record50,https://huggingface.co/spaces/lerobot/visualize_dataset?path=rricc22/so100_record50,2025-05-04 17:54:43,SO100,50,106,50,45.0,480x640,30.0,37.5,3,phone,1,['phone'],0,44,0,apache-2.0,Apache License 2.0,https://opensource.org/licenses/Apache-2.0,"This dataset was created using LeRobot.

	
		
		Dataset Structure
	

meta/info.json:
{
    ""codebase_version"": ""v2.1"",
    ""robot_type"": ""so100"",
    ""total_episodes"": 50,
    ""total_frames"": 50542,
 ...",2025-05-04 17:55:16+00:00
ryanpennings/so100_pegcrate_c2,https://huggingface.co/datasets/ryanpennings/so100_pegcrate_c2,https://huggingface.co/spaces/lerobot/visualize_dataset?path=ryanpennings/so100_pegcrate_c2,2025-04-25 07:34:05,SO100,50,156,100,30.0,480x640,30.0,50.0,3,"era, top, top_era, topcamera, wrist, wrist_era, wristcamera",7,"['era', 'top', 'top_era', 'topcamera', 'wrist', 'wrist_era', 'wristcamera']",0,78,0,apache-2.0,Apache License 2.0,https://opensource.org/licenses/Apache-2.0,"This dataset was created using LeRobot.

	
		
		Dataset Structure
	

meta/info.json:
{
    ""codebase_version"": ""v2.1"",
    ""robot_type"": ""so100"",
    ""total_episodes"": 50,
    ""total_frames"": 16422,
 ...",2025-04-25 07:36:43+00:00
siqiLi/so100_test12,https://huggingface.co/datasets/siqiLi/so100_test12,https://huggingface.co/spaces/lerobot/visualize_dataset?path=siqiLi/so100_test12,2025-04-14 13:33:01,SO100,50,156,100,45.0,480x640,30.0,75.0,3,"laptop, phone",2,"['laptop', 'phone']",0,83,0,apache-2.0,Apache License 2.0,https://opensource.org/licenses/Apache-2.0,"This dataset was created using LeRobot.

	
		
		Dataset Structure
	

meta/info.json:
{
    ""codebase_version"": ""v2.0"",
    ""robot_type"": ""so100"",
    ""total_episodes"": 50,
    ""total_frames"": 25624,
 ...",2025-04-14 13:47:18+00:00
romanovvv1987/so100_test_act2,https://huggingface.co/datasets/romanovvv1987/so100_test_act2,https://huggingface.co/spaces/lerobot/visualize_dataset?path=romanovvv1987/so100_test_act2,2025-04-28 19:08:07,SO100,50,156,100,45.0,480x640,30.0,75.0,3,"laptop, web, webcam",3,"['laptop', 'web', 'webcam']",0,36,0,apache-2.0,Apache License 2.0,https://opensource.org/licenses/Apache-2.0,"This dataset was created using LeRobot.

	
		
		Dataset Structure
	

meta/info.json:
{
    ""codebase_version"": ""v2.1"",
    ""robot_type"": ""so100"",
    ""total_episodes"": 50,
    ""total_frames"": 9848,
  ...",2025-04-28 19:09:10+00:00
romanovvv1987/so100_test_act,https://huggingface.co/datasets/romanovvv1987/so100_test_act,https://huggingface.co/spaces/lerobot/visualize_dataset?path=romanovvv1987/so100_test_act,2025-04-25 13:38:21,SO100,50,156,100,45.0,480x640,30.0,75.0,3,"laptop, web, webcam",3,"['laptop', 'web', 'webcam']",0,47,0,apache-2.0,Apache License 2.0,https://opensource.org/licenses/Apache-2.0,"This dataset was created using LeRobot.

	
		
		Dataset Structure
	

meta/info.json:
{
    ""codebase_version"": ""v2.1"",
    ""robot_type"": ""so100"",
    ""total_episodes"": 50,
    ""total_frames"": 22418,
 ...",2025-04-25 13:40:31+00:00
siqiLi/so100_test13,https://huggingface.co/datasets/siqiLi/so100_test13,https://huggingface.co/spaces/lerobot/visualize_dataset?path=siqiLi/so100_test13,2025-04-14 14:23:37,SO100,50,156,100,45.0,480x640,30.0,75.0,3,"laptop, phone",2,"['laptop', 'phone']",0,49,0,apache-2.0,Apache License 2.0,https://opensource.org/licenses/Apache-2.0,"This dataset was created using LeRobot.

	
		
		Dataset Structure
	

meta/info.json:
{
    ""codebase_version"": ""v2.0"",
    ""robot_type"": ""so100"",
    ""total_episodes"": 50,
    ""total_frames"": 12822,
 ...",2025-04-14 14:31:07+00:00
rabhishek100/so100_train_dataset,https://huggingface.co/datasets/rabhishek100/so100_train_dataset,https://huggingface.co/spaces/lerobot/visualize_dataset?path=rabhishek100/so100_train_dataset,2024-12-30 12:55:01,SO100,50,156,100,45.0,480x640,30.0,75.0,3,"laptop, phone",2,"['laptop', 'phone']",0,83,0,apache-2.0,Apache License 2.0,https://opensource.org/licenses/Apache-2.0,"This dataset was created using LeRobot.

	
		
		Dataset Structure
	

meta/info.json:
{
    ""codebase_version"": ""v2.0"",
    ""robot_type"": ""so100"",
    ""total_episodes"": 50,
    ""total_frames"": 51118,
 ...",2024-12-30 12:55:53+00:00
smanni/train_so100_pick_place_pink_trash,https://huggingface.co/datasets/smanni/train_so100_pick_place_pink_trash,https://huggingface.co/spaces/lerobot/visualize_dataset?path=smanni/train_so100_pick_place_pink_trash,2025-05-27 12:31:06,SO100,50,106,50,45.0,480x640,30.0,37.5,3,intel_realsense,1,['intel_realsense'],0,193,0,apache-2.0,Apache License 2.0,https://opensource.org/licenses/Apache-2.0,"This dataset was created using LeRobot.

	
		
		Dataset Structure
	

meta/info.json:
{
    ""codebase_version"": ""v2.1"",
    ""robot_type"": ""so100"",
    ""total_episodes"": 50,
    ""total_frames"": 22400,
 ...",2025-05-27 12:31:20+00:00
julyfun/so100_pick_and_place_v4_50,https://huggingface.co/datasets/julyfun/so100_pick_and_place_v4_50,https://huggingface.co/spaces/lerobot/visualize_dataset?path=julyfun/so100_pick_and_place_v4_50,2025-04-26 20:57:34,SO100,50,106,50,45.0,480x640,30.0,37.5,3,hand,1,['hand'],0,55,1,apache-2.0,Apache License 2.0,https://opensource.org/licenses/Apache-2.0,"This dataset was created using LeRobot.

	
		
		Dataset Structure
	

meta/info.json:
{
    ""codebase_version"": ""v2.1"",
    ""robot_type"": ""so100"",
    ""total_episodes"": 50,
    ""total_frames"": 13638,
 ...",2025-04-26 20:58:45+00:00
jmrog/so100_sweet_pick,https://huggingface.co/datasets/jmrog/so100_sweet_pick,https://huggingface.co/spaces/lerobot/visualize_dataset?path=jmrog/so100_sweet_pick,2025-01-06 22:20:38,SO100,50,156,100,45.0,480x640,30.0,75.0,3,"laptop, phone",2,"['laptop', 'phone']",0,146,0,apache-2.0,Apache License 2.0,https://opensource.org/licenses/Apache-2.0,"This dataset was created using LeRobot.

	
		
		Dataset Structure
	

meta/info.json:
{
    ""codebase_version"": ""v2.0"",
    ""robot_type"": ""so100"",
    ""total_episodes"": 50,
    ""total_frames"": 32068,
 ...",2025-01-06 22:22:38+00:00
joooonhocho/so100_doll_in_bowl_2,https://huggingface.co/datasets/joooonhocho/so100_doll_in_bowl_2,https://huggingface.co/spaces/lerobot/visualize_dataset?path=joooonhocho/so100_doll_in_bowl_2,2025-04-20 07:04:54,SO100,50,156,100,45.0,480x640,30.0,75.0,3,"laptop, phone",2,"['laptop', 'phone']",0,114,0,apache-2.0,Apache License 2.0,https://opensource.org/licenses/Apache-2.0,"This dataset was created using LeRobot.

	
		
		Dataset Structure
	

meta/info.json:
{
    ""codebase_version"": ""v2.1"",
    ""robot_type"": ""so100"",
    ""total_episodes"": 50,
    ""total_frames"": 29900,
 ...",2025-04-20 09:25:05+00:00
joaoocruz00/so100_makeitD1,https://huggingface.co/datasets/joaoocruz00/so100_makeitD1,https://huggingface.co/spaces/lerobot/visualize_dataset?path=joaoocruz00/so100_makeitD1,2025-03-13 15:02:08,SO100,50,156,100,45.0,480x640,30.0,75.0,3,"laptop, realsensergb",2,"['laptop', 'realsensergb']",0,74,0,apache-2.0,Apache License 2.0,https://opensource.org/licenses/Apache-2.0,"This dataset was created using LeRobot.

	
		
		Dataset Structure
	

meta/info.json:
{
    ""codebase_version"": ""v2.1"",
    ""robot_type"": ""so100"",
    ""total_episodes"": 50,
    ""total_frames"": 44698,
 ...",2025-03-13 15:03:12+00:00
00ri/so100_battery_bin_center,https://huggingface.co/datasets/00ri/so100_battery_bin_center,https://huggingface.co/spaces/lerobot/visualize_dataset?path=00ri/so100_battery_bin_center,2025-04-03 21:40:52,SO100,50,156,100,45.0,480x640,30.0,75.0,3,"laptop, phone",2,"['laptop', 'phone']",0,108,0,apache-2.0,Apache License 2.0,https://opensource.org/licenses/Apache-2.0,"This dataset was created using LeRobot.

	
		
		Dataset Structure
	

meta/info.json:
{
    ""codebase_version"": ""v2.1"",
    ""robot_type"": ""so100"",
    ""total_episodes"": 50,
    ""total_frames"": 17715,
 ...",2025-04-03 21:42:28+00:00
sihyun77/so100_test77,https://huggingface.co/datasets/sihyun77/so100_test77,https://huggingface.co/spaces/lerobot/visualize_dataset?path=sihyun77/so100_test77,2025-03-10 10:40:53,SO100,50,156,100,45.0,480x640,30.0,75.0,3,"laptop, phone",2,"['laptop', 'phone']",0,128,0,apache-2.0,Apache License 2.0,https://opensource.org/licenses/Apache-2.0,"This dataset was created using LeRobot.

	
		
		Dataset Structure
	

meta/info.json:
{
    ""codebase_version"": ""v2.1"",
    ""robot_type"": ""so100"",
    ""total_episodes"": 50,
    ""total_frames"": 14693,
 ...",2025-03-10 10:41:30+00:00
sihyun77/so100_realtest,https://huggingface.co/datasets/sihyun77/so100_realtest,https://huggingface.co/spaces/lerobot/visualize_dataset?path=sihyun77/so100_realtest,2025-03-07 08:55:16,SO100,50,156,100,45.0,480x640,30.0,75.0,3,"laptop, phone",2,"['laptop', 'phone']",0,35,0,apache-2.0,Apache License 2.0,https://opensource.org/licenses/Apache-2.0,"This dataset was created using LeRobot.

	
		
		Dataset Structure
	

meta/info.json:
{
    ""codebase_version"": ""v2.1"",
    ""robot_type"": ""so100"",
    ""total_episodes"": 50,
    ""total_frames"": 12858,
 ...",2025-03-07 08:55:51+00:00
sihyun77/si_so100,https://huggingface.co/datasets/sihyun77/si_so100,https://huggingface.co/spaces/lerobot/visualize_dataset?path=sihyun77/si_so100,2025-03-11 09:01:57,SO100,50,156,100,45.0,480x640,30.0,75.0,3,"laptop, phone",2,"['laptop', 'phone']",0,43,0,apache-2.0,Apache License 2.0,https://opensource.org/licenses/Apache-2.0,"This dataset was created using LeRobot.

	
		
		Dataset Structure
	

meta/info.json:
{
    ""codebase_version"": ""v2.1"",
    ""robot_type"": ""so100"",
    ""total_episodes"": 50,
    ""total_frames"": 15148,
 ...",2025-03-11 09:02:33+00:00
siqiLi/so100_test,https://huggingface.co/datasets/siqiLi/so100_test,https://huggingface.co/spaces/lerobot/visualize_dataset?path=siqiLi/so100_test,2025-04-24 13:11:45,SO100,50,206,150,45.0,480x640,30.0,112.5,3,"add1, laptop, phone",3,"['add1', 'laptop', 'phone']",0,367,0,apache-2.0,Apache License 2.0,https://opensource.org/licenses/Apache-2.0,"This dataset was created using LeRobot.

	
		
		Dataset Structure
	

meta/info.json:
{
    ""codebase_version"": ""v2.0"",
    ""robot_type"": ""so100"",
    ""total_episodes"": 50,
    ""total_frames"": 19779,
 ...",2025-06-03 10:36:39+00:00
jean-deruelle/so100_test,https://huggingface.co/datasets/jean-deruelle/so100_test,https://huggingface.co/spaces/lerobot/visualize_dataset?path=jean-deruelle/so100_test,2025-04-04 14:50:32,SO100,50,105,50,45.0,480x640,30.0,37.5,3,phone,1,['phone'],0,27,0,Unknown,Unknown,,,2025-04-04 14:54:46+00:00
smanni/train_so100_stack_bear_box,https://huggingface.co/datasets/smanni/train_so100_stack_bear_box,https://huggingface.co/spaces/lerobot/visualize_dataset?path=smanni/train_so100_stack_bear_box,2025-05-28 14:32:39,SO100,50,106,50,45.0,480x640,30.0,37.5,3,intel_realsense,1,['intel_realsense'],0,294,0,apache-2.0,Apache License 2.0,https://opensource.org/licenses/Apache-2.0,"This dataset was created using LeRobot.

	
		
		Dataset Structure
	

meta/info.json:
{
    ""codebase_version"": ""v2.1"",
    ""robot_type"": ""so100"",
    ""total_episodes"": 50,
    ""total_frames"": 17938,
 ...",2025-05-28 14:32:52+00:00
smanni/train_so100_pick_place_yellow_trash,https://huggingface.co/datasets/smanni/train_so100_pick_place_yellow_trash,https://huggingface.co/spaces/lerobot/visualize_dataset?path=smanni/train_so100_pick_place_yellow_trash,2025-05-27 13:15:13,SO100,50,106,50,45.0,480x640,30.0,37.5,3,intel_realsense,1,['intel_realsense'],0,193,0,apache-2.0,Apache License 2.0,https://opensource.org/licenses/Apache-2.0,"This dataset was created using LeRobot.

	
		
		Dataset Structure
	

meta/info.json:
{
    ""codebase_version"": ""v2.1"",
    ""robot_type"": ""so100"",
    ""total_episodes"": 50,
    ""total_frames"": 22400,
 ...",2025-05-27 13:15:28+00:00
shreyasgite/so100_legocube_50,https://huggingface.co/datasets/shreyasgite/so100_legocube_50,https://huggingface.co/spaces/lerobot/visualize_dataset?path=shreyasgite/so100_legocube_50,2025-02-18 06:55:09,SO100,50,156,100,45.0,480x640,30.0,75.0,3,"laptop, phone",2,"['laptop', 'phone']",0,70,0,apache-2.0,Apache License 2.0,https://opensource.org/licenses/Apache-2.0,"This dataset was created using LeRobot.

	
		
		Dataset Structure
	

meta/info.json:
{
    ""codebase_version"": ""v2.0"",
    ""robot_type"": ""so100"",
    ""total_episodes"": 50,
    ""total_frames"": 20758,
 ...",2025-02-18 06:56:47+00:00
sergiov2000/so100_dataset5,https://huggingface.co/datasets/sergiov2000/so100_dataset5,https://huggingface.co/spaces/lerobot/visualize_dataset?path=sergiov2000/so100_dataset5,2025-04-16 16:08:33,SO100,50,156,100,45.0,480x640,30.0,75.0,3,"blackboard, lego",2,"['blackboard', 'lego']",0,408,1,apache-2.0,Apache License 2.0,https://opensource.org/licenses/Apache-2.0,"This dataset was created using LeRobot.

	
		
		Dataset Structure
	

meta/info.json:
{
    ""codebase_version"": ""v2.1"",
    ""robot_type"": ""so100"",
    ""total_episodes"": 50,
    ""total_frames"": 29682,
 ...",2025-04-16 16:10:27+00:00
seonixx/act_so100_v4_1c,https://huggingface.co/datasets/seonixx/act_so100_v4_1c,https://huggingface.co/spaces/lerobot/visualize_dataset?path=seonixx/act_so100_v4_1c,2025-06-10 18:37:37,SO100,50,106,50,45.0,480x640,30.0,37.5,3,top,1,['top'],0,145,0,apache-2.0,Apache License 2.0,https://opensource.org/licenses/Apache-2.0,"This dataset was created using LeRobot.

	
		
		Dataset Structure
	

meta/info.json:
{
    ""codebase_version"": ""v2.1"",
    ""robot_type"": ""so100_follower"",
    ""total_episodes"": 50,
    ""total_frames"":...",2025-06-10 18:37:51+00:00
seonixx/act_so100_v4.1_1c,https://huggingface.co/datasets/seonixx/act_so100_v4.1_1c,https://huggingface.co/spaces/lerobot/visualize_dataset?path=seonixx/act_so100_v4.1_1c,2025-06-11 14:49:15,SO100,50,106,50,45.0,480x640,30.0,37.5,3,top,1,['top'],0,170,0,apache-2.0,Apache License 2.0,https://opensource.org/licenses/Apache-2.0,"This dataset was created using LeRobot.

	
		
		Dataset Structure
	

meta/info.json:
{
    ""codebase_version"": ""v2.1"",
    ""robot_type"": ""so100_follower"",
    ""total_episodes"": 50,
    ""total_frames"":...",2025-06-11 14:49:31+00:00
samsitol/so100_PnPblock,https://huggingface.co/datasets/samsitol/so100_PnPblock,https://huggingface.co/spaces/lerobot/visualize_dataset?path=samsitol/so100_PnPblock,2025-06-03 15:46:31,SO100,50,206,150,45.0,480x640,30.0,112.5,3,"base, head, wrist",3,"['base', 'head', 'wrist']",0,218,0,apache-2.0,Apache License 2.0,https://opensource.org/licenses/Apache-2.0,"This dataset was created using LeRobot.

	
		
		Dataset Structure
	

meta/info.json:
{
    ""codebase_version"": ""v2.1"",
    ""robot_type"": ""so100"",
    ""total_episodes"": 50,
    ""total_frames"": 32709,
 ...",2025-06-03 15:48:02+00:00
pranavsaroha/so100_squishy100,https://huggingface.co/datasets/pranavsaroha/so100_squishy100,https://huggingface.co/spaces/lerobot/visualize_dataset?path=pranavsaroha/so100_squishy100,2024-12-30 18:16:12,SO100,50,156,100,45.0,480x640,30.0,75.0,3,"laptop, phone",2,"['laptop', 'phone']",0,105,0,apache-2.0,Apache License 2.0,https://opensource.org/licenses/Apache-2.0,"This dataset was created using LeRobot.

	
		
		Dataset Structure
	

meta/info.json:
{
    ""codebase_version"": ""v2.0"",
    ""robot_type"": ""so100"",
    ""total_episodes"": 50,
    ""total_frames"": 18989,
 ...",2024-12-30 18:22:54+00:00
samsitol/so100_PnP,https://huggingface.co/datasets/samsitol/so100_PnP,https://huggingface.co/spaces/lerobot/visualize_dataset?path=samsitol/so100_PnP,2025-05-30 22:14:02,SO100,50,156,100,45.0,480x640,30.0,75.0,3,"head, wrist",2,"['head', 'wrist']",0,195,0,apache-2.0,Apache License 2.0,https://opensource.org/licenses/Apache-2.0,"This dataset was created using LeRobot.

	
		
		Dataset Structure
	

meta/info.json:
{
    ""codebase_version"": ""v2.1"",
    ""robot_type"": ""so100"",
    ""total_episodes"": 50,
    ""total_frames"": 23377,
 ...",2025-05-30 22:14:59+00:00
samanthalhy/so100_herding_1,https://huggingface.co/datasets/samanthalhy/so100_herding_1,https://huggingface.co/spaces/lerobot/visualize_dataset?path=samanthalhy/so100_herding_1,2025-04-15 12:20:22,SO100,50,156,100,45.0,480x640,30.0,75.0,3,"laptop, phone",2,"['laptop', 'phone']",0,108,0,apache-2.0,Apache License 2.0,https://opensource.org/licenses/Apache-2.0,"This dataset was created using LeRobot.

	
		
		Dataset Structure
	

meta/info.json:
{
    ""codebase_version"": ""v2.1"",
    ""robot_type"": ""so100"",
    ""total_episodes"": 3,
    ""total_frames"": 14767,
  ...",2025-04-16 08:48:23+00:00
siqiLi/so100_test10,https://huggingface.co/datasets/siqiLi/so100_test10,https://huggingface.co/spaces/lerobot/visualize_dataset?path=siqiLi/so100_test10,2025-03-26 13:00:55,SO100,50,156,100,45.0,480x640,30.0,75.0,3,"laptop, phone",2,"['laptop', 'phone']",0,54,0,apache-2.0,Apache License 2.0,https://opensource.org/licenses/Apache-2.0,"This dataset was created using LeRobot.

	
		
		Dataset Structure
	

meta/info.json:
{
    ""codebase_version"": ""v2.0"",
    ""robot_type"": ""so100"",
    ""total_episodes"": 50,
    ""total_frames"": 24864,
 ...",2025-03-26 13:07:00+00:00
produc-xuan/so100_test,https://huggingface.co/datasets/produc-xuan/so100_test,https://huggingface.co/spaces/lerobot/visualize_dataset?path=produc-xuan/so100_test,2025-04-17 10:23:20,SO100,50,158,102,45.0,480x640,30.0,76.5,3,"laptop, phone, wrist",3,"['laptop', 'phone', 'wrist']",0,45,0,apache-2.0,Apache License 2.0,https://opensource.org/licenses/Apache-2.0,"This dataset was created using LeRobot.

	
		
		Dataset Structure
	

meta/info.json:
{
    ""codebase_version"": ""v2.1"",
    ""robot_type"": ""so100"",
    ""total_episodes"": 2,
    ""total_frames"": 673,
    ...",2025-04-17 14:49:12+00:00
siqiLi/so100_test3,https://huggingface.co/datasets/siqiLi/so100_test3,https://huggingface.co/spaces/lerobot/visualize_dataset?path=siqiLi/so100_test3,2025-03-09 09:41:39,SO100,50,156,100,45.0,480x640,30.0,75.0,3,"laptop, phone",2,"['laptop', 'phone']",0,102,0,apache-2.0,Apache License 2.0,https://opensource.org/licenses/Apache-2.0,"This dataset was created using LeRobot.

	
		
		Dataset Structure
	

meta/info.json:
{
    ""codebase_version"": ""v2.0"",
    ""robot_type"": ""so100"",
    ""total_episodes"": 50,
    ""total_frames"": 23013,
 ...",2025-05-07 09:08:25+00:00
kivod/so100_test2,https://huggingface.co/datasets/kivod/so100_test2,https://huggingface.co/spaces/lerobot/visualize_dataset?path=kivod/so100_test2,2025-04-22 15:36:19,SO100,50,106,50,45.0,480x640,30.0,37.5,3,laptop,1,['laptop'],0,60,0,apache-2.0,Apache License 2.0,https://opensource.org/licenses/Apache-2.0,"This dataset was created using LeRobot.

	
		
		Dataset Structure
	

meta/info.json:
{
    ""codebase_version"": ""v2.1"",
    ""robot_type"": ""so100"",
    ""total_episodes"": 50,
    ""total_frames"": 23585,
 ...",2025-04-22 15:36:47+00:00
masato-ka/so100_table_assistant,https://huggingface.co/datasets/masato-ka/so100_table_assistant,https://huggingface.co/spaces/lerobot/visualize_dataset?path=masato-ka/so100_table_assistant,2025-06-14 04:48:30,SO100,50,156,100,45.0,480x640,30.0,75.0,3,"left, wrist",2,"['left', 'wrist']",0,53,0,apache-2.0,Apache License 2.0,https://opensource.org/licenses/Apache-2.0,"This dataset was created using LeRobot.

	
		
		Dataset Structure
	

meta/info.json:
{
    ""codebase_version"": ""v2.1"",
    ""robot_type"": ""so100"",
    ""total_episodes"": 30,
    ""total_frames"": 26243,
 ...",2025-06-14 10:12:48+00:00
oshvartz/so100_test4,https://huggingface.co/datasets/oshvartz/so100_test4,https://huggingface.co/spaces/lerobot/visualize_dataset?path=oshvartz/so100_test4,2024-12-20 13:28:34,SO100,50,106,100,45.0,480x640,30.0,75.0,3,"laptop_episode_000000, laptop_episode_000001, laptop_episode_000002, laptop_episode_000003, laptop_episode_000004, laptop_episode_000005, laptop_episode_000006, laptop_episode_000007, laptop_episode_000008, laptop_episode_000009, laptop_episode_000010, laptop_episode_000011, laptop_episode_000012, laptop_episode_000013, laptop_episode_000014, laptop_episode_000015, laptop_episode_000016, laptop_episode_000017, laptop_episode_000018, laptop_episode_000019, laptop_episode_000020, laptop_episode_000021, laptop_episode_000022, laptop_episode_000023, laptop_episode_000024, laptop_episode_000025, laptop_episode_000026, laptop_episode_000027, laptop_episode_000028, laptop_episode_000029, laptop_episode_000030, laptop_episode_000031, laptop_episode_000032, laptop_episode_000033, laptop_episode_000034, laptop_episode_000035, laptop_episode_000036, laptop_episode_000037, laptop_episode_000038, laptop_episode_000039, laptop_episode_000040, laptop_episode_000041, laptop_episode_000042, laptop_episode_000043, laptop_episode_000044, laptop_episode_000045, laptop_episode_000046, laptop_episode_000047, laptop_episode_000048, laptop_episode_000049, phone_episode_000000, phone_episode_000001, phone_episode_000002, phone_episode_000003, phone_episode_000004, phone_episode_000005, phone_episode_000006, phone_episode_000007, phone_episode_000008, phone_episode_000009, phone_episode_000010, phone_episode_000011, phone_episode_000012, phone_episode_000013, phone_episode_000014, phone_episode_000015, phone_episode_000016, phone_episode_000017, phone_episode_000018, phone_episode_000019, phone_episode_000020, phone_episode_000021, phone_episode_000022, phone_episode_000023, phone_episode_000024, phone_episode_000025, phone_episode_000026, phone_episode_000027, phone_episode_000028, phone_episode_000029, phone_episode_000030, phone_episode_000031, phone_episode_000032, phone_episode_000033, phone_episode_000034, phone_episode_000035, phone_episode_000036, phone_episode_000037, phone_episode_000038, phone_episode_000039, phone_episode_000040, phone_episode_000041, phone_episode_000042, phone_episode_000043, phone_episode_000044, phone_episode_000045, phone_episode_000046, phone_episode_000047, phone_episode_000048, phone_episode_000049",100,"['laptop_episode_000000', 'laptop_episode_000001', 'laptop_episode_000002', 'laptop_episode_000003', 'laptop_episode_000004', 'laptop_episode_000005', 'laptop_episode_000006', 'laptop_episode_000007', 'laptop_episode_000008', 'laptop_episode_000009', 'laptop_episode_000010', 'laptop_episode_000011', 'laptop_episode_000012', 'laptop_episode_000013', 'laptop_episode_000014', 'laptop_episode_000015', 'laptop_episode_000016', 'laptop_episode_000017', 'laptop_episode_000018', 'laptop_episode_000019', 'laptop_episode_000020', 'laptop_episode_000021', 'laptop_episode_000022', 'laptop_episode_000023', 'laptop_episode_000024', 'laptop_episode_000025', 'laptop_episode_000026', 'laptop_episode_000027', 'laptop_episode_000028', 'laptop_episode_000029', 'laptop_episode_000030', 'laptop_episode_000031', 'laptop_episode_000032', 'laptop_episode_000033', 'laptop_episode_000034', 'laptop_episode_000035', 'laptop_episode_000036', 'laptop_episode_000037', 'laptop_episode_000038', 'laptop_episode_000039', 'laptop_episode_000040', 'laptop_episode_000041', 'laptop_episode_000042', 'laptop_episode_000043', 'laptop_episode_000044', 'laptop_episode_000045', 'laptop_episode_000046', 'laptop_episode_000047', 'laptop_episode_000048', 'laptop_episode_000049', 'phone_episode_000000', 'phone_episode_000001', 'phone_episode_000002', 'phone_episode_000003', 'phone_episode_000004', 'phone_episode_000005', 'phone_episode_000006', 'phone_episode_000007', 'phone_episode_000008', 'phone_episode_000009', 'phone_episode_000010', 'phone_episode_000011', 'phone_episode_000012', 'phone_episode_000013', 'phone_episode_000014', 'phone_episode_000015', 'phone_episode_000016', 'phone_episode_000017', 'phone_episode_000018', 'phone_episode_000019', 'phone_episode_000020', 'phone_episode_000021', 'phone_episode_000022', 'phone_episode_000023', 'phone_episode_000024', 'phone_episode_000025', 'phone_episode_000026', 'phone_episode_000027', 'phone_episode_000028', 'phone_episode_000029', 'phone_episode_000030', 'phone_episode_000031', 'phone_episode_000032', 'phone_episode_000033', 'phone_episode_000034', 'phone_episode_000035', 'phone_episode_000036', 'phone_episode_000037', 'phone_episode_000038', 'phone_episode_000039', 'phone_episode_000040', 'phone_episode_000041', 'phone_episode_000042', 'phone_episode_000043', 'phone_episode_000044', 'phone_episode_000045', 'phone_episode_000046', 'phone_episode_000047', 'phone_episode_000048', 'phone_episode_000049']",0,40,0,Unknown,Unknown,,"This dataset was created using LeRobot.
...",2024-12-20 13:33:05+00:00
siqiLi/so100_test8,https://huggingface.co/datasets/siqiLi/so100_test8,https://huggingface.co/spaces/lerobot/visualize_dataset?path=siqiLi/so100_test8,2025-03-26 13:38:47,SO100,50,156,100,45.0,480x640,30.0,75.0,3,"laptop, phone",2,"['laptop', 'phone']",0,51,0,apache-2.0,Apache License 2.0,https://opensource.org/licenses/Apache-2.0,"This dataset was created using LeRobot.

	
		
		Dataset Structure
	

meta/info.json:
{
    ""codebase_version"": ""v2.0"",
    ""robot_type"": ""so100"",
    ""total_episodes"": 50,
    ""total_frames"": 55904,
 ...",2025-03-26 14:04:09+00:00
siqiLi/so100_test9,https://huggingface.co/datasets/siqiLi/so100_test9,https://huggingface.co/spaces/lerobot/visualize_dataset?path=siqiLi/so100_test9,2025-03-26 14:25:50,SO100,50,156,100,45.0,480x640,30.0,75.0,3,"laptop, phone",2,"['laptop', 'phone']",0,72,0,apache-2.0,Apache License 2.0,https://opensource.org/licenses/Apache-2.0,"This dataset was created using LeRobot.

	
		
		Dataset Structure
	

meta/info.json:
{
    ""codebase_version"": ""v2.0"",
    ""robot_type"": ""so100"",
    ""total_episodes"": 50,
    ""total_frames"": 31563,
 ...",2025-03-26 14:29:40+00:00
sirjoy/so100_dataset_1,https://huggingface.co/datasets/sirjoy/so100_dataset_1,https://huggingface.co/spaces/lerobot/visualize_dataset?path=sirjoy/so100_dataset_1,2024-11-22 02:29:27,SO100,50,56,50,45.0,480x640,30.0,37.5,3,"laptop_episode_000000, laptop_episode_000001, laptop_episode_000002, laptop_episode_000003, laptop_episode_000004, laptop_episode_000005, laptop_episode_000006, laptop_episode_000007, laptop_episode_000008, laptop_episode_000009, laptop_episode_000010, laptop_episode_000011, laptop_episode_000012, laptop_episode_000013, laptop_episode_000014, laptop_episode_000015, laptop_episode_000016, laptop_episode_000017, laptop_episode_000018, laptop_episode_000019, laptop_episode_000020, laptop_episode_000021, laptop_episode_000022, laptop_episode_000023, laptop_episode_000024, laptop_episode_000025, laptop_episode_000026, laptop_episode_000027, laptop_episode_000028, laptop_episode_000029, laptop_episode_000030, laptop_episode_000031, laptop_episode_000032, laptop_episode_000033, laptop_episode_000034, laptop_episode_000035, laptop_episode_000036, laptop_episode_000037, laptop_episode_000038, laptop_episode_000039, laptop_episode_000040, laptop_episode_000041, laptop_episode_000042, laptop_episode_000043, laptop_episode_000044, laptop_episode_000045, laptop_episode_000046, laptop_episode_000047, laptop_episode_000048, laptop_episode_000049",50,"['laptop_episode_000000', 'laptop_episode_000001', 'laptop_episode_000002', 'laptop_episode_000003', 'laptop_episode_000004', 'laptop_episode_000005', 'laptop_episode_000006', 'laptop_episode_000007', 'laptop_episode_000008', 'laptop_episode_000009', 'laptop_episode_000010', 'laptop_episode_000011', 'laptop_episode_000012', 'laptop_episode_000013', 'laptop_episode_000014', 'laptop_episode_000015', 'laptop_episode_000016', 'laptop_episode_000017', 'laptop_episode_000018', 'laptop_episode_000019', 'laptop_episode_000020', 'laptop_episode_000021', 'laptop_episode_000022', 'laptop_episode_000023', 'laptop_episode_000024', 'laptop_episode_000025', 'laptop_episode_000026', 'laptop_episode_000027', 'laptop_episode_000028', 'laptop_episode_000029', 'laptop_episode_000030', 'laptop_episode_000031', 'laptop_episode_000032', 'laptop_episode_000033', 'laptop_episode_000034', 'laptop_episode_000035', 'laptop_episode_000036', 'laptop_episode_000037', 'laptop_episode_000038', 'laptop_episode_000039', 'laptop_episode_000040', 'laptop_episode_000041', 'laptop_episode_000042', 'laptop_episode_000043', 'laptop_episode_000044', 'laptop_episode_000045', 'laptop_episode_000046', 'laptop_episode_000047', 'laptop_episode_000048', 'laptop_episode_000049']",0,154,0,Unknown,Unknown,,"This dataset was created using LeRobot.
...",2024-11-22 02:29:46+00:00
nbaron99/so100_pick_and_place2,https://huggingface.co/datasets/nbaron99/so100_pick_and_place2,https://huggingface.co/spaces/lerobot/visualize_dataset?path=nbaron99/so100_pick_and_place2,2025-01-27 21:24:54,SO100,50,156,100,45.0,480x640,30.0,75.0,3,"laptop, phone",2,"['laptop', 'phone']",0,76,0,apache-2.0,Apache License 2.0,https://opensource.org/licenses/Apache-2.0,"This dataset was created using LeRobot.

	
		
		Dataset Structure
	

meta/info.json:
{
    ""codebase_version"": ""v2.0"",
    ""robot_type"": ""so100"",
    ""total_episodes"": 50,
    ""total_frames"": 29745,
 ...",2025-01-27 21:30:11+00:00
labaruss/so100_cube_to_cup,https://huggingface.co/datasets/labaruss/so100_cube_to_cup,https://huggingface.co/spaces/lerobot/visualize_dataset?path=labaruss/so100_cube_to_cup,2025-04-03 13:32:50,SO100,50,156,100,45.0,480x640,30.0,75.0,3,"side, top",2,"['side', 'top']",0,27,0,apache-2.0,Apache License 2.0,https://opensource.org/licenses/Apache-2.0,"This dataset was created using LeRobot.

	
		
		Dataset Structure
	

meta/info.json:
{
    ""codebase_version"": ""v2.1"",
    ""robot_type"": ""so100"",
    ""total_episodes"": 50,
    ""total_frames"": 22100,
 ...",2025-04-03 13:33:22+00:00
lerobot/svla_so100_pickplace,https://huggingface.co/datasets/lerobot/svla_so100_pickplace,https://huggingface.co/spaces/lerobot/visualize_dataset?path=lerobot/svla_so100_pickplace,2025-05-12 13:37:46,SO100,50,156,100,45.0,480x640,30.0,75.0,3,"top, wrist",2,"['top', 'wrist']",0,881,0,apache-2.0,Apache License 2.0,https://opensource.org/licenses/Apache-2.0,"This dataset was created using LeRobot.

	
		
		Dataset Structure
	

meta/info.json:
{
    ""codebase_version"": ""v2.1"",
    ""robot_type"": ""so100"",
    ""total_episodes"": 50,
    ""total_frames"": 19631,
 ...",2025-05-12 13:38:10+00:00
linanbei/so100_test,https://huggingface.co/datasets/linanbei/so100_test,https://huggingface.co/spaces/lerobot/visualize_dataset?path=linanbei/so100_test,2025-03-06 03:34:40,SO100,50,156,100,45.0,480x640,30.0,75.0,3,"laptop, phone",2,"['laptop', 'phone']",0,116,0,apache-2.0,Apache License 2.0,https://opensource.org/licenses/Apache-2.0,"This dataset was created using LeRobot.

	
		
		Dataset Structure
	

meta/info.json:
{
    ""codebase_version"": ""v2.0"",
    ""robot_type"": ""so100"",
    ""total_episodes"": 50,
    ""total_frames"": 20839,
 ...",2025-03-06 03:35:48+00:00
oshvartz/so100_test5,https://huggingface.co/datasets/oshvartz/so100_test5,https://huggingface.co/spaces/lerobot/visualize_dataset?path=oshvartz/so100_test5,2025-01-10 18:55:45,SO100,50,106,100,45.0,480x640,30.0,75.0,3,"laptop_episode_000000, laptop_episode_000001, laptop_episode_000002, laptop_episode_000003, laptop_episode_000004, laptop_episode_000005, laptop_episode_000006, laptop_episode_000007, laptop_episode_000008, laptop_episode_000009, laptop_episode_000010, laptop_episode_000011, laptop_episode_000012, laptop_episode_000013, laptop_episode_000014, laptop_episode_000015, laptop_episode_000016, laptop_episode_000017, laptop_episode_000018, laptop_episode_000019, laptop_episode_000020, laptop_episode_000021, laptop_episode_000022, laptop_episode_000023, laptop_episode_000024, laptop_episode_000025, laptop_episode_000026, laptop_episode_000027, laptop_episode_000028, laptop_episode_000029, laptop_episode_000030, laptop_episode_000031, laptop_episode_000032, laptop_episode_000033, laptop_episode_000034, laptop_episode_000035, laptop_episode_000036, laptop_episode_000037, laptop_episode_000038, laptop_episode_000039, laptop_episode_000040, laptop_episode_000041, laptop_episode_000042, laptop_episode_000043, laptop_episode_000044, laptop_episode_000045, laptop_episode_000046, laptop_episode_000047, laptop_episode_000048, laptop_episode_000049, phone_episode_000000, phone_episode_000001, phone_episode_000002, phone_episode_000003, phone_episode_000004, phone_episode_000005, phone_episode_000006, phone_episode_000007, phone_episode_000008, phone_episode_000009, phone_episode_000010, phone_episode_000011, phone_episode_000012, phone_episode_000013, phone_episode_000014, phone_episode_000015, phone_episode_000016, phone_episode_000017, phone_episode_000018, phone_episode_000019, phone_episode_000020, phone_episode_000021, phone_episode_000022, phone_episode_000023, phone_episode_000024, phone_episode_000025, phone_episode_000026, phone_episode_000027, phone_episode_000028, phone_episode_000029, phone_episode_000030, phone_episode_000031, phone_episode_000032, phone_episode_000033, phone_episode_000034, phone_episode_000035, phone_episode_000036, phone_episode_000037, phone_episode_000038, phone_episode_000039, phone_episode_000040, phone_episode_000041, phone_episode_000042, phone_episode_000043, phone_episode_000044, phone_episode_000045, phone_episode_000046, phone_episode_000047, phone_episode_000048, phone_episode_000049",100,"['laptop_episode_000000', 'laptop_episode_000001', 'laptop_episode_000002', 'laptop_episode_000003', 'laptop_episode_000004', 'laptop_episode_000005', 'laptop_episode_000006', 'laptop_episode_000007', 'laptop_episode_000008', 'laptop_episode_000009', 'laptop_episode_000010', 'laptop_episode_000011', 'laptop_episode_000012', 'laptop_episode_000013', 'laptop_episode_000014', 'laptop_episode_000015', 'laptop_episode_000016', 'laptop_episode_000017', 'laptop_episode_000018', 'laptop_episode_000019', 'laptop_episode_000020', 'laptop_episode_000021', 'laptop_episode_000022', 'laptop_episode_000023', 'laptop_episode_000024', 'laptop_episode_000025', 'laptop_episode_000026', 'laptop_episode_000027', 'laptop_episode_000028', 'laptop_episode_000029', 'laptop_episode_000030', 'laptop_episode_000031', 'laptop_episode_000032', 'laptop_episode_000033', 'laptop_episode_000034', 'laptop_episode_000035', 'laptop_episode_000036', 'laptop_episode_000037', 'laptop_episode_000038', 'laptop_episode_000039', 'laptop_episode_000040', 'laptop_episode_000041', 'laptop_episode_000042', 'laptop_episode_000043', 'laptop_episode_000044', 'laptop_episode_000045', 'laptop_episode_000046', 'laptop_episode_000047', 'laptop_episode_000048', 'laptop_episode_000049', 'phone_episode_000000', 'phone_episode_000001', 'phone_episode_000002', 'phone_episode_000003', 'phone_episode_000004', 'phone_episode_000005', 'phone_episode_000006', 'phone_episode_000007', 'phone_episode_000008', 'phone_episode_000009', 'phone_episode_000010', 'phone_episode_000011', 'phone_episode_000012', 'phone_episode_000013', 'phone_episode_000014', 'phone_episode_000015', 'phone_episode_000016', 'phone_episode_000017', 'phone_episode_000018', 'phone_episode_000019', 'phone_episode_000020', 'phone_episode_000021', 'phone_episode_000022', 'phone_episode_000023', 'phone_episode_000024', 'phone_episode_000025', 'phone_episode_000026', 'phone_episode_000027', 'phone_episode_000028', 'phone_episode_000029', 'phone_episode_000030', 'phone_episode_000031', 'phone_episode_000032', 'phone_episode_000033', 'phone_episode_000034', 'phone_episode_000035', 'phone_episode_000036', 'phone_episode_000037', 'phone_episode_000038', 'phone_episode_000039', 'phone_episode_000040', 'phone_episode_000041', 'phone_episode_000042', 'phone_episode_000043', 'phone_episode_000044', 'phone_episode_000045', 'phone_episode_000046', 'phone_episode_000047', 'phone_episode_000048', 'phone_episode_000049']",0,36,0,Unknown,Unknown,,"This dataset was created using LeRobot.
...",2025-01-10 19:20:49+00:00
masato-ka/so100_human_interaction,https://huggingface.co/datasets/masato-ka/so100_human_interaction,https://huggingface.co/spaces/lerobot/visualize_dataset?path=masato-ka/so100_human_interaction,2025-06-15 01:00:47,SO100,50,156,100,45.0,480x640,30.0,75.0,3,"left, wrist",2,"['left', 'wrist']",0,0,0,apache-2.0,Apache License 2.0,https://opensource.org/licenses/Apache-2.0,"This dataset was created using LeRobot.

	
		
		Dataset Structure
	

meta/info.json:
{
    ""codebase_version"": ""v2.1"",
    ""robot_type"": ""so100"",
    ""total_episodes"": 40,
    ""total_frames"": 35803,
 ...",2025-06-15 03:08:36+00:00
slowturtle99/so100_pick_place_blocks,https://huggingface.co/datasets/slowturtle99/so100_pick_place_blocks,https://huggingface.co/spaces/lerobot/visualize_dataset?path=slowturtle99/so100_pick_place_blocks,2025-06-01 18:57:42,SO100,50,156,100,45.0,480x640,30.0,75.0,3,"top, wrist",2,"['top', 'wrist']",0,364,0,apache-2.0,Apache License 2.0,https://opensource.org/licenses/Apache-2.0,"This dataset was created using LeRobot.

	
		
		Dataset Structure
	

meta/info.json:
{
    ""codebase_version"": ""v2.1"",
    ""robot_type"": ""so100"",
    ""total_episodes"": 50,
    ""total_frames"": 35084,
 ...",2025-06-01 18:58:35+00:00
masato-ka/so100_cutlery_handling_simple,https://huggingface.co/datasets/masato-ka/so100_cutlery_handling_simple,https://huggingface.co/spaces/lerobot/visualize_dataset?path=masato-ka/so100_cutlery_handling_simple,2025-05-03 00:26:08,SO100,50,106,50,45.0,480x640,30.0,37.5,3,laptop,1,['laptop'],0,55,0,apache-2.0,Apache License 2.0,https://opensource.org/licenses/Apache-2.0,"This dataset was created using LeRobot.

	
		
		Dataset Structure
	

meta/info.json:
{
    ""codebase_version"": ""v2.1"",
    ""robot_type"": ""so100"",
    ""total_episodes"": 50,
    ""total_frames"": 29853,
 ...",2025-05-03 00:27:31+00:00
maizi2023/so100_test,https://huggingface.co/datasets/maizi2023/so100_test,https://huggingface.co/spaces/lerobot/visualize_dataset?path=maizi2023/so100_test,2025-02-06 10:36:55,SO100,50,156,100,45.0,480x640,30.0,75.0,3,"laptop, phone",2,"['laptop', 'phone']",0,51,0,apache-2.0,Apache License 2.0,https://opensource.org/licenses/Apache-2.0,"This dataset was created using LeRobot.

	
		
		Dataset Structure
	

meta/info.json:
{
    ""codebase_version"": ""v2.0"",
    ""robot_type"": ""so100"",
    ""total_episodes"": 50,
    ""total_frames"": 13551,
 ...",2025-02-06 10:38:26+00:00
lzh123123/so100_test2,https://huggingface.co/datasets/lzh123123/so100_test2,https://huggingface.co/spaces/lerobot/visualize_dataset?path=lzh123123/so100_test2,2025-04-13 10:19:55,SO100,50,156,100,45.0,480x640,30.0,75.0,3,"laptop, phone",2,"['laptop', 'phone']",0,47,0,apache-2.0,Apache License 2.0,https://opensource.org/licenses/Apache-2.0,"This dataset was created using LeRobot.

	
		
		Dataset Structure
	

meta/info.json:
{
    ""codebase_version"": ""v2.1"",
    ""robot_type"": ""so100"",
    ""total_episodes"": 1,
    ""total_frames"": 862,
    ...",2025-04-14 14:51:49+00:00
liuhuanjim013/eval_act_so100_block.bak,https://huggingface.co/datasets/liuhuanjim013/eval_act_so100_block.bak,https://huggingface.co/spaces/lerobot/visualize_dataset?path=liuhuanjim013/eval_act_so100_block.bak,2025-03-13 00:35:17,SO100,50,156,100,45.0,480x640,30.0,75.0,3,"hand, top",2,"['hand', 'top']",0,37,0,Unknown,Unknown,,"This dataset was created using LeRobot.

	
		
		Dataset Structure
	

meta/info.json:
{
    ""codebase_version"": ""v2.1"",
    ""robot_type"": ""so100"",
    ""total_episodes"": 47,
    ""total_frames"": 29764,
 ...",2025-03-15 06:30:42+00:00
luriss/so100_pick_and_place_box_task_0430_1,https://huggingface.co/datasets/luriss/so100_pick_and_place_box_task_0430_1,https://huggingface.co/spaces/lerobot/visualize_dataset?path=luriss/so100_pick_and_place_box_task_0430_1,2025-04-29 16:11:20,SO100,50,156,100,45.0,480x640,30.0,75.0,3,"laptop, phone",2,"['laptop', 'phone']",0,49,0,apache-2.0,Apache License 2.0,https://opensource.org/licenses/Apache-2.0,"This dataset was created using LeRobot.

	
		
		Dataset Structure
	

meta/info.json:
{
    ""codebase_version"": ""v2.1"",
    ""robot_type"": ""so100"",
    ""total_episodes"": 50,
    ""total_frames"": 19901,
 ...",2025-04-29 16:21:52+00:00
smanni/train_so100_pick_place_blue_pencil,https://huggingface.co/datasets/smanni/train_so100_pick_place_blue_pencil,https://huggingface.co/spaces/lerobot/visualize_dataset?path=smanni/train_so100_pick_place_blue_pencil,2025-05-28 13:56:23,SO100,50,106,50,45.0,480x640,30.0,37.5,3,intel_realsense,1,['intel_realsense'],0,281,0,apache-2.0,Apache License 2.0,https://opensource.org/licenses/Apache-2.0,"This dataset was created using LeRobot.

	
		
		Dataset Structure
	

meta/info.json:
{
    ""codebase_version"": ""v2.1"",
    ""robot_type"": ""so100"",
    ""total_episodes"": 50,
    ""total_frames"": 17924,
 ...",2025-05-28 13:56:37+00:00
ovo-bot/so100-arms,https://huggingface.co/datasets/ovo-bot/so100-arms,https://huggingface.co/spaces/lerobot/visualize_dataset?path=ovo-bot/so100-arms,2025-04-20 03:56:14,SO100,50,106,50,45.0,480x640,30.0,37.5,3,laptop,1,['laptop'],0,51,0,apache-2.0,Apache License 2.0,https://opensource.org/licenses/Apache-2.0,"This dataset was created using LeRobot.

	
		
		Dataset Structure
	

meta/info.json:
{
    ""codebase_version"": ""v2.1"",
    ""robot_type"": ""so100"",
    ""total_episodes"": 5,
    ""total_frames"": 731,
    ...",2025-04-21 00:08:17+00:00
pranavsaroha/so100_squishy,https://huggingface.co/datasets/pranavsaroha/so100_squishy,https://huggingface.co/spaces/lerobot/visualize_dataset?path=pranavsaroha/so100_squishy,2024-12-30 03:31:33,SO100,50,156,100,45.0,480x640,30.0,75.0,3,"laptop, phone",2,"['laptop', 'phone']",0,66,0,apache-2.0,Apache License 2.0,https://opensource.org/licenses/Apache-2.0,"This dataset was created using LeRobot.

	
		
		Dataset Structure
	

meta/info.json:
{
    ""codebase_version"": ""v2.0"",
    ""robot_type"": ""so100"",
    ""total_episodes"": 50,
    ""total_frames"": 19001,
 ...",2024-12-30 03:41:34+00:00
pengjunkun/so100_push_to_hole,https://huggingface.co/datasets/pengjunkun/so100_push_to_hole,https://huggingface.co/spaces/lerobot/visualize_dataset?path=pengjunkun/so100_push_to_hole,2025-02-25 08:11:39,SO100,50,106,50,45.0,480x640,30.0,37.5,3,laptop,1,['laptop'],0,85,0,apache-2.0,Apache License 2.0,https://opensource.org/licenses/Apache-2.0,"This dataset was created using LeRobot.

	
		
		Dataset Structure
	

meta/info.json:
{
    ""codebase_version"": ""v2.0"",
    ""robot_type"": ""so100"",
    ""total_episodes"": 50,
    ""total_frames"": 22446,
 ...",2025-02-25 08:59:16+00:00
siqiLi/so100_test2,https://huggingface.co/datasets/siqiLi/so100_test2,https://huggingface.co/spaces/lerobot/visualize_dataset?path=siqiLi/so100_test2,2025-03-09 09:35:10,SO100,50,156,100,45.0,480x640,30.0,75.0,3,"laptop, phone",2,"['laptop', 'phone']",0,130,0,apache-2.0,Apache License 2.0,https://opensource.org/licenses/Apache-2.0,"This dataset was created using LeRobot.

	
		
		Dataset Structure
	

meta/info.json:
{
    ""codebase_version"": ""v2.0"",
    ""robot_type"": ""so100"",
    ""total_episodes"": 45,
    ""total_frames"": 24262,
 ...",2025-06-04 15:05:36+00:00
pingev/so100_test_2025-03-29-3,https://huggingface.co/datasets/pingev/so100_test_2025-03-29-3,https://huggingface.co/spaces/lerobot/visualize_dataset?path=pingev/so100_test_2025-03-29-3,2025-03-29 14:56:48,SO100,50,156,100,45.0,480x640,30.0,75.0,3,"laptop, phone",2,"['laptop', 'phone']",0,135,0,gpl-3.0,GNU General Public License v3.0,https://opensource.org/licenses/GPL-3.0,,2025-03-29 15:04:15+00:00
pingev/so100_test_2025-03-15-2,https://huggingface.co/datasets/pingev/so100_test_2025-03-15-2,https://huggingface.co/spaces/lerobot/visualize_dataset?path=pingev/so100_test_2025-03-15-2,2025-03-15 15:15:10,SO100,50,156,100,45.0,480x640,30.0,75.0,3,"laptop, phone",2,"['laptop', 'phone']",0,55,0,apache-2.0,Apache License 2.0,https://opensource.org/licenses/Apache-2.0,"This dataset was created using LeRobot.

	
		
		Dataset Structure
	

meta/info.json:
{
    ""codebase_version"": ""v2.1"",
    ""robot_type"": ""so100"",
    ""total_episodes"": 50,
    ""total_frames"": 11873,
 ...",2025-03-15 15:15:34+00:00
love3165303/so100_pick6,https://huggingface.co/datasets/love3165303/so100_pick6,https://huggingface.co/spaces/lerobot/visualize_dataset?path=love3165303/so100_pick6,2025-05-21 13:51:04,SO100,50,156,100,45.0,480x640,30.0,75.0,3,"laptop, phone",2,"['laptop', 'phone']",0,200,0,apache-2.0,Apache License 2.0,https://opensource.org/licenses/Apache-2.0,"This dataset was created using LeRobot.

	
		
		Dataset Structure
	

meta/info.json:
{
    ""codebase_version"": ""v2.1"",
    ""robot_type"": ""so100"",
    ""total_episodes"": 10,
    ""total_frames"": 3079,
  ...",2025-05-21 14:13:12+00:00
siqiLi/so100_test4,https://huggingface.co/datasets/siqiLi/so100_test4,https://huggingface.co/spaces/lerobot/visualize_dataset?path=siqiLi/so100_test4,2025-03-09 10:47:33,SO100,50,156,100,45.0,480x640,30.0,75.0,3,"laptop, phone",2,"['laptop', 'phone']",0,59,0,apache-2.0,Apache License 2.0,https://opensource.org/licenses/Apache-2.0,"This dataset was created using LeRobot.

	
		
		Dataset Structure
	

meta/info.json:
{
    ""codebase_version"": ""v2.0"",
    ""robot_type"": ""so100"",
    ""total_episodes"": 50,
    ""total_frames"": 25886,
 ...",2025-04-27 13:19:21+00:00
siqiLi/so100_test5,https://huggingface.co/datasets/siqiLi/so100_test5,https://huggingface.co/spaces/lerobot/visualize_dataset?path=siqiLi/so100_test5,2025-03-09 11:37:26,SO100,50,156,100,45.0,480x640,30.0,75.0,3,"laptop, phone",2,"['laptop', 'phone']",0,61,0,apache-2.0,Apache License 2.0,https://opensource.org/licenses/Apache-2.0,"This dataset was created using LeRobot.

	
		
		Dataset Structure
	

meta/info.json:
{
    ""codebase_version"": ""v2.0"",
    ""robot_type"": ""so100"",
    ""total_episodes"": 50,
    ""total_frames"": 26260,
 ...",2025-03-09 11:38:53+00:00
pepijn223/mobile_so100_clean_trash_1,https://huggingface.co/datasets/pepijn223/mobile_so100_clean_trash_1,https://huggingface.co/spaces/lerobot/visualize_dataset?path=pepijn223/mobile_so100_clean_trash_1,2025-02-12 12:54:39,SO100,50,106,50,45.0,480x640,30.0,37.5,3,mobile,1,['mobile'],0,41,0,apache-2.0,Apache License 2.0,https://opensource.org/licenses/Apache-2.0,"This dataset was created using LeRobot.

	
		
		Dataset Structure
	

meta/info.json:
{
    ""codebase_version"": ""v2.0"",
    ""robot_type"": ""mobile_so100"",
    ""total_episodes"": 50,
    ""total_frames"": 2...",2025-02-12 12:54:56+00:00
paszea/so100_whale_grab,https://huggingface.co/datasets/paszea/so100_whale_grab,https://huggingface.co/spaces/lerobot/visualize_dataset?path=paszea/so100_whale_grab,2025-04-03 17:54:49,SO100,50,156,100,45.0,480x640,30.0,75.0,3,"laptop, phone",2,"['laptop', 'phone']",0,65,0,apache-2.0,Apache License 2.0,https://opensource.org/licenses/Apache-2.0,"This dataset was created using LeRobot.

	
		
		Dataset Structure
	

meta/info.json:
{
    ""codebase_version"": ""v2.1"",
    ""robot_type"": ""so100"",
    ""total_episodes"": 50,
    ""total_frames"": 44899,
 ...",2025-04-03 17:56:06+00:00
smanni/train_so100_pick_place_cable,https://huggingface.co/datasets/smanni/train_so100_pick_place_cable,https://huggingface.co/spaces/lerobot/visualize_dataset?path=smanni/train_so100_pick_place_cable,2025-05-27 11:53:52,SO100,50,106,50,45.0,480x640,30.0,37.5,3,intel_realsense,1,['intel_realsense'],0,183,0,apache-2.0,Apache License 2.0,https://opensource.org/licenses/Apache-2.0,"This dataset was created using LeRobot.

	
		
		Dataset Structure
	

meta/info.json:
{
    ""codebase_version"": ""v2.1"",
    ""robot_type"": ""so100"",
    ""total_episodes"": 50,
    ""total_frames"": 26898,
 ...",2025-05-27 11:54:07+00:00
kumarhans/so100_tape_task,https://huggingface.co/datasets/kumarhans/so100_tape_task,https://huggingface.co/spaces/lerobot/visualize_dataset?path=kumarhans/so100_tape_task,2025-03-18 00:58:19,SO100,50,156,100,45.0,480x640,30.0,75.0,3,"laptop1, laptop2",2,"['laptop1', 'laptop2']",0,63,0,apache-2.0,Apache License 2.0,https://opensource.org/licenses/Apache-2.0,"This dataset was created using LeRobot.

	
		
		Dataset Structure
	

meta/info.json:
{
    ""codebase_version"": ""v2.0"",
    ""robot_type"": ""so100"",
    ""total_episodes"": 50,
    ""total_frames"": 11892,
 ...",2025-03-18 00:59:46+00:00
siqiLi/so100_test7,https://huggingface.co/datasets/siqiLi/so100_test7,https://huggingface.co/spaces/lerobot/visualize_dataset?path=siqiLi/so100_test7,2025-03-12 09:21:39,SO100,50,156,100,45.0,480x640,30.0,75.0,3,"laptop, phone",2,"['laptop', 'phone']",0,63,0,apache-2.0,Apache License 2.0,https://opensource.org/licenses/Apache-2.0,"This dataset was created using LeRobot.

	
		
		Dataset Structure
	

meta/info.json:
{
    ""codebase_version"": ""v2.0"",
    ""robot_type"": ""so100"",
    ""total_episodes"": 50,
    ""total_frames"": 19575,
 ...",2025-03-12 09:22:47+00:00
paszea/so100_whale_2,https://huggingface.co/datasets/paszea/so100_whale_2,https://huggingface.co/spaces/lerobot/visualize_dataset?path=paszea/so100_whale_2,2025-04-04 04:14:15,SO100,50,156,100,45.0,480x640,30.0,75.0,3,"laptop, phone",2,"['laptop', 'phone']",0,72,0,apache-2.0,Apache License 2.0,https://opensource.org/licenses/Apache-2.0,"This dataset was created using LeRobot.

	
		
		Dataset Structure
	

meta/info.json:
{
    ""codebase_version"": ""v2.1"",
    ""robot_type"": ""so100"",
    ""total_episodes"": 50,
    ""total_frames"": 28148,
 ...",2025-04-04 04:15:28+00:00
paszea/so100_lego_mix,https://huggingface.co/datasets/paszea/so100_lego_mix,https://huggingface.co/spaces/lerobot/visualize_dataset?path=paszea/so100_lego_mix,2025-04-08 21:55:49,SO100,50,106,50,45.0,480x640,30.0,37.5,3,phone,1,['phone'],0,76,0,apache-2.0,Apache License 2.0,https://opensource.org/licenses/Apache-2.0,"This dataset was created using LeRobot.

	
		
		Dataset Structure
	

meta/info.json:
{
    ""codebase_version"": ""v2.1"",
    ""robot_type"": ""so100"",
    ""total_episodes"": 3,
    ""total_frames"": 4035,
   ...",2025-04-09 01:22:33+00:00
paszea/so100_lego,https://huggingface.co/datasets/paszea/so100_lego,https://huggingface.co/spaces/lerobot/visualize_dataset?path=paszea/so100_lego,2025-04-06 21:40:04,SO100,50,156,100,45.0,480x640,30.0,75.0,3,"laptop, phone",2,"['laptop', 'phone']",0,90,0,apache-2.0,Apache License 2.0,https://opensource.org/licenses/Apache-2.0,"This dataset was created using LeRobot.

	
		
		Dataset Structure
	

meta/info.json:
{
    ""codebase_version"": ""v2.1"",
    ""robot_type"": ""so100"",
    ""total_episodes"": 50,
    ""total_frames"": 37770,
 ...",2025-04-06 21:41:32+00:00
pandaRQ/so100_test,https://huggingface.co/datasets/pandaRQ/so100_test,https://huggingface.co/spaces/lerobot/visualize_dataset?path=pandaRQ/so100_test,2025-01-02 00:34:45,SO100,50,206,150,45.0,480x640,30.0,112.5,3,"laptop, laptop1, laptop2",3,"['laptop', 'laptop1', 'laptop2']",0,54,0,apache-2.0,Apache License 2.0,https://opensource.org/licenses/Apache-2.0,"This dataset was created using LeRobot.

	
		
		Dataset Structure
	

meta/info.json:
{
    ""codebase_version"": ""v2.0"",
    ""robot_type"": ""so100"",
    ""total_episodes"": 50,
    ""total_frames"": 26751,
 ...",2025-01-02 15:17:08+00:00
smanni/train_so100_pick_place_double_purple_object,https://huggingface.co/datasets/smanni/train_so100_pick_place_double_purple_object,https://huggingface.co/spaces/lerobot/visualize_dataset?path=smanni/train_so100_pick_place_double_purple_object,2025-05-28 12:42:26,SO100,50,106,50,45.0,480x640,30.0,37.5,3,intel_realsense,1,['intel_realsense'],0,295,0,apache-2.0,Apache License 2.0,https://opensource.org/licenses/Apache-2.0,"This dataset was created using LeRobot.

	
		
		Dataset Structure
	

meta/info.json:
{
    ""codebase_version"": ""v2.1"",
    ""robot_type"": ""so100"",
    ""total_episodes"": 50,
    ""total_frames"": 29850,
 ...",2025-05-28 12:42:41+00:00
00ri/so100_battery,https://huggingface.co/datasets/00ri/so100_battery,https://huggingface.co/spaces/lerobot/visualize_dataset?path=00ri/so100_battery,2025-03-26 00:53:26,SO100,50,156,100,45.0,480x640,30.0,75.0,3,"laptop, phone",2,"['laptop', 'phone']",0,90,0,apache-2.0,Apache License 2.0,https://opensource.org/licenses/Apache-2.0,"This dataset was created using LeRobot.

	
		
		Dataset Structure
	

meta/info.json:
{
    ""codebase_version"": ""v2.1"",
    ""robot_type"": ""so100"",
    ""total_episodes"": 50,
    ""total_frames"": 24263,
 ...",2025-03-26 00:55:29+00:00
frk2/so100largediffcam,https://huggingface.co/datasets/frk2/so100largediffcam,https://huggingface.co/spaces/lerobot/visualize_dataset?path=frk2/so100largediffcam,2025-03-26 05:13:49,SO100,50,156,100,45.0,480x640,30.0,75.0,3,"top, wrist",2,"['top', 'wrist']",0,93,0,apache-2.0,Apache License 2.0,https://opensource.org/licenses/Apache-2.0,"This dataset was created using LeRobot.

	
		
		Dataset Structure
	

meta/info.json:
{
    ""codebase_version"": ""v2.1"",
    ""robot_type"": ""so100"",
    ""total_episodes"": 50,
    ""total_frames"": 22398,
 ...",2025-03-26 05:14:09+00:00
sihyun77/so100_test77_2,https://huggingface.co/datasets/sihyun77/so100_test77_2,https://huggingface.co/spaces/lerobot/visualize_dataset?path=sihyun77/so100_test77_2,2025-03-11 02:12:46,SO100,50,156,100,45.0,480x640,30.0,75.0,3,"laptop, phone",2,"['laptop', 'phone']",0,36,0,apache-2.0,Apache License 2.0,https://opensource.org/licenses/Apache-2.0,"This dataset was created using LeRobot.

	
		
		Dataset Structure
	

meta/info.json:
{
    ""codebase_version"": ""v2.1"",
    ""robot_type"": ""so100"",
    ""total_episodes"": 25,
    ""total_frames"": 8113,
  ...",2025-03-11 02:57:42+00:00
andy309/so100_0314_fold_cloths,https://huggingface.co/datasets/andy309/so100_0314_fold_cloths,https://huggingface.co/spaces/lerobot/visualize_dataset?path=andy309/so100_0314_fold_cloths,2025-03-14 01:55:13,SO100,50,156,100,45.0,480x640,30.0,75.0,3,"back, top",2,"['back', 'top']",0,114,1,apache-2.0,Apache License 2.0,https://opensource.org/licenses/Apache-2.0,"This dataset was created using LeRobot.

	
		
		Dataset Structure
	

meta/info.json:
{
    ""codebase_version"": ""v2.1"",
    ""robot_type"": ""so100"",
    ""total_episodes"": 20,
    ""total_frames"": 10226,
 ...",2025-03-14 02:30:54+00:00
apayan/so100_key6,https://huggingface.co/datasets/apayan/so100_key6,https://huggingface.co/spaces/lerobot/visualize_dataset?path=apayan/so100_key6,2025-04-27 21:25:59,SO100,50,206,150,45.0,480x640,30.0,112.5,3,"front, top, wrist",3,"['front', 'top', 'wrist']",0,52,0,apache-2.0,Apache License 2.0,https://opensource.org/licenses/Apache-2.0,"This dataset was created using LeRobot.

	
		
		Dataset Structure
	

meta/info.json:
{
    ""codebase_version"": ""v2.1"",
    ""robot_type"": ""so100"",
    ""total_episodes"": 10,
    ""total_frames"": 9701,
  ...",2025-04-27 22:19:16+00:00
Gano007/so100_gano,https://huggingface.co/datasets/Gano007/so100_gano,https://huggingface.co/spaces/lerobot/visualize_dataset?path=Gano007/so100_gano,2025-04-03 14:29:38,SO100,50,156,100,45.0,480x640,30.0,75.0,3,"laptop, phone",2,"['laptop', 'phone']",0,61,0,apache-2.0,Apache License 2.0,https://opensource.org/licenses/Apache-2.0,"This dataset was created using LeRobot.

	
		
		Dataset Structure
	

meta/info.json:
{
    ""codebase_version"": ""v2.1"",
    ""robot_type"": ""so100"",
    ""total_episodes"": 50,
    ""total_frames"": 29610,
 ...",2025-04-03 14:30:11+00:00
Gano007/so100_medic,https://huggingface.co/datasets/Gano007/so100_medic,https://huggingface.co/spaces/lerobot/visualize_dataset?path=Gano007/so100_medic,2025-04-02 11:32:45,SO100,50,156,100,45.0,480x640,30.0,75.0,3,"laptop, phone",2,"['laptop', 'phone']",0,72,0,apache-2.0,Apache License 2.0,https://opensource.org/licenses/Apache-2.0,"This dataset was created using LeRobot.

	
		
		Dataset Structure
	

meta/info.json:
{
    ""codebase_version"": ""v2.1"",
    ""robot_type"": ""so100"",
    ""total_episodes"": 50,
    ""total_frames"": 17946,
 ...",2025-04-02 11:33:13+00:00
Gano007/so100_second,https://huggingface.co/datasets/Gano007/so100_second,https://huggingface.co/spaces/lerobot/visualize_dataset?path=Gano007/so100_second,2025-04-05 10:42:19,SO100,50,156,100,45.0,480x640,30.0,75.0,3,"laptop, phone",2,"['laptop', 'phone']",0,53,0,apache-2.0,Apache License 2.0,https://opensource.org/licenses/Apache-2.0,"This dataset was created using LeRobot.

	
		
		Dataset Structure
	

meta/info.json:
{
    ""codebase_version"": ""v2.1"",
    ""robot_type"": ""so100"",
    ""total_episodes"": 50,
    ""total_frames"": 22448,
 ...",2025-04-05 10:42:45+00:00
Gano007/so100_testfull,https://huggingface.co/datasets/Gano007/so100_testfull,https://huggingface.co/spaces/lerobot/visualize_dataset?path=Gano007/so100_testfull,2025-03-31 15:57:44,SO100,50,156,100,45.0,480x640,30.0,75.0,3,"laptop, phone",2,"['laptop', 'phone']",0,62,0,apache-2.0,Apache License 2.0,https://opensource.org/licenses/Apache-2.0,"This dataset was created using LeRobot.

	
		
		Dataset Structure
	

meta/info.json:
{
    ""codebase_version"": ""v2.1"",
    ""robot_type"": ""so100"",
    ""total_episodes"": 50,
    ""total_frames"": 44850,
 ...",2025-03-31 15:58:15+00:00
xhaka3456/so100_test_0412,https://huggingface.co/datasets/xhaka3456/so100_test_0412,https://huggingface.co/spaces/lerobot/visualize_dataset?path=xhaka3456/so100_test_0412,2025-04-12 02:03:36,SO100,50,156,100,45.0,480x640,30.0,75.0,3,"laptop, phone",2,"['laptop', 'phone']",0,71,0,apache-2.0,Apache License 2.0,https://opensource.org/licenses/Apache-2.0,"This dataset was created using LeRobot.

	
		
		Dataset Structure
	

meta/info.json:
{
    ""codebase_version"": ""v2.0"",
    ""robot_type"": ""so100"",
    ""total_episodes"": 50,
    ""total_frames"": 22016,
 ...",2025-04-19 03:25:41+00:00
andrewcole712/so100_tape_bin_place,https://huggingface.co/datasets/andrewcole712/so100_tape_bin_place,https://huggingface.co/spaces/lerobot/visualize_dataset?path=andrewcole712/so100_tape_bin_place,2025-03-30 18:29:04,SO100,50,106,50,45.0,480x640,30.0,37.5,3,phone,1,['phone'],0,50,0,apache-2.0,Apache License 2.0,https://opensource.org/licenses/Apache-2.0,"This dataset was created using LeRobot.

	
		
		Dataset Structure
	

meta/info.json:
{
    ""codebase_version"": ""v2.1"",
    ""robot_type"": ""so100"",
    ""total_episodes"": 50,
    ""total_frames"": 28437,
 ...",2025-03-30 18:33:18+00:00
arulloomba/so100_test_5,https://huggingface.co/datasets/arulloomba/so100_test_5,https://huggingface.co/spaces/lerobot/visualize_dataset?path=arulloomba/so100_test_5,2025-04-27 02:01:20,SO100,50,156,100,45.0,480x640,30.0,75.0,3,"attached_arm, detatched_arm",2,"['attached_arm', 'detatched_arm']",0,55,0,apache-2.0,Apache License 2.0,https://opensource.org/licenses/Apache-2.0,"This dataset was created using LeRobot.

	
		
		Dataset Structure
	

meta/info.json:
{
    ""codebase_version"": ""v2.1"",
    ""robot_type"": ""so100"",
    ""total_episodes"": 1,
    ""total_frames"": 746,
    ...",2025-04-27 07:04:08+00:00
HITHY/so100_peach,https://huggingface.co/datasets/HITHY/so100_peach,https://huggingface.co/spaces/lerobot/visualize_dataset?path=HITHY/so100_peach,2025-02-15 03:25:20,SO100,50,106,50,45.0,480x640,30.0,37.5,3,laptop,1,['laptop'],0,51,0,apache-2.0,Apache License 2.0,https://opensource.org/licenses/Apache-2.0,"This dataset was created using LeRobot.

	
		
		Dataset Structure
	

meta/info.json:
{
    ""codebase_version"": ""v2.0"",
    ""robot_type"": ""so100"",
    ""total_episodes"": 50,
    ""total_frames"": 12866,
 ...",2025-02-15 03:26:40+00:00
HITHY/so100_test,https://huggingface.co/datasets/HITHY/so100_test,https://huggingface.co/spaces/lerobot/visualize_dataset?path=HITHY/so100_test,2025-01-10 03:08:08,SO100,50,108,52,45.0,480x640,30.0,39.0,3,"laptop, phone",2,"['laptop', 'phone']",0,57,0,apache-2.0,Apache License 2.0,https://opensource.org/licenses/Apache-2.0,"This dataset was created using LeRobot.

	
		
		Dataset Structure
	

meta/info.json:
{
    ""codebase_version"": ""v2.0"",
    ""robot_type"": ""so100"",
    ""total_episodes"": 50,
    ""total_frames"": 16817,
 ...",2025-02-15 03:02:57+00:00
HYAIYN/so100_get_orange_50epi,https://huggingface.co/datasets/HYAIYN/so100_get_orange_50epi,https://huggingface.co/spaces/lerobot/visualize_dataset?path=HYAIYN/so100_get_orange_50epi,2025-03-23 10:45:43,SO100,50,155,100,45.0,480x640,30.0,75.0,3,"laptop, phone",2,"['laptop', 'phone']",0,31,0,Unknown,Unknown,,,2025-03-23 11:32:30+00:00
Hennadiy/so100_50,https://huggingface.co/datasets/Hennadiy/so100_50,https://huggingface.co/spaces/lerobot/visualize_dataset?path=Hennadiy/so100_50,2025-04-27 18:21:31,SO100,50,156,100,45.0,480x640,30.0,75.0,3,"claw, phone",2,"['claw', 'phone']",0,59,0,apache-2.0,Apache License 2.0,https://opensource.org/licenses/Apache-2.0,"This dataset was created using LeRobot.

	
		
		Dataset Structure
	

meta/info.json:
{
    ""codebase_version"": ""v2.1"",
    ""robot_type"": ""so100"",
    ""total_episodes"": 50,
    ""total_frames"": 29895,
 ...",2025-04-27 18:22:36+00:00
ahork/so100_test_2,https://huggingface.co/datasets/ahork/so100_test_2,https://huggingface.co/spaces/lerobot/visualize_dataset?path=ahork/so100_test_2,2025-04-19 09:45:32,SO100,50,106,50,45.0,480x640,30.0,37.5,3,hd500,1,['hd500'],0,118,0,apache-2.0,Apache License 2.0,https://opensource.org/licenses/Apache-2.0,"This dataset was created using LeRobot.

	
		
		Dataset Structure
	

meta/info.json:
{
    ""codebase_version"": ""v2.1"",
    ""robot_type"": ""so100"",
    ""total_episodes"": 50,
    ""total_frames"": 28697,
 ...",2025-04-19 09:45:48+00:00
ad330/so100_box_pickPlace,https://huggingface.co/datasets/ad330/so100_box_pickPlace,https://huggingface.co/spaces/lerobot/visualize_dataset?path=ad330/so100_box_pickPlace,2025-01-31 15:54:29,SO100,50,156,100,45.0,480x640,30.0,75.0,3,"laptop, phone",2,"['laptop', 'phone']",0,141,0,apache-2.0,Apache License 2.0,https://opensource.org/licenses/Apache-2.0,"This dataset was created using LeRobot.

	
		
		Dataset Structure
	

meta/info.json:
{
    ""codebase_version"": ""v2.0"",
    ""robot_type"": ""so100"",
    ""total_episodes"": 50,
    ""total_frames"": 29950,
 ...",2025-01-31 16:26:46+00:00
apayan/so100_set1,https://huggingface.co/datasets/apayan/so100_set1,https://huggingface.co/spaces/lerobot/visualize_dataset?path=apayan/so100_set1,2025-04-18 13:56:49,SO100,50,156,100,45.0,480x640,30.0,75.0,3,"laptop, phone",2,"['laptop', 'phone']",0,62,0,apache-2.0,Apache License 2.0,https://opensource.org/licenses/Apache-2.0,"This dataset was created using LeRobot.

	
		
		Dataset Structure
	

meta/info.json:
{
    ""codebase_version"": ""v2.1"",
    ""robot_type"": ""so100"",
    ""total_episodes"": 10,
    ""total_frames"": 6345,
  ...",2025-04-18 15:04:49+00:00
Gano007/so100_doliprane,https://huggingface.co/datasets/Gano007/so100_doliprane,https://huggingface.co/spaces/lerobot/visualize_dataset?path=Gano007/so100_doliprane,2025-04-02 09:28:04,SO100,50,156,100,45.0,480x640,30.0,75.0,3,"laptop, phone",2,"['laptop', 'phone']",0,109,0,apache-2.0,Apache License 2.0,https://opensource.org/licenses/Apache-2.0,"This dataset was created using LeRobot.

	
		
		Dataset Structure
	

meta/info.json:
{
    ""codebase_version"": ""v2.1"",
    ""robot_type"": ""so100"",
    ""total_episodes"": 50,
    ""total_frames"": 17949,
 ...",2025-04-02 09:28:32+00:00
Mwuqiu/so100_pointit_0422,https://huggingface.co/datasets/Mwuqiu/so100_pointit_0422,https://huggingface.co/spaces/lerobot/visualize_dataset?path=Mwuqiu/so100_pointit_0422,2025-04-22 02:49:35,SO100,50,156,100,45.0,480x640,30.0,75.0,3,"laptop, phone",2,"['laptop', 'phone']",0,88,0,apache-2.0,Apache License 2.0,https://opensource.org/licenses/Apache-2.0,"This dataset was created using LeRobot.

	
		
		Dataset Structure
	

meta/info.json:
{
    ""codebase_version"": ""v2.1"",
    ""robot_type"": ""so100"",
    ""total_episodes"": 5,
    ""total_frames"": 2424,
   ...",2025-04-22 03:05:40+00:00
baladhurgesh97/so100_test,https://huggingface.co/datasets/baladhurgesh97/so100_test,https://huggingface.co/spaces/lerobot/visualize_dataset?path=baladhurgesh97/so100_test,2025-03-23 04:53:04,SO100,50,156,100,45.0,480x640,30.0,75.0,3,"laptop, phone",2,"['laptop', 'phone']",0,41,0,apache-2.0,Apache License 2.0,https://opensource.org/licenses/Apache-2.0,"This dataset was created using LeRobot.

	
		
		Dataset Structure
	

meta/info.json:
{
    ""codebase_version"": ""v2.0"",
    ""robot_type"": ""so100"",
    ""total_episodes"": 50,
    ""total_frames"": 20652,
 ...",2025-03-23 04:54:35+00:00
caiiii/so100_test_0109,https://huggingface.co/datasets/caiiii/so100_test_0109,https://huggingface.co/spaces/lerobot/visualize_dataset?path=caiiii/so100_test_0109,2025-01-09 11:17:08,SO100,50,156,100,45.0,480x640,30.0,75.0,3,"laptop, phone",2,"['laptop', 'phone']",0,47,0,apache-2.0,Apache License 2.0,https://opensource.org/licenses/Apache-2.0,"This dataset was created using LeRobot.

	
		
		Dataset Structure
	

meta/info.json:
{
    ""codebase_version"": ""v2.0"",
    ""robot_type"": ""so100"",
    ""total_episodes"": 50,
    ""total_frames"": 20327,
 ...",2025-01-09 11:28:23+00:00
burgalon/so100_test_camera_top,https://huggingface.co/datasets/burgalon/so100_test_camera_top,https://huggingface.co/spaces/lerobot/visualize_dataset?path=burgalon/so100_test_camera_top,2025-05-28 14:41:53,SO100,50,106,50,45.0,480x640,30.0,37.5,3,phone,1,['phone'],0,290,0,apache-2.0,Apache License 2.0,https://opensource.org/licenses/Apache-2.0,"This dataset was created using LeRobot.

	
		
		Dataset Structure
	

meta/info.json:
{
    ""codebase_version"": ""v2.1"",
    ""robot_type"": ""so100"",
    ""total_episodes"": 50,
    ""total_frames"": 16979,
 ...",2025-05-28 14:42:39+00:00
bnarin/so100_tic_tac_toe_we_do_it_live,https://huggingface.co/datasets/bnarin/so100_tic_tac_toe_we_do_it_live,https://huggingface.co/spaces/lerobot/visualize_dataset?path=bnarin/so100_tic_tac_toe_we_do_it_live,2025-03-23 07:32:50,SO100,50,156,100,45.0,480x640,30.0,75.0,3,"laptop, phone",2,"['laptop', 'phone']",0,59,0,apache-2.0,Apache License 2.0,https://opensource.org/licenses/Apache-2.0,"This dataset was created using LeRobot.

	
		
		Dataset Structure
	

meta/info.json:
{
    ""codebase_version"": ""v2.0"",
    ""robot_type"": ""so100"",
    ""total_episodes"": 50,
    ""total_frames"": 29756,
 ...",2025-03-23 07:33:38+00:00
bdharva/so100_long_test,https://huggingface.co/datasets/bdharva/so100_long_test,https://huggingface.co/spaces/lerobot/visualize_dataset?path=bdharva/so100_long_test,2025-02-12 17:13:16,SO100,50,156,100,45.0,480x640,30.0,75.0,3,"high, low",2,"['high', 'low']",0,39,0,apache-2.0,Apache License 2.0,https://opensource.org/licenses/Apache-2.0,"This dataset was created using LeRobot.

	
		
		Dataset Structure
	

meta/info.json:
{
    ""codebase_version"": ""v2.0"",
    ""robot_type"": ""so100"",
    ""total_episodes"": 50,
    ""total_frames"": 14780,
 ...",2025-02-12 17:15:23+00:00
bdharva/so100_benchy_test,https://huggingface.co/datasets/bdharva/so100_benchy_test,https://huggingface.co/spaces/lerobot/visualize_dataset?path=bdharva/so100_benchy_test,2025-02-13 04:31:03,SO100,50,156,100,45.0,480x640,30.0,75.0,3,"high, low",2,"['high', 'low']",0,35,0,Unknown,Unknown,,,2025-02-13 04:43:37+00:00
DimiSch/so100_50ep_3,https://huggingface.co/datasets/DimiSch/so100_50ep_3,https://huggingface.co/spaces/lerobot/visualize_dataset?path=DimiSch/so100_50ep_3,2025-01-26 11:15:52,SO100,50,106,50,45.0,480x640,30.0,37.5,3,realsense,1,['realsense'],0,73,0,apache-2.0,Apache License 2.0,https://opensource.org/licenses/Apache-2.0,"This dataset was created using LeRobot.

	
		
		Dataset Structure
	

meta/info.json:
{
    ""codebase_version"": ""v2.0"",
    ""robot_type"": ""so100"",
    ""total_episodes"": 50,
    ""total_frames"": 29750,
 ...",2025-01-26 11:16:42+00:00
arulloomba/so100_test_trimmed2,https://huggingface.co/datasets/arulloomba/so100_test_trimmed2,https://huggingface.co/spaces/lerobot/visualize_dataset?path=arulloomba/so100_test_trimmed2,2025-04-28 00:12:24,SO100,50,101,50,45.0,480x640,30.0,37.5,3,attached_arm,1,['attached_arm'],0,17,0,Unknown,Unknown,,,2025-04-28 00:15:13+00:00
DorayakiLin/so100_test_Lucas3,https://huggingface.co/datasets/DorayakiLin/so100_test_Lucas3,https://huggingface.co/spaces/lerobot/visualize_dataset?path=DorayakiLin/so100_test_Lucas3,2025-04-15 09:09:40,SO100,50,206,150,45.0,480x640,30.0,112.5,3,"left, top, wrist",3,"['left', 'top', 'wrist']",0,95,0,apache-2.0,Apache License 2.0,https://opensource.org/licenses/Apache-2.0,"This dataset was created using LeRobot.

	
		
		Dataset Structure
	

meta/info.json:
{
    ""codebase_version"": ""v2.1"",
    ""robot_type"": ""so100"",
    ""total_episodes"": 50,
    ""total_frames"": 16624,
 ...",2025-04-15 09:11:01+00:00
arulloomba/so100_test_trimmed15,https://huggingface.co/datasets/arulloomba/so100_test_trimmed15,https://huggingface.co/spaces/lerobot/visualize_dataset?path=arulloomba/so100_test_trimmed15,2025-04-28 01:24:54,SO100,50,156,100,45.0,480x640,30.0,75.0,3,"attached_arm, detatched_arm",2,"['attached_arm', 'detatched_arm']",0,35,0,apache-2.0,Apache License 2.0,https://opensource.org/licenses/Apache-2.0,"This dataset was created using LeRobot.

	
		
		Dataset Structure
	

meta/info.json:
{
    ""codebase_version"": ""v2.1"",
    ""robot_type"": ""so100"",
    ""total_episodes"": 1,
    ""total_frames"": 746,
    ...",2025-04-29 20:28:03+00:00
arulloomba/so100_test_trimmed,https://huggingface.co/datasets/arulloomba/so100_test_trimmed,https://huggingface.co/spaces/lerobot/visualize_dataset?path=arulloomba/so100_test_trimmed,2025-04-27 23:28:55,SO100,50,156,100,45.0,480x640,30.0,75.0,3,"attached_arm, detatched_arm",2,"['attached_arm', 'detatched_arm']",0,42,0,apache-2.0,Apache License 2.0,https://opensource.org/licenses/Apache-2.0,"This dataset was created using LeRobot.

	
		
		Dataset Structure
	

meta/info.json:
{
    ""codebase_version"": ""v2.1"",
    ""robot_type"": ""so100"",
    ""total_episodes"": 1,
    ""total_frames"": 746,
    ...",2025-04-27 23:31:47+00:00
DorayakiLin/so100_pick_charger_on_tissue,https://huggingface.co/datasets/DorayakiLin/so100_pick_charger_on_tissue,https://huggingface.co/spaces/lerobot/visualize_dataset?path=DorayakiLin/so100_pick_charger_on_tissue,2025-03-04 01:39:57,SO100,50,156,100,45.0,480x640,30.0,75.0,3,"laptop, phone",2,"['laptop', 'phone']",0,71,0,apache-2.0,Apache License 2.0,https://opensource.org/licenses/Apache-2.0,"This dataset was created using LeRobot.

	
		
		Dataset Structure
	

meta/info.json:
{
    ""codebase_version"": ""v2.1"",
    ""robot_type"": ""so100"",
    ""total_episodes"": 10,
    ""total_frames"": 6033,
  ...",2025-03-04 02:10:39+00:00
DorayakiLin/so100_pick_cube_in_box,https://huggingface.co/datasets/DorayakiLin/so100_pick_cube_in_box,https://huggingface.co/spaces/lerobot/visualize_dataset?path=DorayakiLin/so100_pick_cube_in_box,2025-03-10 12:01:39,SO100,50,156,100,45.0,480x640,30.0,75.0,3,"laptop, phone",2,"['laptop', 'phone']",0,54,0,apache-2.0,Apache License 2.0,https://opensource.org/licenses/Apache-2.0,"This dataset was created using LeRobot.

	
		
		Dataset Structure
	

meta/info.json:
{
    ""codebase_version"": ""v2.1"",
    ""robot_type"": ""so100"",
    ""total_episodes"": 20,
    ""total_frames"": 9058,
  ...",2025-03-10 12:18:29+00:00
arulloomba/so100_test_software,https://huggingface.co/datasets/arulloomba/so100_test_software,https://huggingface.co/spaces/lerobot/visualize_dataset?path=arulloomba/so100_test_software,2025-04-29 20:39:55,SO100,50,152,100,45.0,480x640,30.0,75.0,3,"attached_arm, detatched_arm",2,"['attached_arm', 'detatched_arm']",0,95,0,Unknown,Unknown,,,2025-04-29 21:17:00+00:00
arulloomba/so100_test_5_trimmed15,https://huggingface.co/datasets/arulloomba/so100_test_5_trimmed15,https://huggingface.co/spaces/lerobot/visualize_dataset?path=arulloomba/so100_test_5_trimmed15,2025-04-29 21:31:22,SO100,50,157,100,45.0,480x640,30.0,75.0,3,"attached_arm, detatched_arm",2,"['attached_arm', 'detatched_arm']",0,33,0,Unknown,Unknown,,,2025-04-30 03:55:15+00:00
zero7101/so100_Dataset_08,https://huggingface.co/datasets/zero7101/so100_Dataset_08,https://huggingface.co/spaces/lerobot/visualize_dataset?path=zero7101/so100_Dataset_08,2025-06-05 18:42:36,SO100,50,155,100,30.0,480x640,30.0,50.0,3,"01, 02, camera_01, camera_02, era_01, era_02",6,"['01', '02', 'camera_01', 'camera_02', 'era_01', 'era_02']",0,33,0,Unknown,Unknown,,,2025-06-05 18:43:02+00:00
zaringleb/so100_cube_6_2d,https://huggingface.co/datasets/zaringleb/so100_cube_6_2d,https://huggingface.co/spaces/lerobot/visualize_dataset?path=zaringleb/so100_cube_6_2d,2025-03-23 22:43:16,SO100,50,106,50,30.0,480x640,30.0,25.0,3,"cam_high, high",2,"['cam_high', 'high']",0,52,0,apache-2.0,Apache License 2.0,https://opensource.org/licenses/Apache-2.0,"This dataset was created using LeRobot.

	
		
		Dataset Structure
	

meta/info.json:
{
    ""codebase_version"": ""v2.0"",
    ""robot_type"": ""so100"",
    ""total_episodes"": 50,
    ""total_frames"": 13690,
 ...",2025-03-23 22:45:52+00:00
ZHUZHUXIADDD/so100_test113,https://huggingface.co/datasets/ZHUZHUXIADDD/so100_test113,https://huggingface.co/spaces/lerobot/visualize_dataset?path=ZHUZHUXIADDD/so100_test113,2025-03-31 11:04:41,SO100,50,156,100,45.0,480x640,30.0,75.0,3,"laptop, phone",2,"['laptop', 'phone']",0,51,0,apache-2.0,Apache License 2.0,https://opensource.org/licenses/Apache-2.0,"This dataset was created using LeRobot.

	
		
		Dataset Structure
	

meta/info.json:
{
    ""codebase_version"": ""v2.1"",
    ""robot_type"": ""so100"",
    ""total_episodes"": 50,
    ""total_frames"": 15734,
 ...",2025-03-31 11:08:56+00:00
SharkDan/so100_test_3c,https://huggingface.co/datasets/SharkDan/so100_test_3c,https://huggingface.co/spaces/lerobot/visualize_dataset?path=SharkDan/so100_test_3c,2025-05-19 08:55:18,SO100,50,206,150,45.0,480x640,30.0,112.5,3,"era, laptop, new_, new__era, new_camera, phone",6,"['era', 'laptop', 'new_', 'new__era', 'new_camera', 'phone']",0,311,0,apache-2.0,Apache License 2.0,https://opensource.org/licenses/Apache-2.0,"This dataset was created using LeRobot.

	
		
		Dataset Structure
	

meta/info.json:
{
    ""codebase_version"": ""v2.1"",
    ""robot_type"": ""so100"",
    ""total_episodes"": 4,
    ""total_frames"": 2266,
   ...",2025-05-20 05:40:22+00:00
yxgh/so100_train_v1,https://huggingface.co/datasets/yxgh/so100_train_v1,https://huggingface.co/spaces/lerobot/visualize_dataset?path=yxgh/so100_train_v1,2025-05-26 13:26:02,SO100,50,155,100,45.0,480x640,30.0,75.0,3,"laptop, phone",2,"['laptop', 'phone']",0,54,0,Unknown,Unknown,,,2025-05-26 13:51:53+00:00
TzuShian/so100_250527,https://huggingface.co/datasets/TzuShian/so100_250527,https://huggingface.co/spaces/lerobot/visualize_dataset?path=TzuShian/so100_250527,2025-05-27 08:30:04,SO100,50,156,100,45.0,480x640,30.0,75.0,3,"laptop, phone",2,"['laptop', 'phone']",0,186,0,apache-2.0,Apache License 2.0,https://opensource.org/licenses/Apache-2.0,"This dataset was created using LeRobot.

	
		
		Dataset Structure
	

meta/info.json:
{
    ""codebase_version"": ""v2.1"",
    ""robot_type"": ""so100"",
    ""total_episodes"": 50,
    ""total_frames"": 32038,
 ...",2025-05-27 08:30:46+00:00
Triple-ROCK/so100_test,https://huggingface.co/datasets/Triple-ROCK/so100_test,https://huggingface.co/spaces/lerobot/visualize_dataset?path=Triple-ROCK/so100_test,2025-02-28 09:51:16,SO100,50,156,100,45.0,480x640,30.0,75.0,3,"laptop, phone",2,"['laptop', 'phone']",0,160,0,apache-2.0,Apache License 2.0,https://opensource.org/licenses/Apache-2.0,"This dataset was created using LeRobot.

	
		
		Dataset Structure
	

meta/info.json:
{
    ""codebase_version"": ""v2.0"",
    ""robot_type"": ""so100"",
    ""total_episodes"": 10,
    ""total_frames"": 3702,
  ...",2025-03-01 12:41:42+00:00
Spring14th/so100_0401,https://huggingface.co/datasets/Spring14th/so100_0401,https://huggingface.co/spaces/lerobot/visualize_dataset?path=Spring14th/so100_0401,2025-04-01 08:53:07,SO100,50,155,100,30.0,480x640,30.0,50.0,3,"1, 2, usb__1, usb__2, usb_cam1, usb_cam2",6,"['1', '2', 'usb__1', 'usb__2', 'usb_cam1', 'usb_cam2']",0,31,0,Unknown,Unknown,,,2025-04-01 08:58:07+00:00
Spring14th/so100_0327,https://huggingface.co/datasets/Spring14th/so100_0327,https://huggingface.co/spaces/lerobot/visualize_dataset?path=Spring14th/so100_0327,2025-03-27 08:11:44,SO100,50,155,100,30.0,480x640,30.0,50.0,3,"1, 2, usb__1, usb__2, usb_cam1, usb_cam2",6,"['1', '2', 'usb__1', 'usb__2', 'usb_cam1', 'usb_cam2']",0,92,0,Unknown,Unknown,,,2025-03-27 08:19:52+00:00
SharkDan/so100_test_f3c,https://huggingface.co/datasets/SharkDan/so100_test_f3c,https://huggingface.co/spaces/lerobot/visualize_dataset?path=SharkDan/so100_test_f3c,2025-05-20 12:00:59,SO100,50,206,150,45.0,480x640,30.0,112.5,3,"era, laptop, new_, new__era, new_camera, phone",6,"['era', 'laptop', 'new_', 'new__era', 'new_camera', 'phone']",0,235,0,apache-2.0,Apache License 2.0,https://opensource.org/licenses/Apache-2.0,"This dataset was created using LeRobot.

	
		
		Dataset Structure
	

meta/info.json:
{
    ""codebase_version"": ""v2.1"",
    ""robot_type"": ""so100"",
    ""total_episodes"": 15,
    ""total_frames"": 10677,
 ...",2025-05-20 13:01:51+00:00
Micksavioz/so100_test,https://huggingface.co/datasets/Micksavioz/so100_test,https://huggingface.co/spaces/lerobot/visualize_dataset?path=Micksavioz/so100_test,2025-04-27 00:33:53,SO100,50,156,100,45.0,480x640,30.0,75.0,3,"laptop, phone",2,"['laptop', 'phone']",0,79,0,apache-2.0,Apache License 2.0,https://opensource.org/licenses/Apache-2.0,"This dataset was created using LeRobot.

	
		
		Dataset Structure
	

meta/info.json:
{
    ""codebase_version"": ""v2.1"",
    ""robot_type"": ""so100"",
    ""total_episodes"": 2,
    ""total_frames"": 165,
    ...",2025-05-07 01:38:09+00:00
yunhezhui123/pi0_so100_test4.22.1,https://huggingface.co/datasets/yunhezhui123/pi0_so100_test4.22.1,https://huggingface.co/spaces/lerobot/visualize_dataset?path=yunhezhui123/pi0_so100_test4.22.1,2025-04-22 06:25:43,SO100,50,156,100,45.0,480x640,30.0,75.0,3,"laptop, phone",2,"['laptop', 'phone']",0,75,0,apache-2.0,Apache License 2.0,https://opensource.org/licenses/Apache-2.0,"This dataset was created using LeRobot.

	
		
		Dataset Structure
	

meta/info.json:
{
    ""codebase_version"": ""v2.1"",
    ""robot_type"": ""so100"",
    ""total_episodes"": 50,
    ""total_frames"": 17346,
 ...",2025-04-22 06:29:41+00:00
Mohamedal/so100_put_bananda_bowl_newda,https://huggingface.co/datasets/Mohamedal/so100_put_bananda_bowl_newda,https://huggingface.co/spaces/lerobot/visualize_dataset?path=Mohamedal/so100_put_bananda_bowl_newda,2025-06-10 13:19:40,SO100,50,156,100,45.0,480x640,30.0,75.0,3,"realsense_side, realsense_top",2,"['realsense_side', 'realsense_top']",0,225,0,apache-2.0,Apache License 2.0,https://opensource.org/licenses/Apache-2.0,"This dataset was created using LeRobot.

	
		
		Dataset Structure
	

meta/info.json:
{
    ""codebase_version"": ""v2.1"",
    ""robot_type"": ""so100"",
    ""total_episodes"": 50,
    ""total_frames"": 20289,
 ...",2025-06-10 13:20:04+00:00
RasmusP/so100_dataset50ep,https://huggingface.co/datasets/RasmusP/so100_dataset50ep,https://huggingface.co/spaces/lerobot/visualize_dataset?path=RasmusP/so100_dataset50ep,2025-04-04 16:32:17,SO100,50,156,100,45.0,480x640,30.0,75.0,3,"laptop, phone",2,"['laptop', 'phone']",0,211,0,apache-2.0,Apache License 2.0,https://opensource.org/licenses/Apache-2.0,"This dataset was created using LeRobot.

	
		
		Dataset Structure
	

meta/info.json:
{
    ""codebase_version"": ""v2.1"",
    ""robot_type"": ""so100"",
    ""total_episodes"": 50,
    ""total_frames"": 22134,
 ...",2025-04-04 16:32:51+00:00
Mohamedal/so100_put_cube_bowl_newda,https://huggingface.co/datasets/Mohamedal/so100_put_cube_bowl_newda,https://huggingface.co/spaces/lerobot/visualize_dataset?path=Mohamedal/so100_put_cube_bowl_newda,2025-06-10 13:48:17,SO100,50,156,100,45.0,480x640,30.0,75.0,3,"realsense_side, realsense_top",2,"['realsense_side', 'realsense_top']",0,226,0,apache-2.0,Apache License 2.0,https://opensource.org/licenses/Apache-2.0,"This dataset was created using LeRobot.

	
		
		Dataset Structure
	

meta/info.json:
{
    ""codebase_version"": ""v2.1"",
    ""robot_type"": ""so100"",
    ""total_episodes"": 50,
    ""total_frames"": 18613,
 ...",2025-06-10 13:48:40+00:00
RasmusP/so100_Orange2Green,https://huggingface.co/datasets/RasmusP/so100_Orange2Green,https://huggingface.co/spaces/lerobot/visualize_dataset?path=RasmusP/so100_Orange2Green,2025-04-13 09:36:45,SO100,50,156,100,45.0,480x640,30.0,75.0,3,"phone, web, webcam",3,"['phone', 'web', 'webcam']",0,73,2,apache-2.0,Apache License 2.0,https://opensource.org/licenses/Apache-2.0,"This dataset was created using LeRobot.

	
		
		Dataset Structure
	

meta/info.json:
{
    ""codebase_version"": ""v2.1"",
    ""robot_type"": ""so100"",
    ""total_episodes"": 50,
    ""total_frames"": 29712,
 ...",2025-04-13 09:37:15+00:00
Mohamedal/so100_put_plum_bowl_new_data,https://huggingface.co/datasets/Mohamedal/so100_put_plum_bowl_new_data,https://huggingface.co/spaces/lerobot/visualize_dataset?path=Mohamedal/so100_put_plum_bowl_new_data,2025-05-22 13:24:02,SO100,50,156,100,45.0,480x640,30.0,75.0,3,"realsense_side, realsense_top",2,"['realsense_side', 'realsense_top']",0,343,0,apache-2.0,Apache License 2.0,https://opensource.org/licenses/Apache-2.0,"This dataset was created using LeRobot.

	
		
		Dataset Structure
	

meta/info.json:
{
    ""codebase_version"": ""v2.1"",
    ""robot_type"": ""so100"",
    ""total_episodes"": 50,
    ""total_frames"": 20019,
 ...",2025-05-22 13:24:26+00:00
Odog16/so100_cube_stacking_v1,https://huggingface.co/datasets/Odog16/so100_cube_stacking_v1,https://huggingface.co/spaces/lerobot/visualize_dataset?path=Odog16/so100_cube_stacking_v1,2025-03-23 23:18:36,SO100,50,156,100,45.0,480x640,30.0,75.0,3,"workspace, wrist",2,"['workspace', 'wrist']",0,68,0,apache-2.0,Apache License 2.0,https://opensource.org/licenses/Apache-2.0,"This dataset was created using LeRobot.

	
		
		Dataset Structure
	

meta/info.json:
{
    ""codebase_version"": ""v2.1"",
    ""robot_type"": ""so100"",
    ""total_episodes"": 50,
    ""total_frames"": 38707,
 ...",2025-03-23 23:21:38+00:00
Maxvondemmustermann/so100_cup,https://huggingface.co/datasets/Maxvondemmustermann/so100_cup,https://huggingface.co/spaces/lerobot/visualize_dataset?path=Maxvondemmustermann/so100_cup,2025-05-06 07:46:12,SO100,50,156,100,45.0,480x640,30.0,75.0,3,"laptop, phone",2,"['laptop', 'phone']",0,55,0,apache-2.0,Apache License 2.0,https://opensource.org/licenses/Apache-2.0,"This dataset was created using LeRobot.

	
		
		Dataset Structure
	

meta/info.json:
{
    ""codebase_version"": ""v2.0"",
    ""robot_type"": ""so100"",
    ""total_episodes"": 50,
    ""total_frames"": 18750,
 ...",2025-05-06 07:47:56+00:00
UN-kk/so100_test,https://huggingface.co/datasets/UN-kk/so100_test,https://huggingface.co/spaces/lerobot/visualize_dataset?path=UN-kk/so100_test,2025-04-20 12:41:35,SO100,50,156,100,45.0,480x640,30.0,75.0,3,"laptop, phone",2,"['laptop', 'phone']",0,50,0,apache-2.0,Apache License 2.0,https://opensource.org/licenses/Apache-2.0,"This dataset was created using LeRobot.

	
		
		Dataset Structure
	

meta/info.json:
{
    ""codebase_version"": ""v2.1"",
    ""robot_type"": ""so100"",
    ""total_episodes"": 50,
    ""total_frames"": 22590,
 ...",2025-04-20 12:43:26+00:00
VoicAndrei/so100_banana_to_plate_rebel_full,https://huggingface.co/datasets/VoicAndrei/so100_banana_to_plate_rebel_full,https://huggingface.co/spaces/lerobot/visualize_dataset?path=VoicAndrei/so100_banana_to_plate_rebel_full,2025-04-10 12:12:06,SO100,50,157,100,45.0,480x640,30.0,75.0,3,"right, top",2,"['right', 'top']",0,85,0,apache-2.0,Apache License 2.0,https://opensource.org/licenses/Apache-2.0,"This dataset was created using LeRobot.

	
		
		Dataset Structure
	

meta/info.json:
{
    ""codebase_version"": ""v2.1"",
    ""robot_type"": ""so100"",
    ""total_episodes"": 50,
    ""total_frames"": 21666,
 ...",2025-04-15 07:54:39+00:00
Winster/so100_cube,https://huggingface.co/datasets/Winster/so100_cube,https://huggingface.co/spaces/lerobot/visualize_dataset?path=Winster/so100_cube,2025-03-14 10:05:08,SO100,50,106,50,45.0,480x640,30.0,37.5,3,laptop,1,['laptop'],0,47,0,apache-2.0,Apache License 2.0,https://opensource.org/licenses/Apache-2.0,"This dataset was created using LeRobot.

	
		
		Dataset Structure
	

meta/info.json:
{
    ""codebase_version"": ""v2.1"",
    ""robot_type"": ""so100"",
    ""total_episodes"": 50,
    ""total_frames"": 29900,
 ...",2025-03-14 10:06:12+00:00
XXRRSSRR/so100_v3_num_episodes_50,https://huggingface.co/datasets/XXRRSSRR/so100_v3_num_episodes_50,https://huggingface.co/spaces/lerobot/visualize_dataset?path=XXRRSSRR/so100_v3_num_episodes_50,2025-04-02 11:47:39,SO100,50,156,100,45.0,480x640,30.0,75.0,3,"laptop, phone",2,"['laptop', 'phone']",0,56,0,apache-2.0,Apache License 2.0,https://opensource.org/licenses/Apache-2.0,"This dataset was created using LeRobot.

	
		
		Dataset Structure
	

meta/info.json:
{
    ""codebase_version"": ""v2.1"",
    ""robot_type"": ""so100"",
    ""total_episodes"": 50,
    ""total_frames"": 28911,
 ...",2025-04-02 11:50:47+00:00
Yanis7777/so100_duck,https://huggingface.co/datasets/Yanis7777/so100_duck,https://huggingface.co/spaces/lerobot/visualize_dataset?path=Yanis7777/so100_duck,2025-05-15 11:36:49,SO100,50,156,100,30.0,480x640,30.0,50.0,3,"era, overhead_, overhead__era, overhead_camera, wrist_, wrist__era, wrist_camera",7,"['era', 'overhead_', 'overhead__era', 'overhead_camera', 'wrist_', 'wrist__era', 'wrist_camera']",0,242,0,apache-2.0,Apache License 2.0,https://opensource.org/licenses/Apache-2.0,"This dataset was created using LeRobot.

	
		
		Dataset Structure
	

meta/info.json:
{
    ""codebase_version"": ""v2.1"",
    ""robot_type"": ""so100"",
    ""total_episodes"": 50,
    ""total_frames"": 15877,
 ...",2025-05-15 11:41:10+00:00
Yanis7777/so100_garlic,https://huggingface.co/datasets/Yanis7777/so100_garlic,https://huggingface.co/spaces/lerobot/visualize_dataset?path=Yanis7777/so100_garlic,2025-06-14 15:48:41,SO100,50,156,100,30.0,480x640,30.0,50.0,3,"era, overhead_, overhead__era, overhead_camera, wrist_, wrist__era, wrist_camera",7,"['era', 'overhead_', 'overhead__era', 'overhead_camera', 'wrist_', 'wrist__era', 'wrist_camera']",0,0,0,apache-2.0,Apache License 2.0,https://opensource.org/licenses/Apache-2.0,"This dataset was created using LeRobot.

	
		
		Dataset Structure
	

meta/info.json:
{
    ""codebase_version"": ""v2.1"",
    ""robot_type"": ""so100"",
    ""total_episodes"": 50,
    ""total_frames"": 32667,
 ...",2025-06-14 15:50:21+00:00
YasmineMakni/so100_parcourt,https://huggingface.co/datasets/YasmineMakni/so100_parcourt,https://huggingface.co/spaces/lerobot/visualize_dataset?path=YasmineMakni/so100_parcourt,2025-05-14 12:21:17,SO100,50,156,100,30.0,480x640,30.0,50.0,3,"cam, laptop",2,"['cam', 'laptop']",0,162,0,apache-2.0,Apache License 2.0,https://opensource.org/licenses/Apache-2.0,"This dataset was created using LeRobot.

	
		
		Dataset Structure
	

meta/info.json:
{
    ""codebase_version"": ""v2.1"",
    ""robot_type"": ""so100"",
    ""total_episodes"": 10,
    ""total_frames"": 4027,
  ...",2025-05-14 13:11:44+00:00
MaCCChhh/rdk_so100_test,https://huggingface.co/datasets/MaCCChhh/rdk_so100_test,https://huggingface.co/spaces/lerobot/visualize_dataset?path=MaCCChhh/rdk_so100_test,2025-04-21 08:20:32,SO100,50,156,100,45.0,480x640,30.0,75.0,3,"laptop, phone",2,"['laptop', 'phone']",0,71,0,mit,MIT License,https://opensource.org/licenses/MIT,"
	
		
		Highlights
	


End-to-end robotic arm case study on RDK devices, showcasing ACT Policy: an embodied algorithm for attention from visual space to action space.

Fully utilizes RDK's BPU acceler...",2025-06-12 10:28:18+00:00
Yotofu/so100_cube_one_camera,https://huggingface.co/datasets/Yotofu/so100_cube_one_camera,https://huggingface.co/spaces/lerobot/visualize_dataset?path=Yotofu/so100_cube_one_camera,2024-11-21 13:35:55,SO100,50,106,100,45.0,480x640,30.0,75.0,3,"front_depth_episode_000000, front_depth_episode_000001, front_depth_episode_000002, front_depth_episode_000003, front_depth_episode_000004, front_depth_episode_000005, front_depth_episode_000006, front_depth_episode_000007, front_depth_episode_000008, front_depth_episode_000009, front_depth_episode_000010, front_depth_episode_000011, front_depth_episode_000012, front_depth_episode_000013, front_depth_episode_000014, front_depth_episode_000015, front_depth_episode_000016, front_depth_episode_000017, front_depth_episode_000018, front_depth_episode_000019, front_depth_episode_000020, front_depth_episode_000021, front_depth_episode_000022, front_depth_episode_000023, front_depth_episode_000024, front_depth_episode_000025, front_depth_episode_000026, front_depth_episode_000027, front_depth_episode_000028, front_depth_episode_000029, front_depth_episode_000030, front_depth_episode_000031, front_depth_episode_000032, front_depth_episode_000033, front_depth_episode_000034, front_depth_episode_000035, front_depth_episode_000036, front_depth_episode_000037, front_depth_episode_000038, front_depth_episode_000039, front_depth_episode_000040, front_depth_episode_000041, front_depth_episode_000042, front_depth_episode_000043, front_depth_episode_000044, front_depth_episode_000045, front_depth_episode_000046, front_depth_episode_000047, front_depth_episode_000048, front_depth_episode_000049, front_rgb_episode_000000, front_rgb_episode_000001, front_rgb_episode_000002, front_rgb_episode_000003, front_rgb_episode_000004, front_rgb_episode_000005, front_rgb_episode_000006, front_rgb_episode_000007, front_rgb_episode_000008, front_rgb_episode_000009, front_rgb_episode_000010, front_rgb_episode_000011, front_rgb_episode_000012, front_rgb_episode_000013, front_rgb_episode_000014, front_rgb_episode_000015, front_rgb_episode_000016, front_rgb_episode_000017, front_rgb_episode_000018, front_rgb_episode_000019, front_rgb_episode_000020, front_rgb_episode_000021, front_rgb_episode_000022, front_rgb_episode_000023, front_rgb_episode_000024, front_rgb_episode_000025, front_rgb_episode_000026, front_rgb_episode_000027, front_rgb_episode_000028, front_rgb_episode_000029, front_rgb_episode_000030, front_rgb_episode_000031, front_rgb_episode_000032, front_rgb_episode_000033, front_rgb_episode_000034, front_rgb_episode_000035, front_rgb_episode_000036, front_rgb_episode_000037, front_rgb_episode_000038, front_rgb_episode_000039, front_rgb_episode_000040, front_rgb_episode_000041, front_rgb_episode_000042, front_rgb_episode_000043, front_rgb_episode_000044, front_rgb_episode_000045, front_rgb_episode_000046, front_rgb_episode_000047, front_rgb_episode_000048, front_rgb_episode_000049",100,"['front_depth_episode_000000', 'front_depth_episode_000001', 'front_depth_episode_000002', 'front_depth_episode_000003', 'front_depth_episode_000004', 'front_depth_episode_000005', 'front_depth_episode_000006', 'front_depth_episode_000007', 'front_depth_episode_000008', 'front_depth_episode_000009', 'front_depth_episode_000010', 'front_depth_episode_000011', 'front_depth_episode_000012', 'front_depth_episode_000013', 'front_depth_episode_000014', 'front_depth_episode_000015', 'front_depth_episode_000016', 'front_depth_episode_000017', 'front_depth_episode_000018', 'front_depth_episode_000019', 'front_depth_episode_000020', 'front_depth_episode_000021', 'front_depth_episode_000022', 'front_depth_episode_000023', 'front_depth_episode_000024', 'front_depth_episode_000025', 'front_depth_episode_000026', 'front_depth_episode_000027', 'front_depth_episode_000028', 'front_depth_episode_000029', 'front_depth_episode_000030', 'front_depth_episode_000031', 'front_depth_episode_000032', 'front_depth_episode_000033', 'front_depth_episode_000034', 'front_depth_episode_000035', 'front_depth_episode_000036', 'front_depth_episode_000037', 'front_depth_episode_000038', 'front_depth_episode_000039', 'front_depth_episode_000040', 'front_depth_episode_000041', 'front_depth_episode_000042', 'front_depth_episode_000043', 'front_depth_episode_000044', 'front_depth_episode_000045', 'front_depth_episode_000046', 'front_depth_episode_000047', 'front_depth_episode_000048', 'front_depth_episode_000049', 'front_rgb_episode_000000', 'front_rgb_episode_000001', 'front_rgb_episode_000002', 'front_rgb_episode_000003', 'front_rgb_episode_000004', 'front_rgb_episode_000005', 'front_rgb_episode_000006', 'front_rgb_episode_000007', 'front_rgb_episode_000008', 'front_rgb_episode_000009', 'front_rgb_episode_000010', 'front_rgb_episode_000011', 'front_rgb_episode_000012', 'front_rgb_episode_000013', 'front_rgb_episode_000014', 'front_rgb_episode_000015', 'front_rgb_episode_000016', 'front_rgb_episode_000017', 'front_rgb_episode_000018', 'front_rgb_episode_000019', 'front_rgb_episode_000020', 'front_rgb_episode_000021', 'front_rgb_episode_000022', 'front_rgb_episode_000023', 'front_rgb_episode_000024', 'front_rgb_episode_000025', 'front_rgb_episode_000026', 'front_rgb_episode_000027', 'front_rgb_episode_000028', 'front_rgb_episode_000029', 'front_rgb_episode_000030', 'front_rgb_episode_000031', 'front_rgb_episode_000032', 'front_rgb_episode_000033', 'front_rgb_episode_000034', 'front_rgb_episode_000035', 'front_rgb_episode_000036', 'front_rgb_episode_000037', 'front_rgb_episode_000038', 'front_rgb_episode_000039', 'front_rgb_episode_000040', 'front_rgb_episode_000041', 'front_rgb_episode_000042', 'front_rgb_episode_000043', 'front_rgb_episode_000044', 'front_rgb_episode_000045', 'front_rgb_episode_000046', 'front_rgb_episode_000047', 'front_rgb_episode_000048', 'front_rgb_episode_000049']",0,32,0,Unknown,Unknown,,"This dataset was created using LeRobot.
...",2024-11-21 13:57:30+00:00
Yotofu/so100_cube_opencv,https://huggingface.co/datasets/Yotofu/so100_cube_opencv,https://huggingface.co/spaces/lerobot/visualize_dataset?path=Yotofu/so100_cube_opencv,2024-11-22 11:16:29,SO100,50,56,50,45.0,480x640,30.0,37.5,3,"rgb_episode_000000, rgb_episode_000001, rgb_episode_000002, rgb_episode_000003, rgb_episode_000004, rgb_episode_000005, rgb_episode_000006, rgb_episode_000007, rgb_episode_000008, rgb_episode_000009, rgb_episode_000010, rgb_episode_000011, rgb_episode_000012, rgb_episode_000013, rgb_episode_000014, rgb_episode_000015, rgb_episode_000016, rgb_episode_000017, rgb_episode_000018, rgb_episode_000019, rgb_episode_000020, rgb_episode_000021, rgb_episode_000022, rgb_episode_000023, rgb_episode_000024, rgb_episode_000025, rgb_episode_000026, rgb_episode_000027, rgb_episode_000028, rgb_episode_000029, rgb_episode_000030, rgb_episode_000031, rgb_episode_000032, rgb_episode_000033, rgb_episode_000034, rgb_episode_000035, rgb_episode_000036, rgb_episode_000037, rgb_episode_000038, rgb_episode_000039, rgb_episode_000040, rgb_episode_000041, rgb_episode_000042, rgb_episode_000043, rgb_episode_000044, rgb_episode_000045, rgb_episode_000046, rgb_episode_000047, rgb_episode_000048, rgb_episode_000049",50,"['rgb_episode_000000', 'rgb_episode_000001', 'rgb_episode_000002', 'rgb_episode_000003', 'rgb_episode_000004', 'rgb_episode_000005', 'rgb_episode_000006', 'rgb_episode_000007', 'rgb_episode_000008', 'rgb_episode_000009', 'rgb_episode_000010', 'rgb_episode_000011', 'rgb_episode_000012', 'rgb_episode_000013', 'rgb_episode_000014', 'rgb_episode_000015', 'rgb_episode_000016', 'rgb_episode_000017', 'rgb_episode_000018', 'rgb_episode_000019', 'rgb_episode_000020', 'rgb_episode_000021', 'rgb_episode_000022', 'rgb_episode_000023', 'rgb_episode_000024', 'rgb_episode_000025', 'rgb_episode_000026', 'rgb_episode_000027', 'rgb_episode_000028', 'rgb_episode_000029', 'rgb_episode_000030', 'rgb_episode_000031', 'rgb_episode_000032', 'rgb_episode_000033', 'rgb_episode_000034', 'rgb_episode_000035', 'rgb_episode_000036', 'rgb_episode_000037', 'rgb_episode_000038', 'rgb_episode_000039', 'rgb_episode_000040', 'rgb_episode_000041', 'rgb_episode_000042', 'rgb_episode_000043', 'rgb_episode_000044', 'rgb_episode_000045', 'rgb_episode_000046', 'rgb_episode_000047', 'rgb_episode_000048', 'rgb_episode_000049']",0,35,0,Unknown,Unknown,,"This dataset was created using LeRobot.
...",2024-11-22 11:16:57+00:00
Yotofu/so100_cube_opencv_see_screen,https://huggingface.co/datasets/Yotofu/so100_cube_opencv_see_screen,https://huggingface.co/spaces/lerobot/visualize_dataset?path=Yotofu/so100_cube_opencv_see_screen,2024-11-22 11:13:39,SO100,50,56,50,45.0,480x640,30.0,37.5,3,"rgb_episode_000000, rgb_episode_000001, rgb_episode_000002, rgb_episode_000003, rgb_episode_000004, rgb_episode_000005, rgb_episode_000006, rgb_episode_000007, rgb_episode_000008, rgb_episode_000009, rgb_episode_000010, rgb_episode_000011, rgb_episode_000012, rgb_episode_000013, rgb_episode_000014, rgb_episode_000015, rgb_episode_000016, rgb_episode_000017, rgb_episode_000018, rgb_episode_000019, rgb_episode_000020, rgb_episode_000021, rgb_episode_000022, rgb_episode_000023, rgb_episode_000024, rgb_episode_000025, rgb_episode_000026, rgb_episode_000027, rgb_episode_000028, rgb_episode_000029, rgb_episode_000030, rgb_episode_000031, rgb_episode_000032, rgb_episode_000033, rgb_episode_000034, rgb_episode_000035, rgb_episode_000036, rgb_episode_000037, rgb_episode_000038, rgb_episode_000039, rgb_episode_000040, rgb_episode_000041, rgb_episode_000042, rgb_episode_000043, rgb_episode_000044, rgb_episode_000045, rgb_episode_000046, rgb_episode_000047, rgb_episode_000048, rgb_episode_000049",50,"['rgb_episode_000000', 'rgb_episode_000001', 'rgb_episode_000002', 'rgb_episode_000003', 'rgb_episode_000004', 'rgb_episode_000005', 'rgb_episode_000006', 'rgb_episode_000007', 'rgb_episode_000008', 'rgb_episode_000009', 'rgb_episode_000010', 'rgb_episode_000011', 'rgb_episode_000012', 'rgb_episode_000013', 'rgb_episode_000014', 'rgb_episode_000015', 'rgb_episode_000016', 'rgb_episode_000017', 'rgb_episode_000018', 'rgb_episode_000019', 'rgb_episode_000020', 'rgb_episode_000021', 'rgb_episode_000022', 'rgb_episode_000023', 'rgb_episode_000024', 'rgb_episode_000025', 'rgb_episode_000026', 'rgb_episode_000027', 'rgb_episode_000028', 'rgb_episode_000029', 'rgb_episode_000030', 'rgb_episode_000031', 'rgb_episode_000032', 'rgb_episode_000033', 'rgb_episode_000034', 'rgb_episode_000035', 'rgb_episode_000036', 'rgb_episode_000037', 'rgb_episode_000038', 'rgb_episode_000039', 'rgb_episode_000040', 'rgb_episode_000041', 'rgb_episode_000042', 'rgb_episode_000043', 'rgb_episode_000044', 'rgb_episode_000045', 'rgb_episode_000046', 'rgb_episode_000047', 'rgb_episode_000048', 'rgb_episode_000049']",0,33,0,Unknown,Unknown,,"This dataset was created using LeRobot.
...",2024-11-22 11:14:12+00:00
ZCM5115/so100_1210,https://huggingface.co/datasets/ZCM5115/so100_1210,https://huggingface.co/spaces/lerobot/visualize_dataset?path=ZCM5115/so100_1210,2024-12-10 11:25:40,SO100,50,156,100,45.0,480x640,30.0,75.0,3,"hikvision, laptop",2,"['hikvision', 'laptop']",0,57,1,apache-2.0,Apache License 2.0,https://opensource.org/licenses/Apache-2.0,"This dataset was created using LeRobot.

	
		
		Dataset Structure
	

meta/info.json:
{
    ""codebase_version"": ""v2.0"",
    ""robot_type"": ""so100"",
    ""total_episodes"": 50,
    ""total_frames"": 13295,
 ...",2024-12-10 11:27:08+00:00
ZCM5115/so100_2Arm3cameras_movebox,https://huggingface.co/datasets/ZCM5115/so100_2Arm3cameras_movebox,https://huggingface.co/spaces/lerobot/visualize_dataset?path=ZCM5115/so100_2Arm3cameras_movebox,2024-12-27 07:48:07,SO100,50,206,150,45.0,480x640,30.0,112.5,3,"left, right, top",3,"['left', 'right', 'top']",0,113,0,apache-2.0,Apache License 2.0,https://opensource.org/licenses/Apache-2.0,"This dataset was created using LeRobot.

	
		
		Dataset Structure
	

meta/info.json:
{
    ""codebase_version"": ""v2.0"",
    ""robot_type"": ""so100"",
    ""total_episodes"": 50,
    ""total_frames"": 17383,
 ...",2024-12-27 07:59:40+00:00
zaringleb/so100_cube_5_linear,https://huggingface.co/datasets/zaringleb/so100_cube_5_linear,https://huggingface.co/spaces/lerobot/visualize_dataset?path=zaringleb/so100_cube_5_linear,2025-02-21 23:54:04,SO100,50,106,50,30.0,480x640,30.0,25.0,3,"cam_high, high",2,"['cam_high', 'high']",0,59,0,apache-2.0,Apache License 2.0,https://opensource.org/licenses/Apache-2.0,"This dataset was created using LeRobot.

	
		
		Dataset Structure
	

meta/info.json:
{
    ""codebase_version"": ""v2.0"",
    ""robot_type"": ""so100"",
    ""total_episodes"": 50,
    ""total_frames"": 13426,
 ...",2025-02-21 23:56:23+00:00
LemonadeDai/so100_coca,https://huggingface.co/datasets/LemonadeDai/so100_coca,https://huggingface.co/spaces/lerobot/visualize_dataset?path=LemonadeDai/so100_coca,2025-04-07 09:11:59,SO100,50,156,100,45.0,480x640,30.0,75.0,3,"top, wrist",2,"['top', 'wrist']",0,76,0,apache-2.0,Apache License 2.0,https://opensource.org/licenses/Apache-2.0,"This dataset was created using LeRobot.

	
		
		Dataset Structure
	

meta/info.json:
{
    ""codebase_version"": ""v2.1"",
    ""robot_type"": ""so100"",
    ""total_episodes"": 50,
    ""total_frames"": 14900,
 ...",2025-04-07 09:23:29+00:00
Jiangeng/so100_413,https://huggingface.co/datasets/Jiangeng/so100_413,https://huggingface.co/spaces/lerobot/visualize_dataset?path=Jiangeng/so100_413,2025-04-13 01:08:23,SO100,50,156,100,45.0,480x640,30.0,75.0,3,"top, wrist_left",2,"['top', 'wrist_left']",0,89,0,apache-2.0,Apache License 2.0,https://opensource.org/licenses/Apache-2.0,"This dataset was created using LeRobot.

	
		
		Dataset Structure
	

meta/info.json:
{
    ""codebase_version"": ""v2.1"",
    ""robot_type"": ""so100"",
    ""total_episodes"": 50,
    ""total_frames"": 17851,
 ...",2025-04-13 01:09:27+00:00
cezarsolo/so100_data,https://huggingface.co/datasets/cezarsolo/so100_data,https://huggingface.co/spaces/lerobot/visualize_dataset?path=cezarsolo/so100_data,2025-06-03 23:08:52,SO100,50,156,100,45.0,480x640,30.0,75.0,3,"perspective, wrist",2,"['perspective', 'wrist']",0,280,0,apache-2.0,Apache License 2.0,https://opensource.org/licenses/Apache-2.0,"This dataset was created using LeRobot.

	
		
		Dataset Structure
	

meta/info.json:
{
    ""codebase_version"": ""v2.1"",
    ""robot_type"": ""so100"",
    ""total_episodes"": 50,
    ""total_frames"": 29600,
 ...",2025-06-03 23:11:02+00:00
cezarsolo/so100_newdata,https://huggingface.co/datasets/cezarsolo/so100_newdata,https://huggingface.co/spaces/lerobot/visualize_dataset?path=cezarsolo/so100_newdata,2025-06-06 15:03:31,SO100,50,156,100,45.0,480x640,30.0,75.0,3,"perspective, wrist",2,"['perspective', 'wrist']",0,235,0,apache-2.0,Apache License 2.0,https://opensource.org/licenses/Apache-2.0,"This dataset was created using LeRobot.

	
		
		Dataset Structure
	

meta/info.json:
{
    ""codebase_version"": ""v2.1"",
    ""robot_type"": ""so100"",
    ""total_episodes"": 50,
    ""total_frames"": 29820,
 ...",2025-06-06 15:05:40+00:00
sihyun77/suho_so100,https://huggingface.co/datasets/sihyun77/suho_so100,https://huggingface.co/spaces/lerobot/visualize_dataset?path=sihyun77/suho_so100,2025-03-11 07:18:08,SO100,50,156,100,45.0,480x640,30.0,75.0,3,"laptop, phone",2,"['laptop', 'phone']",0,67,0,apache-2.0,Apache License 2.0,https://opensource.org/licenses/Apache-2.0,"This dataset was created using LeRobot.

	
		
		Dataset Structure
	

meta/info.json:
{
    ""codebase_version"": ""v2.1"",
    ""robot_type"": ""so100"",
    ""total_episodes"": 50,
    ""total_frames"": 24955,
 ...",2025-03-11 07:18:55+00:00
tfoldi/so100_glass_4,https://huggingface.co/datasets/tfoldi/so100_glass_4,https://huggingface.co/spaces/lerobot/visualize_dataset?path=tfoldi/so100_glass_4,2025-05-26 14:36:50,SO100,50,206,150,45.0,480x640,30.0,112.5,3,"arm, side, top",3,"['arm', 'side', 'top']",0,157,0,apache-2.0,Apache License 2.0,https://opensource.org/licenses/Apache-2.0,"This dataset was created using LeRobot.

	
		
		Dataset Structure
	

meta/info.json:
{
    ""codebase_version"": ""v2.0"",
    ""robot_type"": ""so100"",
    ""total_episodes"": 50,
    ""total_frames"": 13312,
 ...",2025-05-26 14:37:54+00:00
sshh11/so100_orange_50ep_2cam_2,https://huggingface.co/datasets/sshh11/so100_orange_50ep_2cam_2,https://huggingface.co/spaces/lerobot/visualize_dataset?path=sshh11/so100_orange_50ep_2cam_2,2025-05-10 13:02:37,SO100,50,156,100,45.0,480x640,30.0,75.0,3,"laptop, laptop2",2,"['laptop', 'laptop2']",0,61,0,apache-2.0,Apache License 2.0,https://opensource.org/licenses/Apache-2.0,"This dataset was created using LeRobot.

	
		
		Dataset Structure
	

meta/info.json:
{
    ""codebase_version"": ""v2.1"",
    ""robot_type"": ""so100"",
    ""total_episodes"": 50,
    ""total_frames"": 14965,
 ...",2025-05-10 13:03:01+00:00
AK51/so100_test6,https://huggingface.co/datasets/AK51/so100_test6,https://huggingface.co/spaces/lerobot/visualize_dataset?path=AK51/so100_test6,2025-03-26 03:13:19,SO100,50,156,100,45.0,480x640,30.0,75.0,3,"laptop, phone",2,"['laptop', 'phone']",0,60,0,apache-2.0,Apache License 2.0,https://opensource.org/licenses/Apache-2.0,"This dataset was created using LeRobot.

	
		
		Dataset Structure
	

meta/info.json:
{
    ""codebase_version"": ""v2.1"",
    ""robot_type"": ""so100"",
    ""total_episodes"": 50,
    ""total_frames"": 12450,
 ...",2025-03-26 03:14:49+00:00
gxy1111/so100_stick,https://huggingface.co/datasets/gxy1111/so100_stick,https://huggingface.co/spaces/lerobot/visualize_dataset?path=gxy1111/so100_stick,2025-06-04 15:45:03,SO100,50,156,100,45.0,480x640,30.0,75.0,3,"eye, wrist",2,"['eye', 'wrist']",0,272,0,apache-2.0,Apache License 2.0,https://opensource.org/licenses/Apache-2.0,"This dataset was created using LeRobot.

	
		
		Dataset Structure
	

meta/info.json:
{
    ""codebase_version"": ""v2.1"",
    ""robot_type"": ""so100"",
    ""total_episodes"": 50,
    ""total_frames"": 16389,
 ...",2025-06-04 15:49:59+00:00
AK51/so100_test7,https://huggingface.co/datasets/AK51/so100_test7,https://huggingface.co/spaces/lerobot/visualize_dataset?path=AK51/so100_test7,2025-03-26 07:00:34,SO100,50,206,150,45.0,480x640,30.0,112.5,3,"laptop, phone, phone1",3,"['laptop', 'phone', 'phone1']",0,51,0,apache-2.0,Apache License 2.0,https://opensource.org/licenses/Apache-2.0,"This dataset was created using LeRobot.

	
		
		Dataset Structure
	

meta/info.json:
{
    ""codebase_version"": ""v2.1"",
    ""robot_type"": ""so100"",
    ""total_episodes"": 50,
    ""total_frames"": 12450,
 ...",2025-03-26 07:02:48+00:00
gxy1111/so100_soft,https://huggingface.co/datasets/gxy1111/so100_soft,https://huggingface.co/spaces/lerobot/visualize_dataset?path=gxy1111/so100_soft,2025-05-30 16:35:37,SO100,50,156,100,45.0,480x640,30.0,75.0,3,"eye, wrist",2,"['eye', 'wrist']",0,177,0,apache-2.0,Apache License 2.0,https://opensource.org/licenses/Apache-2.0,"This dataset was created using LeRobot.

	
		
		Dataset Structure
	

meta/info.json:
{
    ""codebase_version"": ""v2.1"",
    ""robot_type"": ""so100"",
    ""total_episodes"": 50,
    ""total_frames"": 21361,
 ...",2025-05-30 16:36:29+00:00
gxy1111/so100_rotate,https://huggingface.co/datasets/gxy1111/so100_rotate,https://huggingface.co/spaces/lerobot/visualize_dataset?path=gxy1111/so100_rotate,2025-05-30 15:58:10,SO100,50,156,100,45.0,480x640,30.0,75.0,3,"eye, wrist",2,"['eye', 'wrist']",0,178,0,apache-2.0,Apache License 2.0,https://opensource.org/licenses/Apache-2.0,"This dataset was created using LeRobot.

	
		
		Dataset Structure
	

meta/info.json:
{
    ""codebase_version"": ""v2.1"",
    ""robot_type"": ""so100"",
    ""total_episodes"": 50,
    ""total_frames"": 21894,
 ...",2025-05-30 15:58:54+00:00
gxy1111/so100_pen,https://huggingface.co/datasets/gxy1111/so100_pen,https://huggingface.co/spaces/lerobot/visualize_dataset?path=gxy1111/so100_pen,2025-06-01 09:01:21,SO100,50,156,100,45.0,480x640,30.0,75.0,3,"eye, wrist",2,"['eye', 'wrist']",0,311,0,apache-2.0,Apache License 2.0,https://opensource.org/licenses/Apache-2.0,"This dataset was created using LeRobot.

	
		
		Dataset Structure
	

meta/info.json:
{
    ""codebase_version"": ""v2.1"",
    ""robot_type"": ""so100"",
    ""total_episodes"": 50,
    ""total_frames"": 73154,
 ...",2025-06-01 09:03:28+00:00
sshh11/so100_orange_50ep_1,https://huggingface.co/datasets/sshh11/so100_orange_50ep_1,https://huggingface.co/spaces/lerobot/visualize_dataset?path=sshh11/so100_orange_50ep_1,2025-03-09 18:10:32,SO100,50,106,50,45.0,480x640,30.0,37.5,3,laptop,1,['laptop'],0,101,0,apache-2.0,Apache License 2.0,https://opensource.org/licenses/Apache-2.0,"This dataset was created using LeRobot.

	
		
		Dataset Structure
	

meta/info.json:
{
    ""codebase_version"": ""v2.1"",
    ""robot_type"": ""so100"",
    ""total_episodes"": 50,
    ""total_frames"": 14938,
 ...",2025-03-09 18:10:50+00:00
gxy1111/so100_hang_tape,https://huggingface.co/datasets/gxy1111/so100_hang_tape,https://huggingface.co/spaces/lerobot/visualize_dataset?path=gxy1111/so100_hang_tape,2025-05-30 09:30:58,SO100,50,156,100,45.0,480x640,30.0,75.0,3,"eye, wrist",2,"['eye', 'wrist']",0,287,0,apache-2.0,Apache License 2.0,https://opensource.org/licenses/Apache-2.0,"This dataset was created using LeRobot.

	
		
		Dataset Structure
	

meta/info.json:
{
    ""codebase_version"": ""v2.1"",
    ""robot_type"": ""so100"",
    ""total_episodes"": 50,
    ""total_frames"": 17205,
 ...",2025-05-30 15:09:50+00:00
gmm0820/so100_test5,https://huggingface.co/datasets/gmm0820/so100_test5,https://huggingface.co/spaces/lerobot/visualize_dataset?path=gmm0820/so100_test5,2024-12-12 15:04:22,SO100,50,156,100,45.0,480x640,30.0,75.0,3,"laptop, phone",2,"['laptop', 'phone']",0,53,0,apache-2.0,Apache License 2.0,https://opensource.org/licenses/Apache-2.0,"This dataset was created using LeRobot.

	
		
		Dataset Structure
	

meta/info.json:
{
    ""codebase_version"": ""v2.0"",
    ""robot_type"": ""so100"",
    ""total_episodes"": 50,
    ""total_frames"": 26120,
 ...",2024-12-12 15:09:10+00:00
tobdeu/so100_pushO,https://huggingface.co/datasets/tobdeu/so100_pushO,https://huggingface.co/spaces/lerobot/visualize_dataset?path=tobdeu/so100_pushO,2025-05-23 12:25:18,SO100,50,156,100,45.0,480x640,30.0,75.0,3,"bottom_view, top_view",2,"['bottom_view', 'top_view']",0,258,0,apache-2.0,Apache License 2.0,https://opensource.org/licenses/Apache-2.0,"This dataset was created using LeRobot.

	
		
		Dataset Structure
	

meta/info.json:
{
    ""codebase_version"": ""v2.1"",
    ""robot_type"": ""so100"",
    ""total_episodes"": 50,
    ""total_frames"": 14851,
 ...",2025-05-23 12:25:38+00:00
ganker5/so100_push_20250328,https://huggingface.co/datasets/ganker5/so100_push_20250328,https://huggingface.co/spaces/lerobot/visualize_dataset?path=ganker5/so100_push_20250328,2025-03-28 04:58:35,SO100,50,156,100,45.0,480x640,30.0,75.0,3,"laptop, phone",2,"['laptop', 'phone']",0,116,0,apache-2.0,Apache License 2.0,https://opensource.org/licenses/Apache-2.0,"This dataset was created using LeRobot.

	
		
		Dataset Structure
	

meta/info.json:
{
    ""codebase_version"": ""v2.1"",
    ""robot_type"": ""so100"",
    ""total_episodes"": 2,
    ""total_frames"": 1246,
   ...",2025-03-28 05:34:14+00:00
ganker5/so100_dataline_20250331,https://huggingface.co/datasets/ganker5/so100_dataline_20250331,https://huggingface.co/spaces/lerobot/visualize_dataset?path=ganker5/so100_dataline_20250331,2025-03-31 02:37:43,SO100,50,156,100,45.0,480x640,30.0,75.0,3,"laptop, phone",2,"['laptop', 'phone']",0,74,0,apache-2.0,Apache License 2.0,https://opensource.org/licenses/Apache-2.0,"This dataset was created using LeRobot.

	
		
		Dataset Structure
	

meta/info.json:
{
    ""codebase_version"": ""v2.1"",
    ""robot_type"": ""so100"",
    ""total_episodes"": 10,
    ""total_frames"": 7406,
  ...",2025-03-31 03:07:36+00:00
ganker5/so100_dataline_0328,https://huggingface.co/datasets/ganker5/so100_dataline_0328,https://huggingface.co/spaces/lerobot/visualize_dataset?path=ganker5/so100_dataline_0328,2025-03-28 06:16:41,SO100,50,156,100,45.0,480x640,30.0,75.0,3,"laptop, phone",2,"['laptop', 'phone']",0,70,0,apache-2.0,Apache License 2.0,https://opensource.org/licenses/Apache-2.0,"This dataset was created using LeRobot.

	
		
		Dataset Structure
	

meta/info.json:
{
    ""codebase_version"": ""v2.1"",
    ""robot_type"": ""so100"",
    ""total_episodes"": 2,
    ""total_frames"": 857,
    ...",2025-03-28 06:59:39+00:00
gxy1111/so100_tape,https://huggingface.co/datasets/gxy1111/so100_tape,https://huggingface.co/spaces/lerobot/visualize_dataset?path=gxy1111/so100_tape,2025-06-04 15:03:59,SO100,50,156,100,45.0,480x640,30.0,75.0,3,"eye, wrist",2,"['eye', 'wrist']",0,202,0,apache-2.0,Apache License 2.0,https://opensource.org/licenses/Apache-2.0,"This dataset was created using LeRobot.

	
		
		Dataset Structure
	

meta/info.json:
{
    ""codebase_version"": ""v2.1"",
    ""robot_type"": ""so100"",
    ""total_episodes"": 50,
    ""total_frames"": 12680,
 ...",2025-06-04 15:06:43+00:00
AK51/so100_test5,https://huggingface.co/datasets/AK51/so100_test5,https://huggingface.co/spaces/lerobot/visualize_dataset?path=AK51/so100_test5,2025-03-25 02:40:36,SO100,50,156,100,45.0,480x640,30.0,75.0,3,"laptop, phone",2,"['laptop', 'phone']",0,45,0,apache-2.0,Apache License 2.0,https://opensource.org/licenses/Apache-2.0,"This dataset was created using LeRobot.

	
		
		Dataset Structure
	

meta/info.json:
{
    ""codebase_version"": ""v2.1"",
    ""robot_type"": ""so100"",
    ""total_episodes"": 50,
    ""total_frames"": 12450,
 ...",2025-03-25 02:42:13+00:00
DimiSch/so100_50ep_2,https://huggingface.co/datasets/DimiSch/so100_50ep_2,https://huggingface.co/spaces/lerobot/visualize_dataset?path=DimiSch/so100_50ep_2,2025-01-26 09:23:37,SO100,50,106,50,45.0,480x640,30.0,37.5,3,realsense,1,['realsense'],0,168,0,apache-2.0,Apache License 2.0,https://opensource.org/licenses/Apache-2.0,"This dataset was created using LeRobot.

	
		
		Dataset Structure
	

meta/info.json:
{
    ""codebase_version"": ""v2.0"",
    ""robot_type"": ""so100"",
    ""total_episodes"": 50,
    ""total_frames"": 29800,
 ...",2025-01-26 09:24:22+00:00
igaewa/so100_test_v3,https://huggingface.co/datasets/igaewa/so100_test_v3,https://huggingface.co/spaces/lerobot/visualize_dataset?path=igaewa/so100_test_v3,2025-03-15 04:15:44,SO100,50,106,50,45.0,480x640,30.0,37.5,3,laptop,1,['laptop'],0,58,0,apache-2.0,Apache License 2.0,https://opensource.org/licenses/Apache-2.0,"This dataset was created using LeRobot.

	
		
		Dataset Structure
	

meta/info.json:
{
    ""codebase_version"": ""v2.0"",
    ""robot_type"": ""so100"",
    ""total_episodes"": 50,
    ""total_frames"": 22400,
 ...",2025-03-15 04:16:07+00:00
AK51/so100_test3,https://huggingface.co/datasets/AK51/so100_test3,https://huggingface.co/spaces/lerobot/visualize_dataset?path=AK51/so100_test3,2025-03-23 05:36:45,SO100,50,156,100,45.0,480x640,30.0,75.0,3,"laptop, phone",2,"['laptop', 'phone']",0,62,0,apache-2.0,Apache License 2.0,https://opensource.org/licenses/Apache-2.0,"This dataset was created using LeRobot.

	
		
		Dataset Structure
	

meta/info.json:
{
    ""codebase_version"": ""v2.1"",
    ""robot_type"": ""so100"",
    ""total_episodes"": 50,
    ""total_frames"": 12450,
 ...",2025-03-23 05:38:25+00:00
jccj/so100_block_in_cup,https://huggingface.co/datasets/jccj/so100_block_in_cup,https://huggingface.co/spaces/lerobot/visualize_dataset?path=jccj/so100_block_in_cup,2025-06-04 16:27:55,SO100,50,156,100,45.0,480x640,30.0,75.0,3,"phone, wrist",2,"['phone', 'wrist']",0,279,0,apache-2.0,Apache License 2.0,https://opensource.org/licenses/Apache-2.0,"This dataset was created using LeRobot.

	
		
		Dataset Structure
	

meta/info.json:
{
    ""codebase_version"": ""v2.1"",
    ""robot_type"": ""so100"",
    ""total_episodes"": 50,
    ""total_frames"": 21782,
 ...",2025-06-04 16:29:34+00:00
jbraumann/so100_1902,https://huggingface.co/datasets/jbraumann/so100_1902,https://huggingface.co/spaces/lerobot/visualize_dataset?path=jbraumann/so100_1902,2025-02-19 13:18:30,SO100,50,156,100,45.0,480x640,30.0,75.0,3,"laptop, phone",2,"['laptop', 'phone']",0,59,0,apache-2.0,Apache License 2.0,https://opensource.org/licenses/Apache-2.0,"This dataset was created using LeRobot.

	
		
		Dataset Structure
	

meta/info.json:
{
    ""codebase_version"": ""v2.0"",
    ""robot_type"": ""so100"",
    ""total_episodes"": 50,
    ""total_frames"": 26170,
 ...",2025-02-19 13:21:20+00:00
jackyckhsu98/so100_test52,https://huggingface.co/datasets/jackyckhsu98/so100_test52,https://huggingface.co/spaces/lerobot/visualize_dataset?path=jackyckhsu98/so100_test52,2025-05-26 05:54:19,SO100,50,156,100,45.0,480x640,30.0,75.0,3,"laptop, phone",2,"['laptop', 'phone']",0,170,0,apache-2.0,Apache License 2.0,https://opensource.org/licenses/Apache-2.0,"This dataset was created using LeRobot.

	
		
		Dataset Structure
	

meta/info.json:
{
    ""codebase_version"": ""v2.0"",
    ""robot_type"": ""so100"",
    ""total_episodes"": 50,
    ""total_frames"": 12718,
 ...",2025-05-26 05:56:20+00:00
jackyckhsu98/so100_test43,https://huggingface.co/datasets/jackyckhsu98/so100_test43,https://huggingface.co/spaces/lerobot/visualize_dataset?path=jackyckhsu98/so100_test43,2025-05-16 06:03:07,SO100,50,106,50,45.0,480x640,30.0,37.5,3,laptop,1,['laptop'],0,211,0,apache-2.0,Apache License 2.0,https://opensource.org/licenses/Apache-2.0,"This dataset was created using LeRobot.

	
		
		Dataset Structure
	

meta/info.json:
{
    ""codebase_version"": ""v2.0"",
    ""robot_type"": ""so100"",
    ""total_episodes"": 50,
    ""total_frames"": 12089,
 ...",2025-05-16 06:04:54+00:00
AK51/so100_test4,https://huggingface.co/datasets/AK51/so100_test4,https://huggingface.co/spaces/lerobot/visualize_dataset?path=AK51/so100_test4,2025-03-24 07:01:24,SO100,50,156,100,45.0,480x640,30.0,75.0,3,"laptop, phone",2,"['laptop', 'phone']",0,49,0,apache-2.0,Apache License 2.0,https://opensource.org/licenses/Apache-2.0,"This dataset was created using LeRobot.

	
		
		Dataset Structure
	

meta/info.json:
{
    ""codebase_version"": ""v2.1"",
    ""robot_type"": ""so100"",
    ""total_episodes"": 50,
    ""total_frames"": 12450,
 ...",2025-03-24 07:02:56+00:00
igaewa/so100_test_v2,https://huggingface.co/datasets/igaewa/so100_test_v2,https://huggingface.co/spaces/lerobot/visualize_dataset?path=igaewa/so100_test_v2,2025-03-14 02:03:16,SO100,50,106,50,45.0,480x640,30.0,37.5,3,phone,1,['phone'],0,61,0,apache-2.0,Apache License 2.0,https://opensource.org/licenses/Apache-2.0,"This dataset was created using LeRobot.

	
		
		Dataset Structure
	

meta/info.json:
{
    ""codebase_version"": ""v2.1"",
    ""robot_type"": ""so100"",
    ""total_episodes"": 50,
    ""total_frames"": 22384,
 ...",2025-03-14 02:03:30+00:00
speedyyoshi/so100_grasp_pink_block,https://huggingface.co/datasets/speedyyoshi/so100_grasp_pink_block,https://huggingface.co/spaces/lerobot/visualize_dataset?path=speedyyoshi/so100_grasp_pink_block,2025-02-27 14:48:04,SO100,50,156,100,45.0,480x640,30.0,75.0,3,"laptop, phone",2,"['laptop', 'phone']",0,85,0,apache-2.0,Apache License 2.0,https://opensource.org/licenses/Apache-2.0,"This dataset was created using LeRobot.

	
		
		Dataset Structure
	

meta/info.json:
{
    ""codebase_version"": ""v2.0"",
    ""robot_type"": ""so100"",
    ""total_episodes"": 50,
    ""total_frames"": 43255,
 ...",2025-02-28 18:24:25+00:00
idreesrazak/so100_train_data,https://huggingface.co/datasets/idreesrazak/so100_train_data,https://huggingface.co/spaces/lerobot/visualize_dataset?path=idreesrazak/so100_train_data,2025-06-03 16:43:58,SO100,50,106,50,45.0,480x640,30.0,37.5,3,wrist,1,['wrist'],0,303,2,apache-2.0,Apache License 2.0,https://opensource.org/licenses/Apache-2.0,"This dataset was created using LeRobot.

	
		
		Dataset Structure
	

meta/info.json:
{
    ""codebase_version"": ""v2.1"",
    ""robot_type"": ""so100"",
    ""total_episodes"": 5,
    ""total_frames"": 1942,
   ...",2025-06-03 17:23:27+00:00
hoon-shin/so100_basketball,https://huggingface.co/datasets/hoon-shin/so100_basketball,https://huggingface.co/spaces/lerobot/visualize_dataset?path=hoon-shin/so100_basketball,2025-04-20 00:47:42,SO100,50,156,100,45.0,480x640,30.0,75.0,3,"arm, phone",2,"['arm', 'phone']",0,53,0,apache-2.0,Apache License 2.0,https://opensource.org/licenses/Apache-2.0,"This dataset was created using LeRobot.

	
		
		Dataset Structure
	

meta/info.json:
{
    ""codebase_version"": ""v2.1"",
    ""robot_type"": ""so100"",
    ""total_episodes"": 25,
    ""total_frames"": 18659,
 ...",2025-04-20 01:23:52+00:00
hkphoooey/so100_test,https://huggingface.co/datasets/hkphoooey/so100_test,https://huggingface.co/spaces/lerobot/visualize_dataset?path=hkphoooey/so100_test,2025-03-12 01:29:22,SO100,50,106,50,45.0,480x640,30.0,37.5,3,phone,1,['phone'],0,43,0,apache-2.0,Apache License 2.0,https://opensource.org/licenses/Apache-2.0,"This dataset was created using LeRobot.

	
		
		Dataset Structure
	

meta/info.json:
{
    ""codebase_version"": ""v2.1"",
    ""robot_type"": ""so100"",
    ""total_episodes"": 2,
    ""total_frames"": 1794,
   ...",2025-03-13 00:51:45+00:00
henrique-ferrolho/so100_test,https://huggingface.co/datasets/henrique-ferrolho/so100_test,https://huggingface.co/spaces/lerobot/visualize_dataset?path=henrique-ferrolho/so100_test,2025-05-05 19:59:52,SO100,50,256,200,30.0,480x640,30.0,100.0,3,"camera_overhead, camera_wrist, era_overhead, era_wrist, laptop, overhead, phone, wrist",8,"['camera_overhead', 'camera_wrist', 'era_overhead', 'era_wrist', 'laptop', 'overhead', 'phone', 'wrist']",0,54,0,apache-2.0,Apache License 2.0,https://opensource.org/licenses/Apache-2.0,"This dataset was created using LeRobot.

	
		
		Dataset Structure
	

meta/info.json:
{
    ""codebase_version"": ""v2.1"",
    ""robot_type"": ""so100"",
    ""total_episodes"": 2,
    ""total_frames"": 1795,
   ...",2025-05-06 10:49:10+00:00
smanni/train_so100_stack_upright_purple_object,https://huggingface.co/datasets/smanni/train_so100_stack_upright_purple_object,https://huggingface.co/spaces/lerobot/visualize_dataset?path=smanni/train_so100_stack_upright_purple_object,2025-05-28 13:27:41,SO100,50,106,50,45.0,480x640,30.0,37.5,3,intel_realsense,1,['intel_realsense'],0,298,0,apache-2.0,Apache License 2.0,https://opensource.org/licenses/Apache-2.0,"This dataset was created using LeRobot.

	
		
		Dataset Structure
	

meta/info.json:
{
    ""codebase_version"": ""v2.1"",
    ""robot_type"": ""so100"",
    ""total_episodes"": 50,
    ""total_frames"": 29850,
 ...",2025-05-28 13:27:58+00:00
smanni/train_so100_upright_yellow_box,https://huggingface.co/datasets/smanni/train_so100_upright_yellow_box,https://huggingface.co/spaces/lerobot/visualize_dataset?path=smanni/train_so100_upright_yellow_box,2025-05-27 15:11:09,SO100,50,106,50,45.0,480x640,30.0,37.5,3,intel_realsense,1,['intel_realsense'],0,214,0,apache-2.0,Apache License 2.0,https://opensource.org/licenses/Apache-2.0,"This dataset was created using LeRobot.

	
		
		Dataset Structure
	

meta/info.json:
{
    ""codebase_version"": ""v2.1"",
    ""robot_type"": ""so100"",
    ""total_episodes"": 50,
    ""total_frames"": 29852,
 ...",2025-05-27 15:11:24+00:00
ganker5/so100_color_0328,https://huggingface.co/datasets/ganker5/so100_color_0328,https://huggingface.co/spaces/lerobot/visualize_dataset?path=ganker5/so100_color_0328,2025-03-28 08:48:52,SO100,50,156,100,45.0,480x640,30.0,75.0,3,"laptop, phone",2,"['laptop', 'phone']",0,75,0,apache-2.0,Apache License 2.0,https://opensource.org/licenses/Apache-2.0,"This dataset was created using LeRobot.

	
		
		Dataset Structure
	

meta/info.json:
{
    ""codebase_version"": ""v2.1"",
    ""robot_type"": ""so100"",
    ""total_episodes"": 5,
    ""total_frames"": 2090,
   ...",2025-03-28 09:20:20+00:00
Mwuqiu/so100_point_first_ns,https://huggingface.co/datasets/Mwuqiu/so100_point_first_ns,https://huggingface.co/spaces/lerobot/visualize_dataset?path=Mwuqiu/so100_point_first_ns,2025-04-23 03:53:05,SO100,50,156,100,45.0,480x640,30.0,75.0,3,"laptop, phone",2,"['laptop', 'phone']",0,97,0,apache-2.0,Apache License 2.0,https://opensource.org/licenses/Apache-2.0,"This dataset was created using LeRobot.

	
		
		Dataset Structure
	

meta/info.json:
{
    ""codebase_version"": ""v2.1"",
    ""robot_type"": ""so100"",
    ""total_episodes"": 5,
    ""total_frames"": 1300,
   ...",2025-04-23 04:06:07+00:00
frk2/so100large,https://huggingface.co/datasets/frk2/so100large,https://huggingface.co/spaces/lerobot/visualize_dataset?path=frk2/so100large,2025-03-24 19:33:11,SO100,50,156,100,45.0,480x640,30.0,75.0,3,"top, wrist",2,"['top', 'wrist']",0,63,0,apache-2.0,Apache License 2.0,https://opensource.org/licenses/Apache-2.0,"This dataset was created using LeRobot.

	
		
		Dataset Structure
	

meta/info.json:
{
    ""codebase_version"": ""v2.1"",
    ""robot_type"": ""so100"",
    ""total_episodes"": 50,
    ""total_frames"": 14949,
 ...",2025-03-24 19:33:38+00:00
chrisheninger/so100_move_cucumber,https://huggingface.co/datasets/chrisheninger/so100_move_cucumber,https://huggingface.co/spaces/lerobot/visualize_dataset?path=chrisheninger/so100_move_cucumber,2024-11-16 00:02:10,SO100,50,106,100,45.0,480x640,30.0,75.0,3,"laptop_episode_000000, laptop_episode_000001, laptop_episode_000002, laptop_episode_000003, laptop_episode_000004, laptop_episode_000005, laptop_episode_000006, laptop_episode_000007, laptop_episode_000008, laptop_episode_000009, laptop_episode_000010, laptop_episode_000011, laptop_episode_000012, laptop_episode_000013, laptop_episode_000014, laptop_episode_000015, laptop_episode_000016, laptop_episode_000017, laptop_episode_000018, laptop_episode_000019, laptop_episode_000020, laptop_episode_000021, laptop_episode_000022, laptop_episode_000023, laptop_episode_000024, laptop_episode_000025, laptop_episode_000026, laptop_episode_000027, laptop_episode_000028, laptop_episode_000029, laptop_episode_000030, laptop_episode_000031, laptop_episode_000032, laptop_episode_000033, laptop_episode_000034, laptop_episode_000035, laptop_episode_000036, laptop_episode_000037, laptop_episode_000038, laptop_episode_000039, laptop_episode_000040, laptop_episode_000041, laptop_episode_000042, laptop_episode_000043, laptop_episode_000044, laptop_episode_000045, laptop_episode_000046, laptop_episode_000047, laptop_episode_000048, laptop_episode_000049, phone_episode_000000, phone_episode_000001, phone_episode_000002, phone_episode_000003, phone_episode_000004, phone_episode_000005, phone_episode_000006, phone_episode_000007, phone_episode_000008, phone_episode_000009, phone_episode_000010, phone_episode_000011, phone_episode_000012, phone_episode_000013, phone_episode_000014, phone_episode_000015, phone_episode_000016, phone_episode_000017, phone_episode_000018, phone_episode_000019, phone_episode_000020, phone_episode_000021, phone_episode_000022, phone_episode_000023, phone_episode_000024, phone_episode_000025, phone_episode_000026, phone_episode_000027, phone_episode_000028, phone_episode_000029, phone_episode_000030, phone_episode_000031, phone_episode_000032, phone_episode_000033, phone_episode_000034, phone_episode_000035, phone_episode_000036, phone_episode_000037, phone_episode_000038, phone_episode_000039, phone_episode_000040, phone_episode_000041, phone_episode_000042, phone_episode_000043, phone_episode_000044, phone_episode_000045, phone_episode_000046, phone_episode_000047, phone_episode_000048, phone_episode_000049",100,"['laptop_episode_000000', 'laptop_episode_000001', 'laptop_episode_000002', 'laptop_episode_000003', 'laptop_episode_000004', 'laptop_episode_000005', 'laptop_episode_000006', 'laptop_episode_000007', 'laptop_episode_000008', 'laptop_episode_000009', 'laptop_episode_000010', 'laptop_episode_000011', 'laptop_episode_000012', 'laptop_episode_000013', 'laptop_episode_000014', 'laptop_episode_000015', 'laptop_episode_000016', 'laptop_episode_000017', 'laptop_episode_000018', 'laptop_episode_000019', 'laptop_episode_000020', 'laptop_episode_000021', 'laptop_episode_000022', 'laptop_episode_000023', 'laptop_episode_000024', 'laptop_episode_000025', 'laptop_episode_000026', 'laptop_episode_000027', 'laptop_episode_000028', 'laptop_episode_000029', 'laptop_episode_000030', 'laptop_episode_000031', 'laptop_episode_000032', 'laptop_episode_000033', 'laptop_episode_000034', 'laptop_episode_000035', 'laptop_episode_000036', 'laptop_episode_000037', 'laptop_episode_000038', 'laptop_episode_000039', 'laptop_episode_000040', 'laptop_episode_000041', 'laptop_episode_000042', 'laptop_episode_000043', 'laptop_episode_000044', 'laptop_episode_000045', 'laptop_episode_000046', 'laptop_episode_000047', 'laptop_episode_000048', 'laptop_episode_000049', 'phone_episode_000000', 'phone_episode_000001', 'phone_episode_000002', 'phone_episode_000003', 'phone_episode_000004', 'phone_episode_000005', 'phone_episode_000006', 'phone_episode_000007', 'phone_episode_000008', 'phone_episode_000009', 'phone_episode_000010', 'phone_episode_000011', 'phone_episode_000012', 'phone_episode_000013', 'phone_episode_000014', 'phone_episode_000015', 'phone_episode_000016', 'phone_episode_000017', 'phone_episode_000018', 'phone_episode_000019', 'phone_episode_000020', 'phone_episode_000021', 'phone_episode_000022', 'phone_episode_000023', 'phone_episode_000024', 'phone_episode_000025', 'phone_episode_000026', 'phone_episode_000027', 'phone_episode_000028', 'phone_episode_000029', 'phone_episode_000030', 'phone_episode_000031', 'phone_episode_000032', 'phone_episode_000033', 'phone_episode_000034', 'phone_episode_000035', 'phone_episode_000036', 'phone_episode_000037', 'phone_episode_000038', 'phone_episode_000039', 'phone_episode_000040', 'phone_episode_000041', 'phone_episode_000042', 'phone_episode_000043', 'phone_episode_000044', 'phone_episode_000045', 'phone_episode_000046', 'phone_episode_000047', 'phone_episode_000048', 'phone_episode_000049']",0,48,0,Unknown,Unknown,,"This dataset was created using LeRobot.
...",2024-11-16 00:02:28+00:00
wcode/so100_put_pen_50,https://huggingface.co/datasets/wcode/so100_put_pen_50,https://huggingface.co/spaces/lerobot/visualize_dataset?path=wcode/so100_put_pen_50,2025-03-22 08:49:55,SO100,50,156,100,45.0,480x640,30.0,75.0,3,"hand, top",2,"['hand', 'top']",0,75,0,apache-2.0,Apache License 2.0,https://opensource.org/licenses/Apache-2.0,"This dataset was created using LeRobot.

	
		
		Dataset Structure
	

meta/info.json:
{
    ""codebase_version"": ""v2.1"",
    ""robot_type"": ""so100"",
    ""total_episodes"": 50,
    ""total_frames"": 37449,
 ...",2025-03-22 08:51:57+00:00
zhaoraning/so100_thefirs,https://huggingface.co/datasets/zhaoraning/so100_thefirs,https://huggingface.co/spaces/lerobot/visualize_dataset?path=zhaoraning/so100_thefirs,2025-05-12 14:36:42,SO100,50,106,50,45.0,480x640,30.0,37.5,3,laptop,1,['laptop'],0,97,0,apache-2.0,Apache License 2.0,https://opensource.org/licenses/Apache-2.0,"This dataset was created using LeRobot.

	
		
		Dataset Structure
	

meta/info.json:
{
    ""codebase_version"": ""v2.0"",
    ""robot_type"": ""so100"",
    ""total_episodes"": 50,
    ""total_frames"": 15437,
 ...",2025-05-12 14:38:47+00:00
BobBobbson/so100_test_FIRST_DATA,https://huggingface.co/datasets/BobBobbson/so100_test_FIRST_DATA,https://huggingface.co/spaces/lerobot/visualize_dataset?path=BobBobbson/so100_test_FIRST_DATA,2025-05-29 16:36:59,SO100,50,156,100,45.0,480x640,30.0,75.0,3,"laptop, wrist",2,"['laptop', 'wrist']",0,180,0,apache-2.0,Apache License 2.0,https://opensource.org/licenses/Apache-2.0,"This dataset was created using LeRobot.

	
		
		Dataset Structure
	

meta/info.json:
{
    ""codebase_version"": ""v2.1"",
    ""robot_type"": ""so100"",
    ""total_episodes"": 50,
    ""total_frames"": 31309,
 ...",2025-05-29 16:37:45+00:00
cjlqwe/so100_merge_1_50,https://huggingface.co/datasets/cjlqwe/so100_merge_1_50,https://huggingface.co/spaces/lerobot/visualize_dataset?path=cjlqwe/so100_merge_1_50,2025-05-16 03:50:44,SO100,50,155,100,45.0,480x640,30.0,75.0,3,"laptop, phone",2,"['laptop', 'phone']",0,298,0,Unknown,Unknown,,,2025-05-16 04:02:42+00:00
wonhchoi/so100_test,https://huggingface.co/datasets/wonhchoi/so100_test,https://huggingface.co/spaces/lerobot/visualize_dataset?path=wonhchoi/so100_test,2025-04-09 03:33:42,SO100,50,156,100,45.0,480x640,30.0,75.0,3,"laptop, phone",2,"['laptop', 'phone']",0,43,0,apache-2.0,Apache License 2.0,https://opensource.org/licenses/Apache-2.0,"This dataset was created using LeRobot.

	
		
		Dataset Structure
	

meta/info.json:
{
    ""codebase_version"": ""v2.1"",
    ""robot_type"": ""so100"",
    ""total_episodes"": 5,
    ""total_frames"": 3040,
   ...",2025-04-09 04:09:56+00:00
CatWithIcecream/so100_test_20241216,https://huggingface.co/datasets/CatWithIcecream/so100_test_20241216,https://huggingface.co/spaces/lerobot/visualize_dataset?path=CatWithIcecream/so100_test_20241216,2024-12-16 12:20:04,SO100,50,155,100,45.0,480x640,30.0,75.0,3,"laptop, phone",2,"['laptop', 'phone']",0,37,0,Unknown,Unknown,,,2024-12-16 14:58:24+00:00
chmadran/so100_home_dataset,https://huggingface.co/datasets/chmadran/so100_home_dataset,https://huggingface.co/spaces/lerobot/visualize_dataset?path=chmadran/so100_home_dataset,2025-03-23 17:18:40,SO100,50,206,150,45.0,480x640,30.0,112.5,3,"laptop, logitech, phone",3,"['laptop', 'logitech', 'phone']",0,83,0,apache-2.0,Apache License 2.0,https://opensource.org/licenses/Apache-2.0,"This dataset was created using LeRobot.

	
		
		Dataset Structure
	

meta/info.json:
{
    ""codebase_version"": ""v2.1"",
    ""robot_type"": ""so100"",
    ""total_episodes"": 50,
    ""total_frames"": 17761,
 ...",2025-03-23 17:19:22+00:00
zijian2022/so100_test30,https://huggingface.co/datasets/zijian2022/so100_test30,https://huggingface.co/spaces/lerobot/visualize_dataset?path=zijian2022/so100_test30,2025-02-18 19:57:07,SO100,50,156,100,45.0,480x640,30.0,75.0,3,"laptop, phone",2,"['laptop', 'phone']",0,42,0,apache-2.0,Apache License 2.0,https://opensource.org/licenses/Apache-2.0,"This dataset was created using LeRobot.

	
		
		Dataset Structure
	

meta/info.json:
{
    ""codebase_version"": ""v2.0"",
    ""robot_type"": ""so100"",
    ""total_episodes"": 50,
    ""total_frames"": 14946,
 ...",2025-02-18 19:57:18+00:00
chmadran/so100_dataset08,https://huggingface.co/datasets/chmadran/so100_dataset08,https://huggingface.co/spaces/lerobot/visualize_dataset?path=chmadran/so100_dataset08,2025-01-28 10:48:14,SO100,50,156,100,45.0,480x640,30.0,75.0,3,"laptop, phone",2,"['laptop', 'phone']",0,135,0,apache-2.0,Apache License 2.0,https://opensource.org/licenses/Apache-2.0,"This dataset was created using LeRobot.

	
		
		Dataset Structure
	

meta/info.json:
{
    ""codebase_version"": ""v2.0"",
    ""robot_type"": ""so100"",
    ""total_episodes"": 50,
    ""total_frames"": 18407,
 ...",2025-01-28 10:51:40+00:00
chmadran/so100_dataset04,https://huggingface.co/datasets/chmadran/so100_dataset04,https://huggingface.co/spaces/lerobot/visualize_dataset?path=chmadran/so100_dataset04,2025-01-15 14:29:35,SO100,50,106,50,45.0,480x640,30.0,37.5,3,laptop,1,['laptop'],0,79,0,apache-2.0,Apache License 2.0,https://opensource.org/licenses/Apache-2.0,"This dataset was created using LeRobot.

	
		
		Dataset Structure
	

meta/info.json:
{
    ""codebase_version"": ""v2.0"",
    ""robot_type"": ""so100"",
    ""total_episodes"": 50,
    ""total_frames"": 18751,
 ...",2025-01-15 14:30:48+00:00
Chr1415759774/so100_test,https://huggingface.co/datasets/Chr1415759774/so100_test,https://huggingface.co/spaces/lerobot/visualize_dataset?path=Chr1415759774/so100_test,2025-04-30 09:26:39,SO100,50,155,100,45.0,480x640,30.0,75.0,3,"laptop, phone",2,"['laptop', 'phone']",0,59,0,Unknown,Unknown,,,2025-04-30 09:30:38+00:00
woohyunwoo/so100_test,https://huggingface.co/datasets/woohyunwoo/so100_test,https://huggingface.co/spaces/lerobot/visualize_dataset?path=woohyunwoo/so100_test,2025-04-29 06:16:48,SO100,50,156,100,45.0,480x640,30.0,75.0,3,"main, secondary_0",2,"['main', 'secondary_0']",0,211,0,Unknown,Unknown,,"
	
		
		so100_test
	

This dataset was generated using a phospho starter pack.
This dataset contains a series of episodes recorded with a robot and multiple cameras. It can be directly used to train a...",2025-04-29 06:52:49+00:00
charleyong/so100_y_cube,https://huggingface.co/datasets/charleyong/so100_y_cube,https://huggingface.co/spaces/lerobot/visualize_dataset?path=charleyong/so100_y_cube,2025-05-05 02:08:36,SO100,50,106,50,45.0,480x640,30.0,37.5,3,wrist,1,['wrist'],0,58,0,apache-2.0,Apache License 2.0,https://opensource.org/licenses/Apache-2.0,"This dataset was created using LeRobot.

	
		
		Dataset Structure
	

meta/info.json:
{
    ""codebase_version"": ""v2.1"",
    ""robot_type"": ""so100"",
    ""total_episodes"": 50,
    ""total_frames"": 29735,
 ...",2025-05-05 02:09:24+00:00
DUDU9527/so100_test1,https://huggingface.co/datasets/DUDU9527/so100_test1,https://huggingface.co/spaces/lerobot/visualize_dataset?path=DUDU9527/so100_test1,2024-12-09 03:52:11,SO100,50,156,100,45.0,480x640,30.0,75.0,3,"laptop, phone",2,"['laptop', 'phone']",0,81,0,apache-2.0,Apache License 2.0,https://opensource.org/licenses/Apache-2.0,"This dataset was created using LeRobot.

	
		
		Dataset Structure
	

meta/info.json:
{
    ""codebase_version"": ""v2.0"",
    ""robot_type"": ""so100"",
    ""total_episodes"": 5,
    ""total_frames"": 2003,
   ...",2024-12-09 15:19:07+00:00
danaaubakirova/svla_so100_task4_v3_clean,https://huggingface.co/datasets/danaaubakirova/svla_so100_task4_v3_clean,https://huggingface.co/spaces/lerobot/visualize_dataset?path=danaaubakirova/svla_so100_task4_v3_clean,2025-05-20 15:44:23,SO100,50,156,100,45.0,480x640,30.0,75.0,3,"top, wrist",2,"['top', 'wrist']",0,287,0,apache-2.0,Apache License 2.0,https://opensource.org/licenses/Apache-2.0,"This dataset was created using LeRobot.

	
		
		Dataset Structure
	

meta/info.json:
{
    ""codebase_version"": ""v2.1"",
    ""robot_type"": ""so100"",
    ""total_episodes"": 40,
    ""total_frames"": 16496,
 ...",2025-05-20 15:54:56+00:00
BiancoBeni/so100_test3,https://huggingface.co/datasets/BiancoBeni/so100_test3,https://huggingface.co/spaces/lerobot/visualize_dataset?path=BiancoBeni/so100_test3,2025-03-21 12:29:01,SO100,50,156,100,45.0,480x640,30.0,75.0,3,"laptop, phone",2,"['laptop', 'phone']",0,36,0,apache-2.0,Apache License 2.0,https://opensource.org/licenses/Apache-2.0,"This dataset was created using LeRobot.

	
		
		Dataset Structure
	

meta/info.json:
{
    ""codebase_version"": ""v2.0"",
    ""robot_type"": ""so100"",
    ""total_episodes"": 50,
    ""total_frames"": 28903,
 ...",2025-03-21 12:29:26+00:00
vladfatu/so100_above,https://huggingface.co/datasets/vladfatu/so100_above,https://huggingface.co/spaces/lerobot/visualize_dataset?path=vladfatu/so100_above,2025-01-11 23:25:13,SO100,50,156,100,45.0,480x640,30.0,75.0,3,"laptop, phone",2,"['laptop', 'phone']",0,73,0,apache-2.0,Apache License 2.0,https://opensource.org/licenses/Apache-2.0,"This dataset was created using LeRobot.

	
		
		Dataset Structure
	

meta/info.json:
{
    ""codebase_version"": ""v2.0"",
    ""robot_type"": ""so100"",
    ""total_episodes"": 50,
    ""total_frames"": 29900,
 ...",2025-01-11 23:27:03+00:00
edgarkim/so100_test_edgar_block,https://huggingface.co/datasets/edgarkim/so100_test_edgar_block,https://huggingface.co/spaces/lerobot/visualize_dataset?path=edgarkim/so100_test_edgar_block,2025-06-10 01:00:29,SO100,50,156,100,45.0,480x640,30.0,75.0,3,"laptop, phone",2,"['laptop', 'phone']",0,263,1,apache-2.0,Apache License 2.0,https://opensource.org/licenses/Apache-2.0,"This dataset was created using LeRobot.

	
		
		Dataset Structure
	

meta/info.json:
{
    ""codebase_version"": ""v2.1"",
    ""robot_type"": ""so100"",
    ""total_episodes"": 50,
    ""total_frames"": 44746,
 ...",2025-06-10 01:01:06+00:00
wannrrr/so100_grab_test,https://huggingface.co/datasets/wannrrr/so100_grab_test,https://huggingface.co/spaces/lerobot/visualize_dataset?path=wannrrr/so100_grab_test,2025-04-11 13:26:29,SO100,50,156,100,30.0,480x640,30.0,50.0,3,"1, 2, web_1, web_2, webcam1, webcam2",6,"['1', '2', 'web_1', 'web_2', 'webcam1', 'webcam2']",0,42,0,apache-2.0,Apache License 2.0,https://opensource.org/licenses/Apache-2.0,"This dataset was created using LeRobot.

	
		
		Dataset Structure
	

meta/info.json:
{
    ""codebase_version"": ""v2.1"",
    ""robot_type"": ""so100"",
    ""total_episodes"": 50,
    ""total_frames"": 14396,
 ...",2025-04-11 13:27:22+00:00
vladfatu/so100_office,https://huggingface.co/datasets/vladfatu/so100_office,https://huggingface.co/spaces/lerobot/visualize_dataset?path=vladfatu/so100_office,2025-01-22 07:48:27,SO100,50,156,100,45.0,480x640,30.0,75.0,3,"laptop, phone",2,"['laptop', 'phone']",0,102,0,apache-2.0,Apache License 2.0,https://opensource.org/licenses/Apache-2.0,"This dataset was created using LeRobot.

	
		
		Dataset Structure
	

meta/info.json:
{
    ""codebase_version"": ""v2.0"",
    ""robot_type"": ""so100"",
    ""total_episodes"": 50,
    ""total_frames"": 29880,
 ...",2025-01-22 07:48:55+00:00
doujiangwang/so100_new_test_50_episode,https://huggingface.co/datasets/doujiangwang/so100_new_test_50_episode,https://huggingface.co/spaces/lerobot/visualize_dataset?path=doujiangwang/so100_new_test_50_episode,2025-03-05 14:48:35,SO100,50,156,100,45.0,480x640,30.0,75.0,3,"laptop, phone",2,"['laptop', 'phone']",0,48,0,apache-2.0,Apache License 2.0,https://opensource.org/licenses/Apache-2.0,"This dataset was created using LeRobot.

	
		
		Dataset Structure
	

meta/info.json:
{
    ""codebase_version"": ""v2.0"",
    ""robot_type"": ""so100"",
    ""total_episodes"": 50,
    ""total_frames"": 14950,
 ...",2025-03-05 14:49:53+00:00
BiancoBeni/so100_test,https://huggingface.co/datasets/BiancoBeni/so100_test,https://huggingface.co/spaces/lerobot/visualize_dataset?path=BiancoBeni/so100_test,2025-03-20 14:29:49,SO100,50,178,106,45.0,480x640,30.0,79.5,3,"laptop, observation, phone, robot",4,"['laptop', 'observation', 'phone', 'robot']",0,121,0,apache-2.0,Apache License 2.0,https://opensource.org/licenses/Apache-2.0,"This dataset was created using LeRobot.

	
		
		Dataset Structure
	

meta/info.json:
{
    ""codebase_version"": ""v2.0"",
    ""robot_type"": ""so100"",
    ""total_episodes"": 50,
    ""total_frames"": 21724,
 ...",2025-05-07 15:45:45+00:00
dragon-95/so100_sorting_1,https://huggingface.co/datasets/dragon-95/so100_sorting_1,https://huggingface.co/spaces/lerobot/visualize_dataset?path=dragon-95/so100_sorting_1,2025-01-24 09:12:03,SO100,50,156,100,45.0,480x640,30.0,75.0,3,"laptop, phone",2,"['laptop', 'phone']",0,84,0,apache-2.0,Apache License 2.0,https://opensource.org/licenses/Apache-2.0,"This dataset was created using LeRobot.

	
		
		Dataset Structure
	

meta/info.json:
{
    ""codebase_version"": ""v2.0"",
    ""robot_type"": ""so100"",
    ""total_episodes"": 50,
    ""total_frames"": 56929,
 ...",2025-01-24 09:14:08+00:00
Beegbrain/so100_put_cube_cup,https://huggingface.co/datasets/Beegbrain/so100_put_cube_cup,https://huggingface.co/spaces/lerobot/visualize_dataset?path=Beegbrain/so100_put_cube_cup,2025-02-04 15:23:48,SO100,50,156,100,45.0,480x640,30.0,75.0,3,"realsense_side, realsense_top",2,"['realsense_side', 'realsense_top']",0,337,0,apache-2.0,Apache License 2.0,https://opensource.org/licenses/Apache-2.0,"This dataset was created using LeRobot.

	
		
		Dataset Structure
	

meta/info.json:
{
    ""codebase_version"": ""v2.0"",
    ""robot_type"": ""so100"",
    ""total_episodes"": 50,
    ""total_frames"": 10778,
 ...",2025-02-04 15:24:06+00:00
deepinsand/so100_test2,https://huggingface.co/datasets/deepinsand/so100_test2,https://huggingface.co/spaces/lerobot/visualize_dataset?path=deepinsand/so100_test2,2025-06-04 15:29:00,SO100,50,156,100,45.0,480x640,30.0,75.0,3,"arm, web, webcam",3,"['arm', 'web', 'webcam']",0,384,0,apache-2.0,Apache License 2.0,https://opensource.org/licenses/Apache-2.0,"This dataset was created using LeRobot.

	
		
		Dataset Structure
	

meta/info.json:
{
    ""codebase_version"": ""v2.1"",
    ""robot_type"": ""so100"",
    ""total_episodes"": 50,
    ""total_frames"": 15469,
 ...",2025-06-04 15:29:52+00:00
triton7777/so100_pick_place_tape,https://huggingface.co/datasets/triton7777/so100_pick_place_tape,https://huggingface.co/spaces/lerobot/visualize_dataset?path=triton7777/so100_pick_place_tape,2025-02-11 19:58:35,SO100,50,155,100,45.0,480x640,30.0,75.0,3,"laptop, phone",2,"['laptop', 'phone']",0,27,0,Unknown,Unknown,,,2025-02-11 20:21:08+00:00
easonjcc/so100_test-1,https://huggingface.co/datasets/easonjcc/so100_test-1,https://huggingface.co/spaces/lerobot/visualize_dataset?path=easonjcc/so100_test-1,2025-04-03 13:54:54,SO100,50,156,100,45.0,480x640,30.0,75.0,3,"laptop, phone",2,"['laptop', 'phone']",0,44,0,apache-2.0,Apache License 2.0,https://opensource.org/licenses/Apache-2.0,"This dataset was created using LeRobot.

	
		
		Dataset Structure
	

meta/info.json:
{
    ""codebase_version"": ""v2.1"",
    ""robot_type"": ""so100"",
    ""total_episodes"": 50,
    ""total_frames"": 22197,
 ...",2025-04-03 13:58:32+00:00
zhenxuan/lerobot_so100_pick_paper_box_v0,https://huggingface.co/datasets/zhenxuan/lerobot_so100_pick_paper_box_v0,https://huggingface.co/spaces/lerobot/visualize_dataset?path=zhenxuan/lerobot_so100_pick_paper_box_v0,2024-12-04 13:08:42,SO100,50,106,100,30.0,480x640,30.0,50.0,3,"episode_000000, episode_000001, episode_000002, episode_000003, episode_000004, episode_000005, episode_000006, episode_000007, episode_000008, episode_000009, episode_000010, episode_000011, episode_000012, episode_000013, episode_000014, episode_000015, episode_000016, episode_000017, episode_000018, episode_000019, episode_000020, episode_000021, episode_000022, episode_000023, episode_000024, episode_000025, episode_000026, episode_000027, episode_000028, episode_000029, episode_000030, episode_000031, episode_000032, episode_000033, episode_000034, episode_000035, episode_000036, episode_000037, episode_000038, episode_000039, episode_000040, episode_000041, episode_000042, episode_000043, episode_000044, episode_000045, episode_000046, episode_000047, episode_000048, episode_000049, era_episode_000000, era_episode_000001, era_episode_000002, era_episode_000003, era_episode_000004, era_episode_000005, era_episode_000006, era_episode_000007, era_episode_000008, era_episode_000009, era_episode_000010, era_episode_000011, era_episode_000012, era_episode_000013, era_episode_000014, era_episode_000015, era_episode_000016, era_episode_000017, era_episode_000018, era_episode_000019, era_episode_000020, era_episode_000021, era_episode_000022, era_episode_000023, era_episode_000024, era_episode_000025, era_episode_000026, era_episode_000027, era_episode_000028, era_episode_000029, era_episode_000030, era_episode_000031, era_episode_000032, era_episode_000033, era_episode_000034, era_episode_000035, era_episode_000036, era_episode_000037, era_episode_000038, era_episode_000039, era_episode_000040, era_episode_000041, era_episode_000042, era_episode_000043, era_episode_000044, era_episode_000045, era_episode_000046, era_episode_000047, era_episode_000048, era_episode_000049, front__episode_000000, front__episode_000001, front__episode_000002, front__episode_000003, front__episode_000004, front__episode_000005, front__episode_000006, front__episode_000007, front__episode_000008, front__episode_000009, front__episode_000010, front__episode_000011, front__episode_000012, front__episode_000013, front__episode_000014, front__episode_000015, front__episode_000016, front__episode_000017, front__episode_000018, front__episode_000019, front__episode_000020, front__episode_000021, front__episode_000022, front__episode_000023, front__episode_000024, front__episode_000025, front__episode_000026, front__episode_000027, front__episode_000028, front__episode_000029, front__episode_000030, front__episode_000031, front__episode_000032, front__episode_000033, front__episode_000034, front__episode_000035, front__episode_000036, front__episode_000037, front__episode_000038, front__episode_000039, front__episode_000040, front__episode_000041, front__episode_000042, front__episode_000043, front__episode_000044, front__episode_000045, front__episode_000046, front__episode_000047, front__episode_000048, front__episode_000049, front__era_episode_000000, front__era_episode_000001, front__era_episode_000002, front__era_episode_000003, front__era_episode_000004, front__era_episode_000005, front__era_episode_000006, front__era_episode_000007, front__era_episode_000008, front__era_episode_000009, front__era_episode_000010, front__era_episode_000011, front__era_episode_000012, front__era_episode_000013, front__era_episode_000014, front__era_episode_000015, front__era_episode_000016, front__era_episode_000017, front__era_episode_000018, front__era_episode_000019, front__era_episode_000020, front__era_episode_000021, front__era_episode_000022, front__era_episode_000023, front__era_episode_000024, front__era_episode_000025, front__era_episode_000026, front__era_episode_000027, front__era_episode_000028, front__era_episode_000029, front__era_episode_000030, front__era_episode_000031, front__era_episode_000032, front__era_episode_000033, front__era_episode_000034, front__era_episode_000035, front__era_episode_000036, front__era_episode_000037, front__era_episode_000038, front__era_episode_000039, front__era_episode_000040, front__era_episode_000041, front__era_episode_000042, front__era_episode_000043, front__era_episode_000044, front__era_episode_000045, front__era_episode_000046, front__era_episode_000047, front__era_episode_000048, front__era_episode_000049, front_camera_episode_000000, front_camera_episode_000001, front_camera_episode_000002, front_camera_episode_000003, front_camera_episode_000004, front_camera_episode_000005, front_camera_episode_000006, front_camera_episode_000007, front_camera_episode_000008, front_camera_episode_000009, front_camera_episode_000010, front_camera_episode_000011, front_camera_episode_000012, front_camera_episode_000013, front_camera_episode_000014, front_camera_episode_000015, front_camera_episode_000016, front_camera_episode_000017, front_camera_episode_000018, front_camera_episode_000019, front_camera_episode_000020, front_camera_episode_000021, front_camera_episode_000022, front_camera_episode_000023, front_camera_episode_000024, front_camera_episode_000025, front_camera_episode_000026, front_camera_episode_000027, front_camera_episode_000028, front_camera_episode_000029, front_camera_episode_000030, front_camera_episode_000031, front_camera_episode_000032, front_camera_episode_000033, front_camera_episode_000034, front_camera_episode_000035, front_camera_episode_000036, front_camera_episode_000037, front_camera_episode_000038, front_camera_episode_000039, front_camera_episode_000040, front_camera_episode_000041, front_camera_episode_000042, front_camera_episode_000043, front_camera_episode_000044, front_camera_episode_000045, front_camera_episode_000046, front_camera_episode_000047, front_camera_episode_000048, front_camera_episode_000049, top__episode_000000, top__episode_000001, top__episode_000002, top__episode_000003, top__episode_000004, top__episode_000005, top__episode_000006, top__episode_000007, top__episode_000008, top__episode_000009, top__episode_000010, top__episode_000011, top__episode_000012, top__episode_000013, top__episode_000014, top__episode_000015, top__episode_000016, top__episode_000017, top__episode_000018, top__episode_000019, top__episode_000020, top__episode_000021, top__episode_000022, top__episode_000023, top__episode_000024, top__episode_000025, top__episode_000026, top__episode_000027, top__episode_000028, top__episode_000029, top__episode_000030, top__episode_000031, top__episode_000032, top__episode_000033, top__episode_000034, top__episode_000035, top__episode_000036, top__episode_000037, top__episode_000038, top__episode_000039, top__episode_000040, top__episode_000041, top__episode_000042, top__episode_000043, top__episode_000044, top__episode_000045, top__episode_000046, top__episode_000047, top__episode_000048, top__episode_000049, top__era_episode_000000, top__era_episode_000001, top__era_episode_000002, top__era_episode_000003, top__era_episode_000004, top__era_episode_000005, top__era_episode_000006, top__era_episode_000007, top__era_episode_000008, top__era_episode_000009, top__era_episode_000010, top__era_episode_000011, top__era_episode_000012, top__era_episode_000013, top__era_episode_000014, top__era_episode_000015, top__era_episode_000016, top__era_episode_000017, top__era_episode_000018, top__era_episode_000019, top__era_episode_000020, top__era_episode_000021, top__era_episode_000022, top__era_episode_000023, top__era_episode_000024, top__era_episode_000025, top__era_episode_000026, top__era_episode_000027, top__era_episode_000028, top__era_episode_000029, top__era_episode_000030, top__era_episode_000031, top__era_episode_000032, top__era_episode_000033, top__era_episode_000034, top__era_episode_000035, top__era_episode_000036, top__era_episode_000037, top__era_episode_000038, top__era_episode_000039, top__era_episode_000040, top__era_episode_000041, top__era_episode_000042, top__era_episode_000043, top__era_episode_000044, top__era_episode_000045, top__era_episode_000046, top__era_episode_000047, top__era_episode_000048, top__era_episode_000049, top_camera_episode_000000, top_camera_episode_000001, top_camera_episode_000002, top_camera_episode_000003, top_camera_episode_000004, top_camera_episode_000005, top_camera_episode_000006, top_camera_episode_000007, top_camera_episode_000008, top_camera_episode_000009, top_camera_episode_000010, top_camera_episode_000011, top_camera_episode_000012, top_camera_episode_000013, top_camera_episode_000014, top_camera_episode_000015, top_camera_episode_000016, top_camera_episode_000017, top_camera_episode_000018, top_camera_episode_000019, top_camera_episode_000020, top_camera_episode_000021, top_camera_episode_000022, top_camera_episode_000023, top_camera_episode_000024, top_camera_episode_000025, top_camera_episode_000026, top_camera_episode_000027, top_camera_episode_000028, top_camera_episode_000029, top_camera_episode_000030, top_camera_episode_000031, top_camera_episode_000032, top_camera_episode_000033, top_camera_episode_000034, top_camera_episode_000035, top_camera_episode_000036, top_camera_episode_000037, top_camera_episode_000038, top_camera_episode_000039, top_camera_episode_000040, top_camera_episode_000041, top_camera_episode_000042, top_camera_episode_000043, top_camera_episode_000044, top_camera_episode_000045, top_camera_episode_000046, top_camera_episode_000047, top_camera_episode_000048, top_camera_episode_000049",400,"['episode_000000', 'episode_000001', 'episode_000002', 'episode_000003', 'episode_000004', 'episode_000005', 'episode_000006', 'episode_000007', 'episode_000008', 'episode_000009', 'episode_000010', 'episode_000011', 'episode_000012', 'episode_000013', 'episode_000014', 'episode_000015', 'episode_000016', 'episode_000017', 'episode_000018', 'episode_000019', 'episode_000020', 'episode_000021', 'episode_000022', 'episode_000023', 'episode_000024', 'episode_000025', 'episode_000026', 'episode_000027', 'episode_000028', 'episode_000029', 'episode_000030', 'episode_000031', 'episode_000032', 'episode_000033', 'episode_000034', 'episode_000035', 'episode_000036', 'episode_000037', 'episode_000038', 'episode_000039', 'episode_000040', 'episode_000041', 'episode_000042', 'episode_000043', 'episode_000044', 'episode_000045', 'episode_000046', 'episode_000047', 'episode_000048', 'episode_000049', 'era_episode_000000', 'era_episode_000001', 'era_episode_000002', 'era_episode_000003', 'era_episode_000004', 'era_episode_000005', 'era_episode_000006', 'era_episode_000007', 'era_episode_000008', 'era_episode_000009', 'era_episode_000010', 'era_episode_000011', 'era_episode_000012', 'era_episode_000013', 'era_episode_000014', 'era_episode_000015', 'era_episode_000016', 'era_episode_000017', 'era_episode_000018', 'era_episode_000019', 'era_episode_000020', 'era_episode_000021', 'era_episode_000022', 'era_episode_000023', 'era_episode_000024', 'era_episode_000025', 'era_episode_000026', 'era_episode_000027', 'era_episode_000028', 'era_episode_000029', 'era_episode_000030', 'era_episode_000031', 'era_episode_000032', 'era_episode_000033', 'era_episode_000034', 'era_episode_000035', 'era_episode_000036', 'era_episode_000037', 'era_episode_000038', 'era_episode_000039', 'era_episode_000040', 'era_episode_000041', 'era_episode_000042', 'era_episode_000043', 'era_episode_000044', 'era_episode_000045', 'era_episode_000046', 'era_episode_000047', 'era_episode_000048', 'era_episode_000049', 'front__episode_000000', 'front__episode_000001', 'front__episode_000002', 'front__episode_000003', 'front__episode_000004', 'front__episode_000005', 'front__episode_000006', 'front__episode_000007', 'front__episode_000008', 'front__episode_000009', 'front__episode_000010', 'front__episode_000011', 'front__episode_000012', 'front__episode_000013', 'front__episode_000014', 'front__episode_000015', 'front__episode_000016', 'front__episode_000017', 'front__episode_000018', 'front__episode_000019', 'front__episode_000020', 'front__episode_000021', 'front__episode_000022', 'front__episode_000023', 'front__episode_000024', 'front__episode_000025', 'front__episode_000026', 'front__episode_000027', 'front__episode_000028', 'front__episode_000029', 'front__episode_000030', 'front__episode_000031', 'front__episode_000032', 'front__episode_000033', 'front__episode_000034', 'front__episode_000035', 'front__episode_000036', 'front__episode_000037', 'front__episode_000038', 'front__episode_000039', 'front__episode_000040', 'front__episode_000041', 'front__episode_000042', 'front__episode_000043', 'front__episode_000044', 'front__episode_000045', 'front__episode_000046', 'front__episode_000047', 'front__episode_000048', 'front__episode_000049', 'front__era_episode_000000', 'front__era_episode_000001', 'front__era_episode_000002', 'front__era_episode_000003', 'front__era_episode_000004', 'front__era_episode_000005', 'front__era_episode_000006', 'front__era_episode_000007', 'front__era_episode_000008', 'front__era_episode_000009', 'front__era_episode_000010', 'front__era_episode_000011', 'front__era_episode_000012', 'front__era_episode_000013', 'front__era_episode_000014', 'front__era_episode_000015', 'front__era_episode_000016', 'front__era_episode_000017', 'front__era_episode_000018', 'front__era_episode_000019', 'front__era_episode_000020', 'front__era_episode_000021', 'front__era_episode_000022', 'front__era_episode_000023', 'front__era_episode_000024', 'front__era_episode_000025', 'front__era_episode_000026', 'front__era_episode_000027', 'front__era_episode_000028', 'front__era_episode_000029', 'front__era_episode_000030', 'front__era_episode_000031', 'front__era_episode_000032', 'front__era_episode_000033', 'front__era_episode_000034', 'front__era_episode_000035', 'front__era_episode_000036', 'front__era_episode_000037', 'front__era_episode_000038', 'front__era_episode_000039', 'front__era_episode_000040', 'front__era_episode_000041', 'front__era_episode_000042', 'front__era_episode_000043', 'front__era_episode_000044', 'front__era_episode_000045', 'front__era_episode_000046', 'front__era_episode_000047', 'front__era_episode_000048', 'front__era_episode_000049', 'front_camera_episode_000000', 'front_camera_episode_000001', 'front_camera_episode_000002', 'front_camera_episode_000003', 'front_camera_episode_000004', 'front_camera_episode_000005', 'front_camera_episode_000006', 'front_camera_episode_000007', 'front_camera_episode_000008', 'front_camera_episode_000009', 'front_camera_episode_000010', 'front_camera_episode_000011', 'front_camera_episode_000012', 'front_camera_episode_000013', 'front_camera_episode_000014', 'front_camera_episode_000015', 'front_camera_episode_000016', 'front_camera_episode_000017', 'front_camera_episode_000018', 'front_camera_episode_000019', 'front_camera_episode_000020', 'front_camera_episode_000021', 'front_camera_episode_000022', 'front_camera_episode_000023', 'front_camera_episode_000024', 'front_camera_episode_000025', 'front_camera_episode_000026', 'front_camera_episode_000027', 'front_camera_episode_000028', 'front_camera_episode_000029', 'front_camera_episode_000030', 'front_camera_episode_000031', 'front_camera_episode_000032', 'front_camera_episode_000033', 'front_camera_episode_000034', 'front_camera_episode_000035', 'front_camera_episode_000036', 'front_camera_episode_000037', 'front_camera_episode_000038', 'front_camera_episode_000039', 'front_camera_episode_000040', 'front_camera_episode_000041', 'front_camera_episode_000042', 'front_camera_episode_000043', 'front_camera_episode_000044', 'front_camera_episode_000045', 'front_camera_episode_000046', 'front_camera_episode_000047', 'front_camera_episode_000048', 'front_camera_episode_000049', 'top__episode_000000', 'top__episode_000001', 'top__episode_000002', 'top__episode_000003', 'top__episode_000004', 'top__episode_000005', 'top__episode_000006', 'top__episode_000007', 'top__episode_000008', 'top__episode_000009', 'top__episode_000010', 'top__episode_000011', 'top__episode_000012', 'top__episode_000013', 'top__episode_000014', 'top__episode_000015', 'top__episode_000016', 'top__episode_000017', 'top__episode_000018', 'top__episode_000019', 'top__episode_000020', 'top__episode_000021', 'top__episode_000022', 'top__episode_000023', 'top__episode_000024', 'top__episode_000025', 'top__episode_000026', 'top__episode_000027', 'top__episode_000028', 'top__episode_000029', 'top__episode_000030', 'top__episode_000031', 'top__episode_000032', 'top__episode_000033', 'top__episode_000034', 'top__episode_000035', 'top__episode_000036', 'top__episode_000037', 'top__episode_000038', 'top__episode_000039', 'top__episode_000040', 'top__episode_000041', 'top__episode_000042', 'top__episode_000043', 'top__episode_000044', 'top__episode_000045', 'top__episode_000046', 'top__episode_000047', 'top__episode_000048', 'top__episode_000049', 'top__era_episode_000000', 'top__era_episode_000001', 'top__era_episode_000002', 'top__era_episode_000003', 'top__era_episode_000004', 'top__era_episode_000005', 'top__era_episode_000006', 'top__era_episode_000007', 'top__era_episode_000008', 'top__era_episode_000009', 'top__era_episode_000010', 'top__era_episode_000011', 'top__era_episode_000012', 'top__era_episode_000013', 'top__era_episode_000014', 'top__era_episode_000015', 'top__era_episode_000016', 'top__era_episode_000017', 'top__era_episode_000018', 'top__era_episode_000019', 'top__era_episode_000020', 'top__era_episode_000021', 'top__era_episode_000022', 'top__era_episode_000023', 'top__era_episode_000024', 'top__era_episode_000025', 'top__era_episode_000026', 'top__era_episode_000027', 'top__era_episode_000028', 'top__era_episode_000029', 'top__era_episode_000030', 'top__era_episode_000031', 'top__era_episode_000032', 'top__era_episode_000033', 'top__era_episode_000034', 'top__era_episode_000035', 'top__era_episode_000036', 'top__era_episode_000037', 'top__era_episode_000038', 'top__era_episode_000039', 'top__era_episode_000040', 'top__era_episode_000041', 'top__era_episode_000042', 'top__era_episode_000043', 'top__era_episode_000044', 'top__era_episode_000045', 'top__era_episode_000046', 'top__era_episode_000047', 'top__era_episode_000048', 'top__era_episode_000049', 'top_camera_episode_000000', 'top_camera_episode_000001', 'top_camera_episode_000002', 'top_camera_episode_000003', 'top_camera_episode_000004', 'top_camera_episode_000005', 'top_camera_episode_000006', 'top_camera_episode_000007', 'top_camera_episode_000008', 'top_camera_episode_000009', 'top_camera_episode_000010', 'top_camera_episode_000011', 'top_camera_episode_000012', 'top_camera_episode_000013', 'top_camera_episode_000014', 'top_camera_episode_000015', 'top_camera_episode_000016', 'top_camera_episode_000017', 'top_camera_episode_000018', 'top_camera_episode_000019', 'top_camera_episode_000020', 'top_camera_episode_000021', 'top_camera_episode_000022', 'top_camera_episode_000023', 'top_camera_episode_000024', 'top_camera_episode_000025', 'top_camera_episode_000026', 'top_camera_episode_000027', 'top_camera_episode_000028', 'top_camera_episode_000029', 'top_camera_episode_000030', 'top_camera_episode_000031', 'top_camera_episode_000032', 'top_camera_episode_000033', 'top_camera_episode_000034', 'top_camera_episode_000035', 'top_camera_episode_000036', 'top_camera_episode_000037', 'top_camera_episode_000038', 'top_camera_episode_000039', 'top_camera_episode_000040', 'top_camera_episode_000041', 'top_camera_episode_000042', 'top_camera_episode_000043', 'top_camera_episode_000044', 'top_camera_episode_000045', 'top_camera_episode_000046', 'top_camera_episode_000047', 'top_camera_episode_000048', 'top_camera_episode_000049']",0,37,0,Unknown,Unknown,,"This dataset was created using LeRobot.
...",2024-12-14 13:45:55+00:00
edgarkim/so100_test_edgar_2,https://huggingface.co/datasets/edgarkim/so100_test_edgar_2,https://huggingface.co/spaces/lerobot/visualize_dataset?path=edgarkim/so100_test_edgar_2,2025-06-09 00:59:45,SO100,50,156,100,45.0,480x640,30.0,75.0,3,"laptop, phone",2,"['laptop', 'phone']",0,278,0,apache-2.0,Apache License 2.0,https://opensource.org/licenses/Apache-2.0,"This dataset was created using LeRobot.

	
		
		Dataset Structure
	

meta/info.json:
{
    ""codebase_version"": ""v2.1"",
    ""robot_type"": ""so100"",
    ""total_episodes"": 50,
    ""total_frames"": 29874,
 ...",2025-06-09 01:00:21+00:00
sshh11/so100_orange_50ep_2,https://huggingface.co/datasets/sshh11/so100_orange_50ep_2,https://huggingface.co/spaces/lerobot/visualize_dataset?path=sshh11/so100_orange_50ep_2,2025-03-09 21:12:48,SO100,49,104,49,45.0,480x640,30.0,36.8,3,laptop,1,['laptop'],0,47,0,apache-2.0,Apache License 2.0,https://opensource.org/licenses/Apache-2.0,"This dataset was created using LeRobot.

	
		
		Dataset Structure
	

meta/info.json:
{
    ""codebase_version"": ""v2.1"",
    ""robot_type"": ""so100"",
    ""total_episodes"": 49,
    ""total_frames"": 14625,
 ...",2025-03-09 21:13:10+00:00
mathieutk/so100_gobe,https://huggingface.co/datasets/mathieutk/so100_gobe,https://huggingface.co/spaces/lerobot/visualize_dataset?path=mathieutk/so100_gobe,2025-05-15 14:11:37,SO100,49,153,98,45.0,480x640,30.0,73.5,3,"laptop, phone",2,"['laptop', 'phone']",0,208,0,Unknown,Unknown,,"This dataset was created using LeRobot.

	
		
		Dataset Structure
	

meta/info.json:
{
    ""codebase_version"": ""v2.1"",
    ""robot_type"": ""so100"",
    ""total_episodes"": 49,
    ""total_frames"": 9515,
  ...",2025-05-15 14:28:18+00:00
seonixx/so100_test,https://huggingface.co/datasets/seonixx/so100_test,https://huggingface.co/spaces/lerobot/visualize_dataset?path=seonixx/so100_test,2025-05-30 16:13:40,SO100,49,104,49,30.0,480x640,30.0,24.5,3,"web, webcam",2,"['web', 'webcam']",0,277,0,apache-2.0,Apache License 2.0,https://opensource.org/licenses/Apache-2.0,"This dataset was created using LeRobot.

	
		
		Dataset Structure
	

meta/info.json:
{
    ""codebase_version"": ""v2.1"",
    ""robot_type"": ""so100"",
    ""total_episodes"": 2,
    ""total_frames"": 1792,
   ...",2025-05-31 17:23:01+00:00
love3165303/so100_pick2,https://huggingface.co/datasets/love3165303/so100_pick2,https://huggingface.co/spaces/lerobot/visualize_dataset?path=love3165303/so100_pick2,2025-04-26 02:43:02,SO100,49,153,98,45.0,480x640,30.0,73.5,3,"laptop, phone",2,"['laptop', 'phone']",0,201,0,apache-2.0,Apache License 2.0,https://opensource.org/licenses/Apache-2.0,"This dataset was created using LeRobot.

	
		
		Dataset Structure
	

meta/info.json:
{
    ""codebase_version"": ""v2.1"",
    ""robot_type"": ""so100"",
    ""total_episodes"": 50,
    ""total_frames"": 11613,
 ...",2025-05-23 10:11:47+00:00
jccj/so100_block_in_cup_at_home,https://huggingface.co/datasets/jccj/so100_block_in_cup_at_home,https://huggingface.co/spaces/lerobot/visualize_dataset?path=jccj/so100_block_in_cup_at_home,2025-06-06 09:04:43,SO100,48,150,96,45.0,480x640,30.0,72.0,3,"top, wrist_left",2,"['top', 'wrist_left']",0,201,0,apache-2.0,Apache License 2.0,https://opensource.org/licenses/Apache-2.0,"This dataset was created using LeRobot.

	
		
		Dataset Structure
	

meta/info.json:
{
    ""codebase_version"": ""v2.1"",
    ""robot_type"": ""so100_follower"",
    ""total_episodes"": 48,
    ""total_frames"":...",2025-06-06 09:51:51+00:00
frk2/so100handsoutmore,https://huggingface.co/datasets/frk2/so100handsoutmore,https://huggingface.co/spaces/lerobot/visualize_dataset?path=frk2/so100handsoutmore,2025-06-11 22:18:31,SO100,47,145,92,45.0,480x640,30.0,69.0,3,"top, wrist",2,"['top', 'wrist']",0,165,0,Unknown,Unknown,,"This dataset was created using LeRobot.

	
		
		Dataset Structure
	

meta/info.json:
{
    ""codebase_version"": ""v2.1"",
    ""robot_type"": ""so100"",
    ""total_episodes"": 46,
    ""total_frames"": 9614,
  ...",2025-06-11 22:19:16+00:00
jccj/so100_block_in_cup_at_home_resized,https://huggingface.co/datasets/jccj/so100_block_in_cup_at_home_resized,https://huggingface.co/spaces/lerobot/visualize_dataset?path=jccj/so100_block_in_cup_at_home_resized,2025-06-06 21:42:41,SO100,47,147,94,45.0,480x640,30.0,70.5,3,"top, wrist_left",2,"['top', 'wrist_left']",0,162,0,apache-2.0,Apache License 2.0,https://opensource.org/licenses/Apache-2.0,"This dataset was created using LeRobot.

	
		
		Dataset Structure
	

meta/info.json:
{
    ""codebase_version"": ""v2.1"",
    ""robot_type"": ""so100_follower"",
    ""total_episodes"": 47,
    ""total_frames"":...",2025-06-06 21:44:27+00:00
jccj/so100_block_in_cup_at_home_cropped_resized,https://huggingface.co/datasets/jccj/so100_block_in_cup_at_home_cropped_resized,https://huggingface.co/spaces/lerobot/visualize_dataset?path=jccj/so100_block_in_cup_at_home_cropped_resized,2025-06-06 16:17:16,SO100,47,148,94,45.0,480x640,30.0,70.5,3,"top, wrist_left",2,"['top', 'wrist_left']",0,189,0,apache-2.0,Apache License 2.0,https://opensource.org/licenses/Apache-2.0,"This dataset was created using LeRobot.

	
		
		Dataset Structure
	

meta/info.json:
{
    ""codebase_version"": ""v2.1"",
    ""robot_type"": ""so100_follower"",
    ""total_episodes"": 47,
    ""total_frames"":...",2025-06-06 16:17:44+00:00
sengi/so100_cup,https://huggingface.co/datasets/sengi/so100_cup,https://huggingface.co/spaces/lerobot/visualize_dataset?path=sengi/so100_cup,2025-05-20 01:19:59,SO100,46,144,92,45.0,480x640,30.0,69.0,3,"iphone, so100",2,"['iphone', 'so100']",0,186,0,apache-2.0,Apache License 2.0,https://opensource.org/licenses/Apache-2.0,"This dataset was created using LeRobot.

	
		
		Dataset Structure
	

meta/info.json:
{
    ""codebase_version"": ""v2.1"",
    ""robot_type"": ""so100"",
    ""total_episodes"": 1,
    ""total_frames"": 22,
    ""...",2025-05-20 02:04:17+00:00
liuhuanjim013/eval_act_so100_block,https://huggingface.co/datasets/liuhuanjim013/eval_act_so100_block,https://huggingface.co/spaces/lerobot/visualize_dataset?path=liuhuanjim013/eval_act_so100_block,2025-04-07 01:21:38,SO100,46,144,92,45.0,480x640,30.0,69.0,3,"hand, top",2,"['hand', 'top']",0,32,0,Unknown,Unknown,,"This dataset was created using LeRobot.

	
		
		Dataset Structure
	

meta/info.json:
{
    ""codebase_version"": ""v2.1"",
    ""robot_type"": ""so100"",
    ""total_episodes"": 46,
    ""total_frames"": 29763,
 ...",2025-04-07 01:22:19+00:00
Ityl/so100_recording2,https://huggingface.co/datasets/Ityl/so100_recording2,https://huggingface.co/spaces/lerobot/visualize_dataset?path=Ityl/so100_recording2,2025-01-30 10:44:34,SO100,45,141,90,45.0,480x640,30.0,67.5,3,"realsense_side, realsense_top",2,"['realsense_side', 'realsense_top']",0,121,0,apache-2.0,Apache License 2.0,https://opensource.org/licenses/Apache-2.0,"This dataset was created using LeRobot.

	
		
		Dataset Structure
	

meta/info.json:
{
    ""codebase_version"": ""v2.0"",
    ""robot_type"": ""so100"",
    ""total_episodes"": 45,
    ""total_frames"": 13634,
 ...",2025-01-30 10:44:52+00:00
siqiLi/so100_test15,https://huggingface.co/datasets/siqiLi/so100_test15,https://huggingface.co/spaces/lerobot/visualize_dataset?path=siqiLi/so100_test15,2025-06-04 15:13:50,SO100,45,141,90,45.0,480x640,30.0,67.5,3,"laptop, phone",2,"['laptop', 'phone']",0,226,0,apache-2.0,Apache License 2.0,https://opensource.org/licenses/Apache-2.0,"This dataset was created using LeRobot.

	
		
		Dataset Structure
	

meta/info.json:
{
    ""codebase_version"": ""v2.0"",
    ""robot_type"": ""so100"",
    ""total_episodes"": 45,
    ""total_frames"": 24262,
 ...",2025-06-04 15:27:04+00:00
Ayush-Sharan-1/so100_ticTacToe_v2,https://huggingface.co/datasets/Ayush-Sharan-1/so100_ticTacToe_v2,https://huggingface.co/spaces/lerobot/visualize_dataset?path=Ayush-Sharan-1/so100_ticTacToe_v2,2025-06-14 14:46:05,SO100,45,141,90,45.0,480x640,30.0,67.5,3,"laptop, phone",2,"['laptop', 'phone']",0,0,0,apache-2.0,Apache License 2.0,https://opensource.org/licenses/Apache-2.0,"This dataset was created using LeRobot.

	
		
		Dataset Structure
	

meta/info.json:
{
    ""codebase_version"": ""v2.1"",
    ""robot_type"": ""so100"",
    ""total_episodes"": 5,
    ""total_frames"": 2978,
   ...",2025-06-14 18:30:53+00:00
yunhezhui123/so100_test6,https://huggingface.co/datasets/yunhezhui123/so100_test6,https://huggingface.co/spaces/lerobot/visualize_dataset?path=yunhezhui123/so100_test6,2025-03-14 09:52:21,SO100,45,141,90,45.0,480x640,30.0,67.5,3,"laptop, phone",2,"['laptop', 'phone']",0,53,0,apache-2.0,Apache License 2.0,https://opensource.org/licenses/Apache-2.0,"This dataset was created using LeRobot.

	
		
		Dataset Structure
	

meta/info.json:
{
    ""codebase_version"": ""v2.0"",
    ""robot_type"": ""so100"",
    ""total_episodes"": 45,
    ""total_frames"": 26818,
 ...",2025-03-14 09:53:31+00:00
mtitg/so100_selected_cap,https://huggingface.co/datasets/mtitg/so100_selected_cap,https://huggingface.co/spaces/lerobot/visualize_dataset?path=mtitg/so100_selected_cap,2025-05-07 07:29:55,SO100,45,141,90,45.0,480x640,30.0,67.5,3,"laptop, phone",2,"['laptop', 'phone']",0,35,0,apache-2.0,Apache License 2.0,https://opensource.org/licenses/Apache-2.0,"This dataset was created using LeRobot.

	
		
		Dataset Structure
	

meta/info.json:
{
    ""codebase_version"": ""v2.1"",
    ""robot_type"": ""so100"",
    ""total_episodes"": 45,
    ""total_frames"": 40243,
 ...",2025-05-07 07:30:37+00:00
m1b/so100_bluelego,https://huggingface.co/datasets/m1b/so100_bluelego,https://huggingface.co/spaces/lerobot/visualize_dataset?path=m1b/so100_bluelego,2025-04-12 11:14:15,SO100,44,138,88,45.0,480x640,30.0,66.0,3,"phone, side",2,"['phone', 'side']",0,79,0,apache-2.0,Apache License 2.0,https://opensource.org/licenses/Apache-2.0,"This dataset was created using LeRobot.

	
		
		Dataset Structure
	

meta/info.json:
{
    ""codebase_version"": ""v2.1"",
    ""robot_type"": ""so100"",
    ""total_episodes"": 44,
    ""total_frames"": 14900,
 ...",2025-04-12 12:34:06+00:00
QiGuaiOu/so100_test_v2,https://huggingface.co/datasets/QiGuaiOu/so100_test_v2,https://huggingface.co/spaces/lerobot/visualize_dataset?path=QiGuaiOu/so100_test_v2,2025-03-16 15:51:33,SO100,44,182,132,45.0,480x640,30.0,99.0,3,"laptop, phone, top",3,"['laptop', 'phone', 'top']",0,180,0,apache-2.0,Apache License 2.0,https://opensource.org/licenses/Apache-2.0,"This dataset was created using LeRobot.

	
		
		Dataset Structure
	

meta/info.json:
{
    ""codebase_version"": ""v2.1"",
    ""robot_type"": ""so100"",
    ""total_episodes"": 26,
    ""total_frames"": 11418,
 ...",2025-03-17 14:31:21+00:00
cyoung96/so100_test,https://huggingface.co/datasets/cyoung96/so100_test,https://huggingface.co/spaces/lerobot/visualize_dataset?path=cyoung96/so100_test,2025-04-20 22:33:11,SO100,44,142,92,30.0,480x640,30.0,46.0,3,"arm_, arm__era, arm_camera, era, laptop, phone",6,"['arm_', 'arm__era', 'arm_camera', 'era', 'laptop', 'phone']",0,53,0,apache-2.0,Apache License 2.0,https://opensource.org/licenses/Apache-2.0,"This dataset was created using LeRobot.

	
		
		Dataset Structure
	

meta/info.json:
{
    ""codebase_version"": ""v2.1"",
    ""robot_type"": ""so100"",
    ""total_episodes"": 2,
    ""total_frames"": 1791,
   ...",2025-04-27 22:38:43+00:00
liyitenga/so100_pick_taffy7,https://huggingface.co/datasets/liyitenga/so100_pick_taffy7,https://huggingface.co/spaces/lerobot/visualize_dataset?path=liyitenga/so100_pick_taffy7,2025-01-20 09:37:30,SO100,44,182,132,45.0,480x640,30.0,99.0,3,"gripper, left_top, top",3,"['gripper', 'left_top', 'top']",0,244,0,apache-2.0,Apache License 2.0,https://opensource.org/licenses/Apache-2.0,"This dataset was created using LeRobot.

	
		
		Dataset Structure
	

meta/info.json:
{
    ""codebase_version"": ""v2.0"",
    ""robot_type"": ""so100"",
    ""total_episodes"": 44,
    ""total_frames"": 26890,
 ...",2025-01-21 16:04:30+00:00
pranavsaroha/so100_medicine_0611,https://huggingface.co/datasets/pranavsaroha/so100_medicine_0611,https://huggingface.co/spaces/lerobot/visualize_dataset?path=pranavsaroha/so100_medicine_0611,2025-06-12 06:58:28,SO100,43,181,129,45.0,480x640,30.0,96.8,3,"era, left_wrist, overhead, side_, side__era, side_camera",6,"['era', 'left_wrist', 'overhead', 'side_', 'side__era', 'side_camera']",0,112,0,apache-2.0,Apache License 2.0,https://opensource.org/licenses/Apache-2.0,"This dataset was created using LeRobot.

	
		
		Dataset Structure
	

meta/info.json:
{
    ""codebase_version"": ""v2.1"",
    ""robot_type"": ""so100_follower"",
    ""total_episodes"": 43,
    ""total_frames"":...",2025-06-12 07:19:41+00:00
anthonyav/so100-lego,https://huggingface.co/datasets/anthonyav/so100-lego,https://huggingface.co/spaces/lerobot/visualize_dataset?path=anthonyav/so100-lego,2025-04-12 10:22:05,SO100,43,92,43,45.0,480x640,30.0,32.2,3,main,1,['main'],0,52,0,Unknown,Unknown,,"
	
		
		so100-lego
	

This dataset was generated using a phospho starter pack.
This dataset contains a series of episodes recorded with a robot and multiple cameras. It can be directly used to train a...",2025-04-12 22:47:43+00:00
woohyunwoo/so100_2arms_test,https://huggingface.co/datasets/woohyunwoo/so100_2arms_test,https://huggingface.co/spaces/lerobot/visualize_dataset?path=woohyunwoo/so100_2arms_test,2025-05-07 02:04:24,SO100,42,174,126,30.0,480x640,30.0,63.0,3,"era, left, left_era, leftcamera, overview, overview_era, overviewcamera, right, right_era, rightcamera",10,"['era', 'left', 'left_era', 'leftcamera', 'overview', 'overview_era', 'overviewcamera', 'right', 'right_era', 'rightcamera']",0,60,0,apache-2.0,Apache License 2.0,https://opensource.org/licenses/Apache-2.0,"This dataset was created using LeRobot.

	
		
		Dataset Structure
	

meta/info.json:
{
    ""codebase_version"": ""v2.1"",
    ""robot_type"": ""so100"",
    ""total_episodes"": 2,
    ""total_frames"": 1780,
   ...",2025-05-09 08:08:04+00:00
anthonyav/so100-lego-v3,https://huggingface.co/datasets/anthonyav/so100-lego-v3,https://huggingface.co/spaces/lerobot/visualize_dataset?path=anthonyav/so100-lego-v3,2025-05-03 14:11:37,SO100,41,129,82,45.0,480x640,30.0,61.5,3,"main, secondary_0",2,"['main', 'secondary_0']",0,325,1,Unknown,Unknown,,"
	
		
		so100-lego-v3
	

This dataset was generated using a phospho starter pack.
This dataset contains a series of episodes recorded with a robot and multiple cameras. It can be directly used to trai...",2025-05-03 14:44:22+00:00
mtitg/so100_grasp_cup,https://huggingface.co/datasets/mtitg/so100_grasp_cup,https://huggingface.co/spaces/lerobot/visualize_dataset?path=mtitg/so100_grasp_cup,2025-05-16 01:39:46,SO100,41,129,82,45.0,480x640,30.0,61.5,3,"laptop, phone",2,"['laptop', 'phone']",0,198,0,apache-2.0,Apache License 2.0,https://opensource.org/licenses/Apache-2.0,"This dataset was created using LeRobot.

	
		
		Dataset Structure
	

meta/info.json:
{
    ""codebase_version"": ""v2.1"",
    ""robot_type"": ""so100"",
    ""total_episodes"": 41,
    ""total_frames"": 28546,
 ...",2025-05-16 01:49:05+00:00
anthonyav/so100-lego-v2,https://huggingface.co/datasets/anthonyav/so100-lego-v2,https://huggingface.co/spaces/lerobot/visualize_dataset?path=anthonyav/so100-lego-v2,2025-04-27 10:25:55,SO100,41,129,82,45.0,480x640,30.0,61.5,3,"main, secondary_0",2,"['main', 'secondary_0']",0,280,0,Unknown,Unknown,,"
	
		
		so100-lego-v2
	

This dataset was generated using a phospho starter pack.
This dataset contains a series of episodes recorded with a robot and multiple cameras. It can be directly used to trai...",2025-05-03 14:08:02+00:00
SGQA/so100_test,https://huggingface.co/datasets/SGQA/so100_test,https://huggingface.co/spaces/lerobot/visualize_dataset?path=SGQA/so100_test,2025-05-17 11:26:46,SO100,41,129,82,45.0,480x640,30.0,61.5,3,"laptop, phone",2,"['laptop', 'phone']",0,407,0,apache-2.0,Apache License 2.0,https://opensource.org/licenses/Apache-2.0,"This dataset was created using LeRobot.

	
		
		Dataset Structure
	

meta/info.json:
{
    ""codebase_version"": ""v2.1"",
    ""robot_type"": ""so100"",
    ""total_episodes"": 1,
    ""total_frames"": 1297,
   ...",2025-05-17 12:46:23+00:00
masato-ka/so100_conditonal_dataset_sample,https://huggingface.co/datasets/masato-ka/so100_conditonal_dataset_sample,https://huggingface.co/spaces/lerobot/visualize_dataset?path=masato-ka/so100_conditonal_dataset_sample,2025-05-04 23:36:31,SO100,41,88,41,45.0,480x640,30.0,30.8,3,laptop,1,['laptop'],0,35,0,apache-2.0,Apache License 2.0,https://opensource.org/licenses/Apache-2.0,"This dataset was created using LeRobot.

	
		
		Dataset Structure
	

meta/info.json:
{
    ""codebase_version"": ""v2.1"",
    ""robot_type"": ""so100"",
    ""total_episodes"": 2,
    ""total_frames"": 900,
    ...",2025-05-05 00:04:47+00:00
m1b/so100_bluelego_updt,https://huggingface.co/datasets/m1b/so100_bluelego_updt,https://huggingface.co/spaces/lerobot/visualize_dataset?path=m1b/so100_bluelego_updt,2025-04-12 11:46:44,SO100,41,129,82,45.0,480x640,30.0,61.5,3,"phone, side",2,"['phone', 'side']",0,79,0,apache-2.0,Apache License 2.0,https://opensource.org/licenses/Apache-2.0,"This dataset was created using LeRobot.

	
		
		Dataset Structure
	

meta/info.json:
{
    ""codebase_version"": ""v2.1"",
    ""robot_type"": ""so100"",
    ""total_episodes"": 41,
    ""total_frames"": 9840,
  ...",2025-04-12 12:36:28+00:00
sergiov2000/so100_lego_and_ball_40_lego,https://huggingface.co/datasets/sergiov2000/so100_lego_and_ball_40_lego,https://huggingface.co/spaces/lerobot/visualize_dataset?path=sergiov2000/so100_lego_and_ball_40_lego,2025-06-12 15:04:54,SO100,40,126,80,45.0,480x640,30.0,60.0,3,"above, side",2,"['above', 'side']",0,183,0,apache-2.0,Apache License 2.0,https://opensource.org/licenses/Apache-2.0,"This dataset was created using LeRobot.

	
		
		Dataset Structure
	

meta/info.json:
{
    ""codebase_version"": ""v2.1"",
    ""robot_type"": ""so100"",
    ""total_episodes"": 40,
    ""total_frames"": 35790,
 ...",2025-06-12 15:09:13+00:00
sergiov2000/so100_lego_and_ball_40_ball,https://huggingface.co/datasets/sergiov2000/so100_lego_and_ball_40_ball,https://huggingface.co/spaces/lerobot/visualize_dataset?path=sergiov2000/so100_lego_and_ball_40_ball,2025-06-13 14:15:45,SO100,40,126,80,45.0,480x640,30.0,60.0,3,"above, side",2,"['above', 'side']",0,109,0,apache-2.0,Apache License 2.0,https://opensource.org/licenses/Apache-2.0,"This dataset was created using LeRobot.

	
		
		Dataset Structure
	

meta/info.json:
{
    ""codebase_version"": ""v2.1"",
    ""robot_type"": ""so100"",
    ""total_episodes"": 40,
    ""total_frames"": 35880,
 ...",2025-06-13 14:20:34+00:00
liyitenga/so100_pick_taffy6,https://huggingface.co/datasets/liyitenga/so100_pick_taffy6,https://huggingface.co/spaces/lerobot/visualize_dataset?path=liyitenga/so100_pick_taffy6,2025-01-19 11:20:59,SO100,40,126,80,45.0,480x640,30.0,60.0,3,"gripper, top",2,"['gripper', 'top']",0,86,0,apache-2.0,Apache License 2.0,https://opensource.org/licenses/Apache-2.0,"This dataset was created using LeRobot.

	
		
		Dataset Structure
	

meta/info.json:
{
    ""codebase_version"": ""v2.0"",
    ""robot_type"": ""so100"",
    ""total_episodes"": 40,
    ""total_frames"": 18013,
 ...",2025-01-19 16:14:00+00:00
pranavsaroha/so100_carrot_3,https://huggingface.co/datasets/pranavsaroha/so100_carrot_3,https://huggingface.co/spaces/lerobot/visualize_dataset?path=pranavsaroha/so100_carrot_3,2024-12-28 21:46:23,SO100,40,126,80,45.0,480x640,30.0,60.0,3,"laptop, phone",2,"['laptop', 'phone']",0,94,0,apache-2.0,Apache License 2.0,https://opensource.org/licenses/Apache-2.0,"This dataset was created using LeRobot.

	
		
		Dataset Structure
	

meta/info.json:
{
    ""codebase_version"": ""v2.0"",
    ""robot_type"": ""so100"",
    ""total_episodes"": 40,
    ""total_frames"": 15392,
 ...",2024-12-28 21:51:25+00:00
BENVBAI/so100_eraser2bowl_gd2,https://huggingface.co/datasets/BENVBAI/so100_eraser2bowl_gd2,https://huggingface.co/spaces/lerobot/visualize_dataset?path=BENVBAI/so100_eraser2bowl_gd2,2025-05-19 08:29:42,SO100,40,86,40,45.0,480x640,30.0,30.0,3,laptop,1,['laptop'],0,218,0,apache-2.0,Apache License 2.0,https://opensource.org/licenses/Apache-2.0,"This dataset was created using LeRobot.

	
		
		Dataset Structure
	

meta/info.json:
{
    ""codebase_version"": ""v2.1"",
    ""robot_type"": ""so100"",
    ""total_episodes"": 40,
    ""total_frames"": 35080,
 ...",2025-05-19 08:35:28+00:00
danielkr452/so100_red_black_01,https://huggingface.co/datasets/danielkr452/so100_red_black_01,https://huggingface.co/spaces/lerobot/visualize_dataset?path=danielkr452/so100_red_black_01,2025-02-28 01:43:20,SO100,40,126,80,45.0,480x640,30.0,60.0,3,"laptop, phone",2,"['laptop', 'phone']",0,40,0,apache-2.0,Apache License 2.0,https://opensource.org/licenses/Apache-2.0,"This dataset was created using LeRobot.

	
		
		Dataset Structure
	

meta/info.json:
{
    ""codebase_version"": ""v2.1"",
    ""robot_type"": ""so100"",
    ""total_episodes"": 40,
    ""total_frames"": 15023,
 ...",2025-02-28 01:43:33+00:00
douzi999/so100_test_25,https://huggingface.co/datasets/douzi999/so100_test_25,https://huggingface.co/spaces/lerobot/visualize_dataset?path=douzi999/so100_test_25,2025-04-03 06:44:29,SO100,40,166,120,45.0,480x640,30.0,90.0,3,"laptop, phone, top",3,"['laptop', 'phone', 'top']",0,38,0,apache-2.0,Apache License 2.0,https://opensource.org/licenses/Apache-2.0,"This dataset was created using LeRobot.

	
		
		Dataset Structure
	

meta/info.json:
{
    ""codebase_version"": ""v2.1"",
    ""robot_type"": ""so100"",
    ""total_episodes"": 40,
    ""total_frames"": 19701,
 ...",2025-04-03 06:45:51+00:00
dulics/so100_strawberry_bear,https://huggingface.co/datasets/dulics/so100_strawberry_bear,https://huggingface.co/spaces/lerobot/visualize_dataset?path=dulics/so100_strawberry_bear,2025-06-02 18:07:36,SO100,40,126,80,45.0,480x640,30.0,60.0,3,"laptop, phone",2,"['laptop', 'phone']",0,335,0,apache-2.0,Apache License 2.0,https://opensource.org/licenses/Apache-2.0,"This dataset was created using LeRobot.

	
		
		Dataset Structure
	

meta/info.json:
{
    ""codebase_version"": ""v2.1"",
    ""robot_type"": ""so100"",
    ""total_episodes"": 40,
    ""total_frames"": 23885,
 ...",2025-06-02 18:10:10+00:00
fljjoin/so100_testcubo20,https://huggingface.co/datasets/fljjoin/so100_testcubo20,https://huggingface.co/spaces/lerobot/visualize_dataset?path=fljjoin/so100_testcubo20,2025-02-03 17:35:26,SO100,40,126,80,45.0,480x640,30.0,60.0,3,"laptop, phone",2,"['laptop', 'phone']",0,52,0,apache-2.0,Apache License 2.0,https://opensource.org/licenses/Apache-2.0,"This dataset was created using LeRobot.

	
		
		Dataset Structure
	

meta/info.json:
{
    ""codebase_version"": ""v2.0"",
    ""robot_type"": ""so100"",
    ""total_episodes"": 40,
    ""total_frames"": 118828,
...",2025-02-05 19:13:28+00:00
Ayush-Sharan-1/so100_test_laptop,https://huggingface.co/datasets/Ayush-Sharan-1/so100_test_laptop,https://huggingface.co/spaces/lerobot/visualize_dataset?path=Ayush-Sharan-1/so100_test_laptop,2025-05-01 11:24:07,SO100,40,85,40,45.0,480x640,30.0,30.0,3,laptop,1,['laptop'],0,62,0,Unknown,Unknown,,,2025-05-02 08:17:38+00:00
Ayush-Sharan-1/so100_test,https://huggingface.co/datasets/Ayush-Sharan-1/so100_test,https://huggingface.co/spaces/lerobot/visualize_dataset?path=Ayush-Sharan-1/so100_test,2025-04-25 13:18:58,SO100,40,126,80,45.0,480x640,30.0,60.0,3,"laptop, phone",2,"['laptop', 'phone']",0,114,0,apache-2.0,Apache License 2.0,https://opensource.org/licenses/Apache-2.0,"This dataset was created using LeRobot.

	
		
		Dataset Structure
	

meta/info.json:
{
    ""codebase_version"": ""v2.1"",
    ""robot_type"": ""so100"",
    ""total_episodes"": 2,
    ""total_frames"": 1785,
   ...",2025-04-28 09:55:13+00:00
zijian2022/so100_test_1222,https://huggingface.co/datasets/zijian2022/so100_test_1222,https://huggingface.co/spaces/lerobot/visualize_dataset?path=zijian2022/so100_test_1222,2024-12-23 00:01:54,SO100,40,126,80,45.0,480x640,30.0,60.0,3,"laptop, phone",2,"['laptop', 'phone']",0,85,0,apache-2.0,Apache License 2.0,https://opensource.org/licenses/Apache-2.0,"This dataset was created using LeRobot.

	
		
		Dataset Structure
	

meta/info.json:
{
    ""codebase_version"": ""v2.0"",
    ""robot_type"": ""so100"",
    ""total_episodes"": 40,
    ""total_frames"": 6327,
  ...",2024-12-23 00:02:19+00:00
sudosimi/so100_test,https://huggingface.co/datasets/sudosimi/so100_test,https://huggingface.co/spaces/lerobot/visualize_dataset?path=sudosimi/so100_test,2024-11-10 22:10:18,SO100,40,86,80,45.0,480x640,30.0,60.0,3,"main_episode_000000, main_episode_000001, main_episode_000002, main_episode_000003, main_episode_000004, main_episode_000005, main_episode_000006, main_episode_000007, main_episode_000008, main_episode_000009, main_episode_000010, main_episode_000011, main_episode_000012, main_episode_000013, main_episode_000014, main_episode_000015, main_episode_000016, main_episode_000017, main_episode_000018, main_episode_000019, main_episode_000020, main_episode_000021, main_episode_000022, main_episode_000023, main_episode_000024, main_episode_000025, main_episode_000026, main_episode_000027, main_episode_000028, main_episode_000029, main_episode_000030, main_episode_000031, main_episode_000032, main_episode_000033, main_episode_000034, main_episode_000035, main_episode_000036, main_episode_000037, main_episode_000038, main_episode_000039, opposite_episode_000000, opposite_episode_000001, opposite_episode_000002, opposite_episode_000003, opposite_episode_000004, opposite_episode_000005, opposite_episode_000006, opposite_episode_000007, opposite_episode_000008, opposite_episode_000009, opposite_episode_000010, opposite_episode_000011, opposite_episode_000012, opposite_episode_000013, opposite_episode_000014, opposite_episode_000015, opposite_episode_000016, opposite_episode_000017, opposite_episode_000018, opposite_episode_000019, opposite_episode_000020, opposite_episode_000021, opposite_episode_000022, opposite_episode_000023, opposite_episode_000024, opposite_episode_000025, opposite_episode_000026, opposite_episode_000027, opposite_episode_000028, opposite_episode_000029, opposite_episode_000030, opposite_episode_000031, opposite_episode_000032, opposite_episode_000033, opposite_episode_000034, opposite_episode_000035, opposite_episode_000036, opposite_episode_000037, opposite_episode_000038, opposite_episode_000039",80,"['main_episode_000000', 'main_episode_000001', 'main_episode_000002', 'main_episode_000003', 'main_episode_000004', 'main_episode_000005', 'main_episode_000006', 'main_episode_000007', 'main_episode_000008', 'main_episode_000009', 'main_episode_000010', 'main_episode_000011', 'main_episode_000012', 'main_episode_000013', 'main_episode_000014', 'main_episode_000015', 'main_episode_000016', 'main_episode_000017', 'main_episode_000018', 'main_episode_000019', 'main_episode_000020', 'main_episode_000021', 'main_episode_000022', 'main_episode_000023', 'main_episode_000024', 'main_episode_000025', 'main_episode_000026', 'main_episode_000027', 'main_episode_000028', 'main_episode_000029', 'main_episode_000030', 'main_episode_000031', 'main_episode_000032', 'main_episode_000033', 'main_episode_000034', 'main_episode_000035', 'main_episode_000036', 'main_episode_000037', 'main_episode_000038', 'main_episode_000039', 'opposite_episode_000000', 'opposite_episode_000001', 'opposite_episode_000002', 'opposite_episode_000003', 'opposite_episode_000004', 'opposite_episode_000005', 'opposite_episode_000006', 'opposite_episode_000007', 'opposite_episode_000008', 'opposite_episode_000009', 'opposite_episode_000010', 'opposite_episode_000011', 'opposite_episode_000012', 'opposite_episode_000013', 'opposite_episode_000014', 'opposite_episode_000015', 'opposite_episode_000016', 'opposite_episode_000017', 'opposite_episode_000018', 'opposite_episode_000019', 'opposite_episode_000020', 'opposite_episode_000021', 'opposite_episode_000022', 'opposite_episode_000023', 'opposite_episode_000024', 'opposite_episode_000025', 'opposite_episode_000026', 'opposite_episode_000027', 'opposite_episode_000028', 'opposite_episode_000029', 'opposite_episode_000030', 'opposite_episode_000031', 'opposite_episode_000032', 'opposite_episode_000033', 'opposite_episode_000034', 'opposite_episode_000035', 'opposite_episode_000036', 'opposite_episode_000037', 'opposite_episode_000038', 'opposite_episode_000039']",0,37,0,Unknown,Unknown,,"This dataset was created using LeRobot.
...",2024-11-11 12:43:50+00:00
joonsu0109/so100_pickup_green_lego,https://huggingface.co/datasets/joonsu0109/so100_pickup_green_lego,https://huggingface.co/spaces/lerobot/visualize_dataset?path=joonsu0109/so100_pickup_green_lego,2025-05-19 07:13:42,SO100,40,126,80,45.0,480x640,30.0,60.0,3,"laptop, phone",2,"['laptop', 'phone']",0,204,0,apache-2.0,Apache License 2.0,https://opensource.org/licenses/Apache-2.0,"This dataset was created using LeRobot.

	
		
		Dataset Structure
	

meta/info.json:
{
    ""codebase_version"": ""v2.1"",
    ""robot_type"": ""so100"",
    ""total_episodes"": 2,
    ""total_frames"": 896,
    ...",2025-05-19 07:38:24+00:00
jackyckhsu98/so100_test39,https://huggingface.co/datasets/jackyckhsu98/so100_test39,https://huggingface.co/spaces/lerobot/visualize_dataset?path=jackyckhsu98/so100_test39,2025-05-16 02:52:31,SO100,40,86,40,45.0,480x640,30.0,30.0,3,laptop,1,['laptop'],0,172,0,apache-2.0,Apache License 2.0,https://opensource.org/licenses/Apache-2.0,"This dataset was created using LeRobot.

	
		
		Dataset Structure
	

meta/info.json:
{
    ""codebase_version"": ""v2.0"",
    ""robot_type"": ""so100"",
    ""total_episodes"": 40,
    ""total_frames"": 12029,
 ...",2025-05-16 02:53:17+00:00
1909398036ljy/so100_test5,https://huggingface.co/datasets/1909398036ljy/so100_test5,https://huggingface.co/spaces/lerobot/visualize_dataset?path=1909398036ljy/so100_test5,2025-04-26 08:14:19,SO100,40,126,80,45.0,480x640,30.0,60.0,3,"laptop, phone",2,"['laptop', 'phone']",0,86,0,apache-2.0,Apache License 2.0,https://opensource.org/licenses/Apache-2.0,"This dataset was created using LeRobot.

	
		
		Dataset Structure
	

meta/info.json:
{
    ""codebase_version"": ""v2.1"",
    ""robot_type"": ""so100"",
    ""total_episodes"": 40,
    ""total_frames"": 16579,
 ...",2025-04-26 08:17:42+00:00
1909398036ljy/so100_test1,https://huggingface.co/datasets/1909398036ljy/so100_test1,https://huggingface.co/spaces/lerobot/visualize_dataset?path=1909398036ljy/so100_test1,2025-04-23 11:38:48,SO100,40,126,80,45.0,480x640,30.0,60.0,3,"laptop, phone",2,"['laptop', 'phone']",0,330,0,apache-2.0,Apache License 2.0,https://opensource.org/licenses/Apache-2.0,"This dataset was created using LeRobot.

	
		
		Dataset Structure
	

meta/info.json:
{
    ""codebase_version"": ""v2.1"",
    ""robot_type"": ""so100"",
    ""total_episodes"": 2,
    ""total_frames"": 1189,
   ...",2025-05-25 07:31:57+00:00
1909398036ljy/so100_test,https://huggingface.co/datasets/1909398036ljy/so100_test,https://huggingface.co/spaces/lerobot/visualize_dataset?path=1909398036ljy/so100_test,2025-04-23 11:27:20,SO100,40,126,80,45.0,480x640,30.0,60.0,3,"laptop, phone",2,"['laptop', 'phone']",0,345,0,apache-2.0,Apache License 2.0,https://opensource.org/licenses/Apache-2.0,"This dataset was created using LeRobot.

	
		
		Dataset Structure
	

meta/info.json:
{
    ""codebase_version"": ""v2.1"",
    ""robot_type"": ""so100"",
    ""total_episodes"": 2,
    ""total_frames"": 2377,
   ...",2025-05-24 06:52:54+00:00
Cidoyi/so100_all_notes_1,https://huggingface.co/datasets/Cidoyi/so100_all_notes_1,https://huggingface.co/spaces/lerobot/visualize_dataset?path=Cidoyi/so100_all_notes_1,2025-04-13 09:44:42,SO100,40,86,40,30.0,480x640,30.0,20.0,3,"era, keyboard_, keyboard__era, keyboard_camera",4,"['era', 'keyboard_', 'keyboard__era', 'keyboard_camera']",0,66,0,apache-2.0,Apache License 2.0,https://opensource.org/licenses/Apache-2.0,"This dataset was created using LeRobot.

	
		
		Dataset Structure
	

meta/info.json:
{
    ""codebase_version"": ""v2.1"",
    ""robot_type"": ""so100"",
    ""total_episodes"": 40,
    ""total_frames"": 11553,
 ...",2025-04-13 10:25:26+00:00
masato-ka/so100_conditional_grasping,https://huggingface.co/datasets/masato-ka/so100_conditional_grasping,https://huggingface.co/spaces/lerobot/visualize_dataset?path=masato-ka/so100_conditional_grasping,2025-05-05 13:34:34,SO100,40,86,40,45.0,480x640,30.0,30.0,3,laptop,1,['laptop'],0,47,0,apache-2.0,Apache License 2.0,https://opensource.org/licenses/Apache-2.0,"This dataset was created using LeRobot.

	
		
		Dataset Structure
	

meta/info.json:
{
    ""codebase_version"": ""v2.1"",
    ""robot_type"": ""so100"",
    ""total_episodes"": 12,
    ""total_frames"": 7163,
  ...",2025-05-05 13:58:26+00:00
satvikahuja/so100_test2,https://huggingface.co/datasets/satvikahuja/so100_test2,https://huggingface.co/spaces/lerobot/visualize_dataset?path=satvikahuja/so100_test2,2024-12-20 06:31:29,SO100,40,166,120,30.0,480x640,30.0,60.0,3,"laptop, lweb, lwebcam, phone",4,"['laptop', 'lweb', 'lwebcam', 'phone']",0,78,0,apache-2.0,Apache License 2.0,https://opensource.org/licenses/Apache-2.0,"This dataset was created using LeRobot.

	
		
		Dataset Structure
	

meta/info.json:
{
    ""codebase_version"": ""v2.0"",
    ""robot_type"": ""so100"",
    ""total_episodes"": 40,
    ""total_frames"": 35834,
 ...",2024-12-20 06:32:40+00:00
Yotofu/so100_cube_2,https://huggingface.co/datasets/Yotofu/so100_cube_2,https://huggingface.co/spaces/lerobot/visualize_dataset?path=Yotofu/so100_cube_2,2024-11-22 07:41:32,SO100,40,126,120,45.0,480x640,30.0,90.0,3,"end_rgb_episode_000000, end_rgb_episode_000001, end_rgb_episode_000002, end_rgb_episode_000003, end_rgb_episode_000004, end_rgb_episode_000005, end_rgb_episode_000006, end_rgb_episode_000007, end_rgb_episode_000008, end_rgb_episode_000009, end_rgb_episode_000010, end_rgb_episode_000011, end_rgb_episode_000012, end_rgb_episode_000013, end_rgb_episode_000014, end_rgb_episode_000015, end_rgb_episode_000016, end_rgb_episode_000017, end_rgb_episode_000018, end_rgb_episode_000019, end_rgb_episode_000020, end_rgb_episode_000021, end_rgb_episode_000022, end_rgb_episode_000023, end_rgb_episode_000024, end_rgb_episode_000025, end_rgb_episode_000026, end_rgb_episode_000027, end_rgb_episode_000028, end_rgb_episode_000029, end_rgb_episode_000030, end_rgb_episode_000031, end_rgb_episode_000032, end_rgb_episode_000033, end_rgb_episode_000034, end_rgb_episode_000035, end_rgb_episode_000036, end_rgb_episode_000037, end_rgb_episode_000038, end_rgb_episode_000039, front_depth_episode_000000, front_depth_episode_000001, front_depth_episode_000002, front_depth_episode_000003, front_depth_episode_000004, front_depth_episode_000005, front_depth_episode_000006, front_depth_episode_000007, front_depth_episode_000008, front_depth_episode_000009, front_depth_episode_000010, front_depth_episode_000011, front_depth_episode_000012, front_depth_episode_000013, front_depth_episode_000014, front_depth_episode_000015, front_depth_episode_000016, front_depth_episode_000017, front_depth_episode_000018, front_depth_episode_000019, front_depth_episode_000020, front_depth_episode_000021, front_depth_episode_000022, front_depth_episode_000023, front_depth_episode_000024, front_depth_episode_000025, front_depth_episode_000026, front_depth_episode_000027, front_depth_episode_000028, front_depth_episode_000029, front_depth_episode_000030, front_depth_episode_000031, front_depth_episode_000032, front_depth_episode_000033, front_depth_episode_000034, front_depth_episode_000035, front_depth_episode_000036, front_depth_episode_000037, front_depth_episode_000038, front_depth_episode_000039, front_rgb_episode_000000, front_rgb_episode_000001, front_rgb_episode_000002, front_rgb_episode_000003, front_rgb_episode_000004, front_rgb_episode_000005, front_rgb_episode_000006, front_rgb_episode_000007, front_rgb_episode_000008, front_rgb_episode_000009, front_rgb_episode_000010, front_rgb_episode_000011, front_rgb_episode_000012, front_rgb_episode_000013, front_rgb_episode_000014, front_rgb_episode_000015, front_rgb_episode_000016, front_rgb_episode_000017, front_rgb_episode_000018, front_rgb_episode_000019, front_rgb_episode_000020, front_rgb_episode_000021, front_rgb_episode_000022, front_rgb_episode_000023, front_rgb_episode_000024, front_rgb_episode_000025, front_rgb_episode_000026, front_rgb_episode_000027, front_rgb_episode_000028, front_rgb_episode_000029, front_rgb_episode_000030, front_rgb_episode_000031, front_rgb_episode_000032, front_rgb_episode_000033, front_rgb_episode_000034, front_rgb_episode_000035, front_rgb_episode_000036, front_rgb_episode_000037, front_rgb_episode_000038, front_rgb_episode_000039",120,"['end_rgb_episode_000000', 'end_rgb_episode_000001', 'end_rgb_episode_000002', 'end_rgb_episode_000003', 'end_rgb_episode_000004', 'end_rgb_episode_000005', 'end_rgb_episode_000006', 'end_rgb_episode_000007', 'end_rgb_episode_000008', 'end_rgb_episode_000009', 'end_rgb_episode_000010', 'end_rgb_episode_000011', 'end_rgb_episode_000012', 'end_rgb_episode_000013', 'end_rgb_episode_000014', 'end_rgb_episode_000015', 'end_rgb_episode_000016', 'end_rgb_episode_000017', 'end_rgb_episode_000018', 'end_rgb_episode_000019', 'end_rgb_episode_000020', 'end_rgb_episode_000021', 'end_rgb_episode_000022', 'end_rgb_episode_000023', 'end_rgb_episode_000024', 'end_rgb_episode_000025', 'end_rgb_episode_000026', 'end_rgb_episode_000027', 'end_rgb_episode_000028', 'end_rgb_episode_000029', 'end_rgb_episode_000030', 'end_rgb_episode_000031', 'end_rgb_episode_000032', 'end_rgb_episode_000033', 'end_rgb_episode_000034', 'end_rgb_episode_000035', 'end_rgb_episode_000036', 'end_rgb_episode_000037', 'end_rgb_episode_000038', 'end_rgb_episode_000039', 'front_depth_episode_000000', 'front_depth_episode_000001', 'front_depth_episode_000002', 'front_depth_episode_000003', 'front_depth_episode_000004', 'front_depth_episode_000005', 'front_depth_episode_000006', 'front_depth_episode_000007', 'front_depth_episode_000008', 'front_depth_episode_000009', 'front_depth_episode_000010', 'front_depth_episode_000011', 'front_depth_episode_000012', 'front_depth_episode_000013', 'front_depth_episode_000014', 'front_depth_episode_000015', 'front_depth_episode_000016', 'front_depth_episode_000017', 'front_depth_episode_000018', 'front_depth_episode_000019', 'front_depth_episode_000020', 'front_depth_episode_000021', 'front_depth_episode_000022', 'front_depth_episode_000023', 'front_depth_episode_000024', 'front_depth_episode_000025', 'front_depth_episode_000026', 'front_depth_episode_000027', 'front_depth_episode_000028', 'front_depth_episode_000029', 'front_depth_episode_000030', 'front_depth_episode_000031', 'front_depth_episode_000032', 'front_depth_episode_000033', 'front_depth_episode_000034', 'front_depth_episode_000035', 'front_depth_episode_000036', 'front_depth_episode_000037', 'front_depth_episode_000038', 'front_depth_episode_000039', 'front_rgb_episode_000000', 'front_rgb_episode_000001', 'front_rgb_episode_000002', 'front_rgb_episode_000003', 'front_rgb_episode_000004', 'front_rgb_episode_000005', 'front_rgb_episode_000006', 'front_rgb_episode_000007', 'front_rgb_episode_000008', 'front_rgb_episode_000009', 'front_rgb_episode_000010', 'front_rgb_episode_000011', 'front_rgb_episode_000012', 'front_rgb_episode_000013', 'front_rgb_episode_000014', 'front_rgb_episode_000015', 'front_rgb_episode_000016', 'front_rgb_episode_000017', 'front_rgb_episode_000018', 'front_rgb_episode_000019', 'front_rgb_episode_000020', 'front_rgb_episode_000021', 'front_rgb_episode_000022', 'front_rgb_episode_000023', 'front_rgb_episode_000024', 'front_rgb_episode_000025', 'front_rgb_episode_000026', 'front_rgb_episode_000027', 'front_rgb_episode_000028', 'front_rgb_episode_000029', 'front_rgb_episode_000030', 'front_rgb_episode_000031', 'front_rgb_episode_000032', 'front_rgb_episode_000033', 'front_rgb_episode_000034', 'front_rgb_episode_000035', 'front_rgb_episode_000036', 'front_rgb_episode_000037', 'front_rgb_episode_000038', 'front_rgb_episode_000039']",0,32,0,Unknown,Unknown,,"This dataset was created using LeRobot.
...",2024-11-22 07:43:33+00:00
pranavsaroha/so100_foldtowel_0516_01,https://huggingface.co/datasets/pranavsaroha/so100_foldtowel_0516_01,https://huggingface.co/spaces/lerobot/visualize_dataset?path=pranavsaroha/so100_foldtowel_0516_01,2025-05-17 20:50:36,SO100,40,206,160,45.0,480x640,30.0,120.0,3,"era, left_wrist, overhead, right_wrist, side_, side__era, side_camera",7,"['era', 'left_wrist', 'overhead', 'right_wrist', 'side_', 'side__era', 'side_camera']",0,279,0,apache-2.0,Apache License 2.0,https://opensource.org/licenses/Apache-2.0,"This dataset was created using LeRobot.

	
		
		Dataset Structure
	

meta/info.json:
{
    ""codebase_version"": ""v2.1"",
    ""robot_type"": ""so100_bimanual"",
    ""total_episodes"": 40,
    ""total_frames"":...",2025-05-18 01:35:13+00:00
pranavsaroha/so100_foldtowel_0516_02,https://huggingface.co/datasets/pranavsaroha/so100_foldtowel_0516_02,https://huggingface.co/spaces/lerobot/visualize_dataset?path=pranavsaroha/so100_foldtowel_0516_02,2025-05-18 02:57:34,SO100,40,205,159,45.0,480x640,30.0,119.2,3,"era, left_wrist, overhead, right_wrist, side_, side__era, side_camera",7,"['era', 'left_wrist', 'overhead', 'right_wrist', 'side_', 'side__era', 'side_camera']",0,203,0,Unknown,Unknown,,,2025-05-18 04:48:18+00:00
pranavsaroha/so100_carrot_1,https://huggingface.co/datasets/pranavsaroha/so100_carrot_1,https://huggingface.co/spaces/lerobot/visualize_dataset?path=pranavsaroha/so100_carrot_1,2024-12-28 19:18:10,SO100,40,126,80,45.0,480x640,30.0,60.0,3,"laptop, phone",2,"['laptop', 'phone']",0,80,0,apache-2.0,Apache License 2.0,https://opensource.org/licenses/Apache-2.0,"This dataset was created using LeRobot.

	
		
		Dataset Structure
	

meta/info.json:
{
    ""codebase_version"": ""v2.0"",
    ""robot_type"": ""so100"",
    ""total_episodes"": 40,
    ""total_frames"": 17072,
 ...",2024-12-28 19:22:39+00:00
pranavsaroha/so100_med_cubes_0608,https://huggingface.co/datasets/pranavsaroha/so100_med_cubes_0608,https://huggingface.co/spaces/lerobot/visualize_dataset?path=pranavsaroha/so100_med_cubes_0608,2025-06-09 05:02:46,SO100,40,166,120,45.0,480x640,30.0,90.0,3,"era, left_wrist, overhead, side_, side__era, side_camera",6,"['era', 'left_wrist', 'overhead', 'side_', 'side__era', 'side_camera']",0,214,0,apache-2.0,Apache License 2.0,https://opensource.org/licenses/Apache-2.0,"This dataset was created using LeRobot.

	
		
		Dataset Structure
	

meta/info.json:
{
    ""codebase_version"": ""v2.1"",
    ""robot_type"": ""so100"",
    ""total_episodes"": 40,
    ""total_frames"": 71145,
 ...",2025-06-09 07:07:17+00:00
pranavsaroha/so100_medicine_0605,https://huggingface.co/datasets/pranavsaroha/so100_medicine_0605,https://huggingface.co/spaces/lerobot/visualize_dataset?path=pranavsaroha/so100_medicine_0605,2025-06-06 07:11:14,SO100,40,166,120,45.0,480x640,30.0,90.0,3,"era, left_wrist, overhead, side_, side__era, side_camera",6,"['era', 'left_wrist', 'overhead', 'side_', 'side__era', 'side_camera']",0,225,0,apache-2.0,Apache License 2.0,https://opensource.org/licenses/Apache-2.0,"This dataset was created using LeRobot.

	
		
		Dataset Structure
	

meta/info.json:
{
    ""codebase_version"": ""v2.1"",
    ""robot_type"": ""so100"",
    ""total_episodes"": 40,
    ""total_frames"": 90315,
 ...",2025-06-06 09:53:50+00:00
pranavsaroha/so100_medicine_0612,https://huggingface.co/datasets/pranavsaroha/so100_medicine_0612,https://huggingface.co/spaces/lerobot/visualize_dataset?path=pranavsaroha/so100_medicine_0612,2025-06-13 01:13:16,SO100,40,166,120,45.0,480x640,30.0,90.0,3,"era, left_wrist, overhead, side_, side__era, side_camera",6,"['era', 'left_wrist', 'overhead', 'side_', 'side__era', 'side_camera']",0,124,0,apache-2.0,Apache License 2.0,https://opensource.org/licenses/Apache-2.0,"This dataset was created using LeRobot.

	
		
		Dataset Structure
	

meta/info.json:
{
    ""codebase_version"": ""v2.1"",
    ""robot_type"": ""so100_follower"",
    ""total_episodes"": 40,
    ""total_frames"":...",2025-06-13 01:18:04+00:00
pranavsaroha/so100_onelego3,https://huggingface.co/datasets/pranavsaroha/so100_onelego3,https://huggingface.co/spaces/lerobot/visualize_dataset?path=pranavsaroha/so100_onelego3,2024-12-26 19:56:39,SO100,40,126,80,45.0,480x640,30.0,60.0,3,"laptop, phone",2,"['laptop', 'phone']",0,60,0,apache-2.0,Apache License 2.0,https://opensource.org/licenses/Apache-2.0,"This dataset was created using LeRobot.

	
		
		Dataset Structure
	

meta/info.json:
{
    ""codebase_version"": ""v2.0"",
    ""robot_type"": ""so100"",
    ""total_episodes"": 40,
    ""total_frames"": 16316,
 ...",2024-12-26 20:02:11+00:00
pgoffin/so100_ball,https://huggingface.co/datasets/pgoffin/so100_ball,https://huggingface.co/spaces/lerobot/visualize_dataset?path=pgoffin/so100_ball,2025-04-16 14:17:50,SO100,40,126,80,45.0,480x640,30.0,60.0,3,"grip, laptop",2,"['grip', 'laptop']",0,47,0,apache-2.0,Apache License 2.0,https://opensource.org/licenses/Apache-2.0,"This dataset was created using LeRobot.

	
		
		Dataset Structure
	

meta/info.json:
{
    ""codebase_version"": ""v2.1"",
    ""robot_type"": ""so100"",
    ""total_episodes"": 40,
    ""total_frames"": 35217,
 ...",2025-04-16 14:34:21+00:00
Raude/act_so100_hf_test,https://huggingface.co/datasets/Raude/act_so100_hf_test,https://huggingface.co/spaces/lerobot/visualize_dataset?path=Raude/act_so100_hf_test,2025-03-04 14:22:23,SO100,40,126,80,45.0,480x640,30.0,60.0,3,"side, top",2,"['side', 'top']",0,40,0,apache-2.0,Apache License 2.0,https://opensource.org/licenses/Apache-2.0,"This dataset was created using LeRobot.

	
		
		Dataset Structure
	

meta/info.json:
{
    ""codebase_version"": ""v2.1"",
    ""robot_type"": ""so100"",
    ""total_episodes"": 5,
    ""total_frames"": 1863,
   ...",2025-03-04 16:09:26+00:00
paszea/so100_lego_2cam,https://huggingface.co/datasets/paszea/so100_lego_2cam,https://huggingface.co/spaces/lerobot/visualize_dataset?path=paszea/so100_lego_2cam,2025-04-14 01:21:09,SO100,40,126,80,45.0,480x640,30.0,60.0,3,"front, top",2,"['front', 'top']",0,51,0,Unknown,Unknown,,"This dataset was created using LeRobot.

	
		
		Dataset Structure
	

meta/info.json:
{
    ""codebase_version"": ""v2.1"",
    ""robot_type"": ""so100"",
    ""total_episodes"": 40,
    ""total_frames"": 88148,
 ...",2025-04-14 02:19:44+00:00
JimmyPeng02/so100_test_6,https://huggingface.co/datasets/JimmyPeng02/so100_test_6,https://huggingface.co/spaces/lerobot/visualize_dataset?path=JimmyPeng02/so100_test_6,2025-04-24 13:48:47,SO100,40,86,40,45.0,480x640,30.0,30.0,3,realsense1,1,['realsense1'],0,62,0,apache-2.0,Apache License 2.0,https://opensource.org/licenses/Apache-2.0,"This dataset was created using LeRobot.

	
		
		Dataset Structure
	

meta/info.json:
{
    ""codebase_version"": ""v2.1"",
    ""robot_type"": ""so100"",
    ""total_episodes"": 40,
    ""total_frames"": 35860,
 ...",2025-04-24 13:49:57+00:00
aaaRick/so100_test613sec,https://huggingface.co/datasets/aaaRick/so100_test613sec,https://huggingface.co/spaces/lerobot/visualize_dataset?path=aaaRick/so100_test613sec,2025-06-13 04:38:15,SO100,40,126,80,45.0,480x640,30.0,60.0,3,"laptop, phone",2,"['laptop', 'phone']",0,168,0,apache-2.0,Apache License 2.0,https://opensource.org/licenses/Apache-2.0,"This dataset was created using LeRobot.

	
		
		Dataset Structure
	

meta/info.json:
{
    ""codebase_version"": ""v2.1"",
    ""robot_type"": ""so100"",
    ""total_episodes"": 10,
    ""total_frames"": 4419,
  ...",2025-06-13 05:10:11+00:00
youliangtan/so100_strawberry_grape,https://huggingface.co/datasets/youliangtan/so100_strawberry_grape,https://huggingface.co/spaces/lerobot/visualize_dataset?path=youliangtan/so100_strawberry_grape,2025-03-11 05:53:47,SO100,40,86,40,30.0,480x640,30.0,20.0,3,"web, webcam",2,"['web', 'webcam']",0,1848,3,apache-2.0,Apache License 2.0,https://opensource.org/licenses/Apache-2.0,"This dataset was created using LeRobot.

	
		
		Dataset Structure
	

meta/info.json:
{
    ""codebase_version"": ""v2.1"",
    ""robot_type"": ""so100"",
    ""total_episodes"": 20,
    ""total_frames"": 19038,
 ...",2025-03-12 06:37:40+00:00
maux/so100_test,https://huggingface.co/datasets/maux/so100_test,https://huggingface.co/spaces/lerobot/visualize_dataset?path=maux/so100_test,2025-04-27 19:57:27,SO100,40,126,80,45.0,480x640,30.0,60.0,3,"laptop, phone",2,"['laptop', 'phone']",0,65,0,apache-2.0,Apache License 2.0,https://opensource.org/licenses/Apache-2.0,"This dataset was created using LeRobot.

	
		
		Dataset Structure
	

meta/info.json:
{
    ""codebase_version"": ""v2.1"",
    ""robot_type"": ""so100"",
    ""total_episodes"": 40,
    ""total_frames"": 28720,
 ...",2025-04-27 19:58:17+00:00
xzzzzaaa/so100_test1,https://huggingface.co/datasets/xzzzzaaa/so100_test1,https://huggingface.co/spaces/lerobot/visualize_dataset?path=xzzzzaaa/so100_test1,2025-04-18 12:37:42,SO100,40,126,80,45.0,480x640,30.0,60.0,3,"laptop, phone",2,"['laptop', 'phone']",0,49,0,apache-2.0,Apache License 2.0,https://opensource.org/licenses/Apache-2.0,"This dataset was created using LeRobot.

	
		
		Dataset Structure
	

meta/info.json:
{
    ""codebase_version"": ""v2.0"",
    ""robot_type"": ""so100"",
    ""total_episodes"": 40,
    ""total_frames"": 9735,
  ...",2025-04-18 12:39:27+00:00
xhaka3456/so100_test_0409,https://huggingface.co/datasets/xhaka3456/so100_test_0409,https://huggingface.co/spaces/lerobot/visualize_dataset?path=xhaka3456/so100_test_0409,2025-04-09 07:23:28,SO100,40,126,80,45.0,480x640,30.0,60.0,3,"laptop, phone",2,"['laptop', 'phone']",0,42,0,apache-2.0,Apache License 2.0,https://opensource.org/licenses/Apache-2.0,"This dataset was created using LeRobot.

	
		
		Dataset Structure
	

meta/info.json:
{
    ""codebase_version"": ""v2.0"",
    ""robot_type"": ""so100"",
    ""total_episodes"": 40,
    ""total_frames"": 11715,
 ...",2025-04-09 07:37:49+00:00
salhotra/so100wrist_test2,https://huggingface.co/datasets/salhotra/so100wrist_test2,https://huggingface.co/spaces/lerobot/visualize_dataset?path=salhotra/so100wrist_test2,2025-05-11 22:06:58,SO100,40,86,40,45.0,480x640,30.0,30.0,3,wrist,1,['wrist'],0,168,0,apache-2.0,Apache License 2.0,https://opensource.org/licenses/Apache-2.0,"This dataset was created using LeRobot.

	
		
		Dataset Structure
	

meta/info.json:
{
    ""codebase_version"": ""v2.1"",
    ""robot_type"": ""so100wrist"",
    ""total_episodes"": 20,
    ""total_frames"": 798...",2025-05-16 06:53:39+00:00
FsqZ/so100_1,https://huggingface.co/datasets/FsqZ/so100_1,https://huggingface.co/spaces/lerobot/visualize_dataset?path=FsqZ/so100_1,2025-03-26 07:40:32,SO100,40,86,40,45.0,480x640,30.0,30.0,3,side,1,['side'],0,69,0,apache-2.0,Apache License 2.0,https://opensource.org/licenses/Apache-2.0,"This dataset was created using LeRobot.

	
		
		Dataset Structure
	

meta/info.json:
{
    ""codebase_version"": ""v2.0"",
    ""robot_type"": ""so100"",
    ""total_episodes"": 40,
    ""total_frames"": 19197,
 ...",2025-03-26 07:41:11+00:00
Odog16/so100_cube_drop_pick_v1,https://huggingface.co/datasets/Odog16/so100_cube_drop_pick_v1,https://huggingface.co/spaces/lerobot/visualize_dataset?path=Odog16/so100_cube_drop_pick_v1,2025-03-17 19:28:16,SO100,40,126,80,45.0,480x640,30.0,60.0,3,"workspace, wrist",2,"['workspace', 'wrist']",0,75,0,apache-2.0,Apache License 2.0,https://opensource.org/licenses/Apache-2.0,"This dataset was created using LeRobot.

	
		
		Dataset Structure
	

meta/info.json:
{
    ""codebase_version"": ""v2.1"",
    ""robot_type"": ""so100"",
    ""total_episodes"": 40,
    ""total_frames"": 9687,
  ...",2025-03-17 19:29:44+00:00
baptiste-04/so100_test_v6,https://huggingface.co/datasets/baptiste-04/so100_test_v6,https://huggingface.co/spaces/lerobot/visualize_dataset?path=baptiste-04/so100_test_v6,2025-04-14 21:08:59,SO100,40,126,80,45.0,480x640,30.0,60.0,3,"laptop, phone",2,"['laptop', 'phone']",0,66,0,apache-2.0,Apache License 2.0,https://opensource.org/licenses/Apache-2.0,"This dataset was created using LeRobot.

	
		
		Dataset Structure
	

meta/info.json:
{
    ""codebase_version"": ""v2.1"",
    ""robot_type"": ""so100"",
    ""total_episodes"": 40,
    ""total_frames"": 23918,
 ...",2025-04-14 21:14:16+00:00
charleyong/so100_cubes_put_box,https://huggingface.co/datasets/charleyong/so100_cubes_put_box,https://huggingface.co/spaces/lerobot/visualize_dataset?path=charleyong/so100_cubes_put_box,2025-05-11 19:03:28,SO100,40,86,40,45.0,480x640,30.0,30.0,3,stationary,1,['stationary'],0,64,0,apache-2.0,Apache License 2.0,https://opensource.org/licenses/Apache-2.0,"This dataset was created using LeRobot.

	
		
		Dataset Structure
	

meta/info.json:
{
    ""codebase_version"": ""v2.1"",
    ""robot_type"": ""so100"",
    ""total_episodes"": 40,
    ""total_frames"": 29663,
 ...",2025-05-11 19:06:07+00:00
abenstirling/so100_move_t2,https://huggingface.co/datasets/abenstirling/so100_move_t2,https://huggingface.co/spaces/lerobot/visualize_dataset?path=abenstirling/so100_move_t2,2025-06-15 00:08:10,SO100,40,126,80,45.0,480x640,30.0,60.0,3,"laptop, phone",2,"['laptop', 'phone']",0,0,0,apache-2.0,Apache License 2.0,https://opensource.org/licenses/Apache-2.0,"This dataset was created using LeRobot.

	
		
		Dataset Structure
	

meta/info.json:
{
    ""codebase_version"": ""v2.1"",
    ""robot_type"": ""so100"",
    ""total_episodes"": 40,
    ""total_frames"": 17938,
 ...",2025-06-15 00:11:26+00:00
love3165303/so100_dual_pick3,https://huggingface.co/datasets/love3165303/so100_dual_pick3,https://huggingface.co/spaces/lerobot/visualize_dataset?path=love3165303/so100_dual_pick3,2025-05-23 06:01:56,SO100,39,162,117,45.0,480x640,30.0,87.8,3,"left_wrist, right_wrist, top",3,"['left_wrist', 'right_wrist', 'top']",0,215,0,Unknown,Unknown,,"This dataset was created using LeRobot.

	
		
		Dataset Structure
	

meta/info.json:
{
    ""codebase_version"": ""v2.1"",
    ""robot_type"": ""so100"",
    ""total_episodes"": 39,
    ""total_frames"": 7699,
  ...",2025-05-23 08:56:18+00:00
juni3227/so100_test07,https://huggingface.co/datasets/juni3227/so100_test07,https://huggingface.co/spaces/lerobot/visualize_dataset?path=juni3227/so100_test07,2025-05-04 06:42:44,SO100,39,123,78,45.0,480x640,30.0,58.5,3,"airial, right_follower",2,"['airial', 'right_follower']",0,43,0,apache-2.0,Apache License 2.0,https://opensource.org/licenses/Apache-2.0,"This dataset was created using LeRobot.

	
		
		Dataset Structure
	

meta/info.json:
{
    ""codebase_version"": ""v2.1"",
    ""robot_type"": ""so100"",
    ""total_episodes"": 5,
    ""total_frames"": 2971,
   ...",2025-05-05 07:58:25+00:00
andlyu/so100_outdoor_0,https://huggingface.co/datasets/andlyu/so100_outdoor_0,https://huggingface.co/spaces/lerobot/visualize_dataset?path=andlyu/so100_outdoor_0,2025-04-25 02:55:51,SO100,39,201,156,45.0,480x640,30.0,117.0,3,"arm, base, base_right, gripper",4,"['arm', 'base', 'base_right', 'gripper']",0,51,0,Unknown,Unknown,,,2025-04-25 02:57:49+00:00
jchun/so100_cleaning_20250525_154019,https://huggingface.co/datasets/jchun/so100_cleaning_20250525_154019,https://huggingface.co/spaces/lerobot/visualize_dataset?path=jchun/so100_cleaning_20250525_154019,2025-05-25 22:54:19,SO100,37,117,74,45.0,480x640,30.0,55.5,3,"main, web, webcam",3,"['main', 'web', 'webcam']",0,177,0,apache-2.0,Apache License 2.0,https://opensource.org/licenses/Apache-2.0,"This dataset was created using LeRobot.

	
		
		Dataset Structure
	

meta/info.json:
{
    ""codebase_version"": ""v2.1"",
    ""robot_type"": ""so100"",
    ""total_episodes"": 37,
    ""total_frames"": 13582,
 ...",2025-05-25 22:55:21+00:00
andlyu/so100_indoor_3,https://huggingface.co/datasets/andlyu/so100_indoor_3,https://huggingface.co/spaces/lerobot/visualize_dataset?path=andlyu/so100_indoor_3,2025-03-24 05:31:33,SO100,37,191,148,45.0,480x640,30.0,111.0,3,"arm_left, arm_right, base_left, base_right",4,"['arm_left', 'arm_right', 'base_left', 'base_right']",0,86,0,apache-2.0,Apache License 2.0,https://opensource.org/licenses/Apache-2.0,"This dataset was created using LeRobot.

	
		
		Dataset Structure
	

meta/info.json:
{
    ""codebase_version"": ""v2.1"",
    ""robot_type"": ""so100"",
    ""total_episodes"": 37,
    ""total_frames"": 31529,
 ...",2025-03-24 05:43:45+00:00
mchen02/eval_act_so100_test2,https://huggingface.co/datasets/mchen02/eval_act_so100_test2,https://huggingface.co/spaces/lerobot/visualize_dataset?path=mchen02/eval_act_so100_test2,2025-04-12 04:31:04,SO100,37,117,74,45.0,480x640,30.0,55.5,3,"laptop, phone",2,"['laptop', 'phone']",0,38,0,apache-2.0,Apache License 2.0,https://opensource.org/licenses/Apache-2.0,"This dataset was created using LeRobot.

	
		
		Dataset Structure
	

meta/info.json:
{
    ""codebase_version"": ""v2.1"",
    ""robot_type"": ""so100"",
    ""total_episodes"": 3,
    ""total_frames"": 2682,
   ...",2025-04-15 16:32:13+00:00
apayan/so100_dice4,https://huggingface.co/datasets/apayan/so100_dice4,https://huggingface.co/spaces/lerobot/visualize_dataset?path=apayan/so100_dice4,2025-05-15 16:15:43,SO100,37,154,111,45.0,480x640,30.0,83.2,3,"front, top, wrist",3,"['front', 'top', 'wrist']",0,339,0,apache-2.0,Apache License 2.0,https://opensource.org/licenses/Apache-2.0,"This dataset was created using LeRobot.

	
		
		Dataset Structure
	

meta/info.json:
{
    ""codebase_version"": ""v2.1"",
    ""robot_type"": ""so100"",
    ""total_episodes"": 10,
    ""total_frames"": 6613,
  ...",2025-05-19 11:01:23+00:00
masato-ka/so100_grasp_snack,https://huggingface.co/datasets/masato-ka/so100_grasp_snack,https://huggingface.co/spaces/lerobot/visualize_dataset?path=masato-ka/so100_grasp_snack,2025-05-04 05:39:09,SO100,37,117,74,45.0,480x640,30.0,55.5,3,"laptop, phone",2,"['laptop', 'phone']",0,42,0,apache-2.0,Apache License 2.0,https://opensource.org/licenses/Apache-2.0,"This dataset was created using LeRobot.

	
		
		Dataset Structure
	

meta/info.json:
{
    ""codebase_version"": ""v2.1"",
    ""robot_type"": ""so100"",
    ""total_episodes"": 37,
    ""total_frames"": 16598,
 ...",2025-05-04 05:39:36+00:00
slowturtle99/eval_act_so100_test,https://huggingface.co/datasets/slowturtle99/eval_act_so100_test,https://huggingface.co/spaces/lerobot/visualize_dataset?path=slowturtle99/eval_act_so100_test,2025-04-23 04:25:51,SO100,36,78,36,30.0,480x640,30.0,18.0,3,"web, webcam",2,"['web', 'webcam']",0,32,0,apache-2.0,Apache License 2.0,https://opensource.org/licenses/Apache-2.0,"This dataset was created using LeRobot.

	
		
		Dataset Structure
	

meta/info.json:
{
    ""codebase_version"": ""v2.1"",
    ""robot_type"": ""so100"",
    ""total_episodes"": 5,
    ""total_frames"": 3719,
   ...",2025-04-23 15:51:23+00:00
taxitain/eval_act_so100_obj_to_bin_top0_180,https://huggingface.co/datasets/taxitain/eval_act_so100_obj_to_bin_top0_180,https://huggingface.co/spaces/lerobot/visualize_dataset?path=taxitain/eval_act_so100_obj_to_bin_top0_180,2025-05-06 09:17:37,SO100,36,114,72,45.0,480x640,30.0,54.0,3,"side1, top0",2,"['side1', 'top0']",0,149,0,apache-2.0,Apache License 2.0,https://opensource.org/licenses/Apache-2.0,"This dataset was created using LeRobot.

	
		
		Dataset Structure
	

meta/info.json:
{
    ""codebase_version"": ""v2.1"",
    ""robot_type"": ""so100"",
    ""total_episodes"": 1,
    ""total_frames"": 2556,
   ...",2025-05-14 16:26:12+00:00
gdut508/final_so100_test_bowl111,https://huggingface.co/datasets/gdut508/final_so100_test_bowl111,https://huggingface.co/spaces/lerobot/visualize_dataset?path=gdut508/final_so100_test_bowl111,2025-04-21 11:19:54,SO100,36,114,72,45.0,480x640,30.0,54.0,3,"laptop, phone",2,"['laptop', 'phone']",0,77,0,apache-2.0,Apache License 2.0,https://opensource.org/licenses/Apache-2.0,"This dataset was created using LeRobot.

	
		
		Dataset Structure
	

meta/info.json:
{
    ""codebase_version"": ""v2.1"",
    ""robot_type"": ""so100"",
    ""total_episodes"": 36,
    ""total_frames"": 15467,
 ...",2025-04-21 11:20:40+00:00
liyitenga/so100_pick_dabaitu1,https://huggingface.co/datasets/liyitenga/so100_pick_dabaitu1,https://huggingface.co/spaces/lerobot/visualize_dataset?path=liyitenga/so100_pick_dabaitu1,2025-06-11 16:42:54,SO100,35,111,70,45.0,480x640,30.0,52.5,3,"gripper, top",2,"['gripper', 'top']",0,278,0,apache-2.0,Apache License 2.0,https://opensource.org/licenses/Apache-2.0,"This dataset was created using LeRobot.

	
		
		Dataset Structure
	

meta/info.json:
{
    ""codebase_version"": ""v2.1"",
    ""robot_type"": ""so100"",
    ""total_episodes"": 20,
    ""total_frames"": 8239,
  ...",2025-06-12 16:09:44+00:00
andlyu/so100_outdoor_5,https://huggingface.co/datasets/andlyu/so100_outdoor_5,https://huggingface.co/spaces/lerobot/visualize_dataset?path=andlyu/so100_outdoor_5,2025-04-27 12:25:53,SO100,35,1597,136,45.0,480x640,30.0,102.0,3,"arm, base, base_right, gripper",4,"['arm', 'base', 'base_right', 'gripper']",0,21,0,Unknown,Unknown,,,2025-04-27 12:34:06+00:00
JackLiuX/so100_test_candy,https://huggingface.co/datasets/JackLiuX/so100_test_candy,https://huggingface.co/spaces/lerobot/visualize_dataset?path=JackLiuX/so100_test_candy,2025-04-09 04:05:32,SO100,35,111,70,45.0,480x640,30.0,52.5,3,"laptop, phone",2,"['laptop', 'phone']",0,48,0,apache-2.0,Apache License 2.0,https://opensource.org/licenses/Apache-2.0,"This dataset was created using LeRobot.

	
		
		Dataset Structure
	

meta/info.json:
{
    ""codebase_version"": ""v2.1"",
    ""robot_type"": ""so100"",
    ""total_episodes"": 35,
    ""total_frames"": 20787,
 ...",2025-04-09 04:08:00+00:00
paszea/so100_whale_3,https://huggingface.co/datasets/paszea/so100_whale_3,https://huggingface.co/spaces/lerobot/visualize_dataset?path=paszea/so100_whale_3,2025-04-04 23:24:26,SO100,35,111,70,45.0,480x640,30.0,52.5,3,"laptop, phone",2,"['laptop', 'phone']",0,80,0,apache-2.0,Apache License 2.0,https://opensource.org/licenses/Apache-2.0,"This dataset was created using LeRobot.

	
		
		Dataset Structure
	

meta/info.json:
{
    ""codebase_version"": ""v2.1"",
    ""robot_type"": ""so100"",
    ""total_episodes"": 35,
    ""total_frames"": 20129,
 ...",2025-04-04 23:24:57+00:00
campa-rabb/so100_50ep,https://huggingface.co/datasets/campa-rabb/so100_50ep,https://huggingface.co/spaces/lerobot/visualize_dataset?path=campa-rabb/so100_50ep,2025-05-16 13:44:08,SO100,35,112,70,45.0,480x640,30.0,52.5,3,"laptop, phone",2,"['laptop', 'phone']",0,193,0,apache-2.0,Apache License 2.0,https://opensource.org/licenses/Apache-2.0,"This dataset was created using LeRobot.

	
		
		Dataset Structure
	

meta/info.json:
{
    ""codebase_version"": ""v2.1"",
    ""robot_type"": ""so100"",
    ""total_episodes"": 35,
    ""total_frames"": 62512,
 ...",2025-05-16 13:45:20+00:00
yk33312/so100_test,https://huggingface.co/datasets/yk33312/so100_test,https://huggingface.co/spaces/lerobot/visualize_dataset?path=yk33312/so100_test,2025-04-11 18:35:59,SO100,34,74,34,45.0,480x640,30.0,25.5,3,laptop,1,['laptop'],0,45,0,apache-2.0,Apache License 2.0,https://opensource.org/licenses/Apache-2.0,"This dataset was created using LeRobot.

	
		
		Dataset Structure
	

meta/info.json:
{
    ""codebase_version"": ""v2.1"",
    ""robot_type"": ""so100"",
    ""total_episodes"": 1,
    ""total_frames"": 895,
    ...",2025-04-12 15:12:40+00:00
ncavallo/so100_lerobot2_block,https://huggingface.co/datasets/ncavallo/so100_lerobot2_block,https://huggingface.co/spaces/lerobot/visualize_dataset?path=ncavallo/so100_lerobot2_block,2025-05-12 15:27:17,SO100,34,74,34,45.0,480x640,30.0,25.5,3,robot,1,['robot'],0,127,0,apache-2.0,Apache License 2.0,https://opensource.org/licenses/Apache-2.0,"This dataset was created using LeRobot.

	
		
		Dataset Structure
	

meta/info.json:
{
    ""codebase_version"": ""v2.1"",
    ""robot_type"": ""so100"",
    ""total_episodes"": 8,
    ""total_frames"": 2769,
   ...",2025-05-13 07:53:04+00:00
samanthalhy/so100_test,https://huggingface.co/datasets/samanthalhy/so100_test,https://huggingface.co/spaces/lerobot/visualize_dataset?path=samanthalhy/so100_test,2025-04-01 11:17:26,SO100,34,108,68,45.0,480x640,30.0,51.0,3,"laptop, phone",2,"['laptop', 'phone']",0,44,0,apache-2.0,Apache License 2.0,https://opensource.org/licenses/Apache-2.0,"This dataset was created using LeRobot.

	
		
		Dataset Structure
	

meta/info.json:
{
    ""codebase_version"": ""v2.1"",
    ""robot_type"": ""so100"",
    ""total_episodes"": 2,
    ""total_frames"": 1220,
   ...",2025-04-01 12:02:13+00:00
nguyen-v/so100_rotate_red_button,https://huggingface.co/datasets/nguyen-v/so100_rotate_red_button,https://huggingface.co/spaces/lerobot/visualize_dataset?path=nguyen-v/so100_rotate_red_button,2025-04-13 03:48:16,SO100,34,142,102,45.0,480x640,30.0,76.5,3,"left, right, top",3,"['left', 'right', 'top']",0,52,0,apache-2.0,Apache License 2.0,https://opensource.org/licenses/Apache-2.0,"This dataset was created using LeRobot.

	
		
		Dataset Structure
	

meta/info.json:
{
    ""codebase_version"": ""v2.1"",
    ""robot_type"": ""so100"",
    ""total_episodes"": 27,
    ""total_frames"": 13400,
 ...",2025-04-13 04:04:05+00:00
allenchienxxx/so100Test,https://huggingface.co/datasets/allenchienxxx/so100Test,https://huggingface.co/spaces/lerobot/visualize_dataset?path=allenchienxxx/so100Test,2025-03-30 03:28:37,SO100,34,108,68,45.0,480x640,30.0,51.0,3,"laptop, phone",2,"['laptop', 'phone']",0,60,0,apache-2.0,Apache License 2.0,https://opensource.org/licenses/Apache-2.0,"This dataset was created using LeRobot.

	
		
		Dataset Structure
	

meta/info.json:
{
    ""codebase_version"": ""v2.1"",
    ""robot_type"": ""so100"",
    ""total_episodes"": 1,
    ""total_frames"": 30,
    ""...",2025-04-30 18:53:08+00:00
DimiSch/so100_terra_50_2,https://huggingface.co/datasets/DimiSch/so100_terra_50_2,https://huggingface.co/spaces/lerobot/visualize_dataset?path=DimiSch/so100_terra_50_2,2025-02-09 17:11:57,SO100,34,74,34,45.0,480x640,30.0,25.5,3,realsense,1,['realsense'],0,56,0,apache-2.0,Apache License 2.0,https://opensource.org/licenses/Apache-2.0,"This dataset was created using LeRobot.

	
		
		Dataset Structure
	

meta/info.json:
{
    ""codebase_version"": ""v2.0"",
    ""robot_type"": ""so100"",
    ""total_episodes"": 34,
    ""total_frames"": 81062,
 ...",2025-02-09 17:15:30+00:00
djkesu/so100_test,https://huggingface.co/datasets/djkesu/so100_test,https://huggingface.co/spaces/lerobot/visualize_dataset?path=djkesu/so100_test,2025-04-18 02:31:50,SO100,33,105,66,45.0,480x640,30.0,49.5,3,"laptop, phone",2,"['laptop', 'phone']",0,54,0,apache-2.0,Apache License 2.0,https://opensource.org/licenses/Apache-2.0,"This dataset was created using LeRobot.

	
		
		Dataset Structure
	

meta/info.json:
{
    ""codebase_version"": ""v2.1"",
    ""robot_type"": ""so100"",
    ""total_episodes"": 2,
    ""total_frames"": 1796,
   ...",2025-04-18 03:05:33+00:00
ZGGZZG/so100_drop0,https://huggingface.co/datasets/ZGGZZG/so100_drop0,https://huggingface.co/spaces/lerobot/visualize_dataset?path=ZGGZZG/so100_drop0,2025-03-26 08:10:59,SO100,33,105,66,45.0,480x640,30.0,49.5,3,"left, up",2,"['left', 'up']",0,61,0,apache-2.0,Apache License 2.0,https://opensource.org/licenses/Apache-2.0,"This dataset was created using LeRobot.

	
		
		Dataset Structure
	

meta/info.json:
{
    ""codebase_version"": ""v2.1"",
    ""robot_type"": ""so100"",
    ""total_episodes"": 33,
    ""total_frames"": 15852,
 ...",2025-03-26 08:11:42+00:00
love3165303/so100_pick_multi_tape1,https://huggingface.co/datasets/love3165303/so100_pick_multi_tape1,https://huggingface.co/spaces/lerobot/visualize_dataset?path=love3165303/so100_pick_multi_tape1,2025-05-29 09:59:39,SO100,33,105,66,45.0,480x640,30.0,49.5,3,"left_wrist, top",2,"['left_wrist', 'top']",0,245,0,apache-2.0,Apache License 2.0,https://opensource.org/licenses/Apache-2.0,"This dataset was created using LeRobot.

	
		
		Dataset Structure
	

meta/info.json:
{
    ""codebase_version"": ""v2.1"",
    ""robot_type"": ""so100"",
    ""total_episodes"": 13,
    ""total_frames"": 6451,
  ...",2025-05-29 10:21:18+00:00
nguyen-v/so100_press_red_button,https://huggingface.co/datasets/nguyen-v/so100_press_red_button,https://huggingface.co/spaces/lerobot/visualize_dataset?path=nguyen-v/so100_press_red_button,2025-04-12 21:19:58,SO100,33,171,132,45.0,480x640,30.0,99.0,3,"back, left, right, top",4,"['back', 'left', 'right', 'top']",0,82,0,apache-2.0,Apache License 2.0,https://opensource.org/licenses/Apache-2.0,"This dataset was created using LeRobot.

	
		
		Dataset Structure
	

meta/info.json:
{
    ""codebase_version"": ""v2.1"",
    ""robot_type"": ""so100"",
    ""total_episodes"": 16,
    ""total_frames"": 9458,
  ...",2025-04-12 22:00:30+00:00
odellus/so100_grasp,https://huggingface.co/datasets/odellus/so100_grasp,https://huggingface.co/spaces/lerobot/visualize_dataset?path=odellus/so100_grasp,2025-05-06 05:45:42,SO100,33,105,66,45.0,480x640,30.0,49.5,3,"laptop, phone",2,"['laptop', 'phone']",0,504,0,apache-2.0,Apache License 2.0,https://opensource.org/licenses/Apache-2.0,"This dataset was created using LeRobot.

	
		
		Dataset Structure
	

meta/info.json:
{
    ""codebase_version"": ""v2.1"",
    ""robot_type"": ""so100"",
    ""total_episodes"": 4,
    ""total_frames"": 1412,
   ...",2025-06-11 05:35:22+00:00
triton7777/so100_pick_place_tape2,https://huggingface.co/datasets/triton7777/so100_pick_place_tape2,https://huggingface.co/spaces/lerobot/visualize_dataset?path=triton7777/so100_pick_place_tape2,2025-02-12 18:26:15,SO100,32,133,96,45.0,480x640,30.0,72.0,3,"extra, laptop, phone",3,"['extra', 'laptop', 'phone']",0,32,0,Unknown,Unknown,,,2025-02-12 19:11:26+00:00
danaaubakirova/so100_v2_task_4,https://huggingface.co/datasets/danaaubakirova/so100_v2_task_4,https://huggingface.co/spaces/lerobot/visualize_dataset?path=danaaubakirova/so100_v2_task_4,2025-04-14 14:39:18,SO100,31,99,62,45.0,480x640,30.0,46.5,3,"top, wrist",2,"['top', 'wrist']",0,118,0,apache-2.0,Apache License 2.0,https://opensource.org/licenses/Apache-2.0,"This dataset was created using LeRobot.

	
		
		Dataset Structure
	

meta/info.json:
{
    ""codebase_version"": ""v2.1"",
    ""robot_type"": ""so100"",
    ""total_episodes"": 31,
    ""total_frames"": 14380,
 ...",2025-04-14 14:39:46+00:00
liyitenga/so100_pick_taffy3,https://huggingface.co/datasets/liyitenga/so100_pick_taffy3,https://huggingface.co/spaces/lerobot/visualize_dataset?path=liyitenga/so100_pick_taffy3,2025-01-18 08:03:00,SO100,31,99,62,45.0,480x640,30.0,46.5,3,"gripper, top",2,"['gripper', 'top']",0,58,0,apache-2.0,Apache License 2.0,https://opensource.org/licenses/Apache-2.0,"This dataset was created using LeRobot.

	
		
		Dataset Structure
	

meta/info.json:
{
    ""codebase_version"": ""v2.0"",
    ""robot_type"": ""so100"",
    ""total_episodes"": 31,
    ""total_frames"": 14028,
 ...",2025-01-18 11:36:48+00:00
andlyu/so100_indoor_1,https://huggingface.co/datasets/andlyu/so100_indoor_1,https://huggingface.co/spaces/lerobot/visualize_dataset?path=andlyu/so100_indoor_1,2025-03-24 01:25:59,SO100,31,161,124,45.0,480x640,30.0,93.0,3,"arm_left, arm_right, base_left, base_right",4,"['arm_left', 'arm_right', 'base_left', 'base_right']",0,71,0,apache-2.0,Apache License 2.0,https://opensource.org/licenses/Apache-2.0,"This dataset was created using LeRobot.

	
		
		Dataset Structure
	

meta/info.json:
{
    ""codebase_version"": ""v2.1"",
    ""robot_type"": ""so100"",
    ""total_episodes"": 31,
    ""total_frames"": 26135,
 ...",2025-03-24 01:40:22+00:00
pranavsaroha/so100_squishy2colors_2_new,https://huggingface.co/datasets/pranavsaroha/so100_squishy2colors_2_new,https://huggingface.co/spaces/lerobot/visualize_dataset?path=pranavsaroha/so100_squishy2colors_2_new,2025-01-07 00:31:16,SO100,31,99,62,45.0,480x640,30.0,46.5,3,"laptop, phone",2,"['laptop', 'phone']",0,67,0,apache-2.0,Apache License 2.0,https://opensource.org/licenses/Apache-2.0,"This dataset was created using LeRobot.

	
		
		Dataset Structure
	

meta/info.json:
{
    ""codebase_version"": ""v2.0"",
    ""robot_type"": ""so100"",
    ""total_episodes"": 31,
    ""total_frames"": 22384,
 ...",2025-01-07 00:32:10+00:00
pranavsaroha/so100_squishy2colors_1,https://huggingface.co/datasets/pranavsaroha/so100_squishy2colors_1,https://huggingface.co/spaces/lerobot/visualize_dataset?path=pranavsaroha/so100_squishy2colors_1,2025-01-05 03:22:08,SO100,31,99,62,45.0,480x640,30.0,46.5,3,"laptop, phone",2,"['laptop', 'phone']",0,68,0,apache-2.0,Apache License 2.0,https://opensource.org/licenses/Apache-2.0,"This dataset was created using LeRobot.

	
		
		Dataset Structure
	

meta/info.json:
{
    ""codebase_version"": ""v2.0"",
    ""robot_type"": ""so100"",
    ""total_episodes"": 31,
    ""total_frames"": 18611,
 ...",2025-01-05 03:46:54+00:00
cjlqwe/so100_71_100,https://huggingface.co/datasets/cjlqwe/so100_71_100,https://huggingface.co/spaces/lerobot/visualize_dataset?path=cjlqwe/so100_71_100,2025-05-16 12:23:16,SO100,30,96,60,45.0,480x640,30.0,45.0,3,"laptop, phone",2,"['laptop', 'phone']",0,204,0,apache-2.0,Apache License 2.0,https://opensource.org/licenses/Apache-2.0,"This dataset was created using LeRobot.

	
		
		Dataset Structure
	

meta/info.json:
{
    ""codebase_version"": ""v2.1"",
    ""robot_type"": ""so100"",
    ""total_episodes"": 30,
    ""total_frames"": 26438,
 ...",2025-05-16 12:25:49+00:00
danaaubakirova/so100_v2_task_3,https://huggingface.co/datasets/danaaubakirova/so100_v2_task_3,https://huggingface.co/spaces/lerobot/visualize_dataset?path=danaaubakirova/so100_v2_task_3,2025-04-14 14:12:29,SO100,30,96,60,45.0,480x640,30.0,45.0,3,"top, wrist",2,"['top', 'wrist']",0,97,0,apache-2.0,Apache License 2.0,https://opensource.org/licenses/Apache-2.0,"This dataset was created using LeRobot.

	
		
		Dataset Structure
	

meta/info.json:
{
    ""codebase_version"": ""v2.1"",
    ""robot_type"": ""so100"",
    ""total_episodes"": 30,
    ""total_frames"": 13147,
 ...",2025-04-14 14:13:06+00:00
danaaubakirova/so100_v2_task_2,https://huggingface.co/datasets/danaaubakirova/so100_v2_task_2,https://huggingface.co/spaces/lerobot/visualize_dataset?path=danaaubakirova/so100_v2_task_2,2025-04-14 13:42:31,SO100,30,96,60,45.0,480x640,30.0,45.0,3,"top, wrist",2,"['top', 'wrist']",0,102,0,apache-2.0,Apache License 2.0,https://opensource.org/licenses/Apache-2.0,"This dataset was created using LeRobot.

	
		
		Dataset Structure
	

meta/info.json:
{
    ""codebase_version"": ""v2.1"",
    ""robot_type"": ""so100"",
    ""total_episodes"": 30,
    ""total_frames"": 15155,
 ...",2025-04-14 13:42:50+00:00
danaaubakirova/so100_v2_task_1,https://huggingface.co/datasets/danaaubakirova/so100_v2_task_1,https://huggingface.co/spaces/lerobot/visualize_dataset?path=danaaubakirova/so100_v2_task_1,2025-04-14 13:22:13,SO100,30,96,60,45.0,480x640,30.0,45.0,3,"top, wrist",2,"['top', 'wrist']",0,72,0,apache-2.0,Apache License 2.0,https://opensource.org/licenses/Apache-2.0,"This dataset was created using LeRobot.

	
		
		Dataset Structure
	

meta/info.json:
{
    ""codebase_version"": ""v2.1"",
    ""robot_type"": ""so100"",
    ""total_episodes"": 30,
    ""total_frames"": 8998,
  ...",2025-04-14 13:22:28+00:00
andy309/so100_test_0310_1608,https://huggingface.co/datasets/andy309/so100_test_0310_1608,https://huggingface.co/spaces/lerobot/visualize_dataset?path=andy309/so100_test_0310_1608,2025-03-10 08:27:39,SO100,30,96,60,45.0,480x640,30.0,45.0,3,"laptop, phone",2,"['laptop', 'phone']",0,35,0,apache-2.0,Apache License 2.0,https://opensource.org/licenses/Apache-2.0,"This dataset was created using LeRobot.

	
		
		Dataset Structure
	

meta/info.json:
{
    ""codebase_version"": ""v2.1"",
    ""robot_type"": ""so100"",
    ""total_episodes"": 30,
    ""total_frames"": 23198,
 ...",2025-03-10 08:29:33+00:00
akira-sasaki/so100_somlvla,https://huggingface.co/datasets/akira-sasaki/so100_somlvla,https://huggingface.co/spaces/lerobot/visualize_dataset?path=akira-sasaki/so100_somlvla,2025-06-04 06:39:51,SO100,30,96,60,45.0,480x640,30.0,45.0,3,"laptop, phone",2,"['laptop', 'phone']",0,239,0,apache-2.0,Apache License 2.0,https://opensource.org/licenses/Apache-2.0,"This dataset was created using LeRobot.

	
		
		Dataset Structure
	

meta/info.json:
{
    ""codebase_version"": ""v2.1"",
    ""robot_type"": ""so100"",
    ""total_episodes"": 30,
    ""total_frames"": 8970,
  ...",2025-06-04 06:40:10+00:00
angle2001/so100_test_0512_3,https://huggingface.co/datasets/angle2001/so100_test_0512_3,https://huggingface.co/spaces/lerobot/visualize_dataset?path=angle2001/so100_test_0512_3,2025-05-12 12:34:29,SO100,30,66,30,45.0,480x640,30.0,22.5,3,phone,1,['phone'],0,52,0,apache-2.0,Apache License 2.0,https://opensource.org/licenses/Apache-2.0,"This dataset was created using LeRobot.

	
		
		Dataset Structure
	

meta/info.json:
{
    ""codebase_version"": ""v2.1"",
    ""robot_type"": ""so100"",
    ""total_episodes"": 30,
    ""total_frames"": 9850,
  ...",2025-05-12 12:34:50+00:00
charleyong/so100_y_cube_3cam,https://huggingface.co/datasets/charleyong/so100_y_cube_3cam,https://huggingface.co/spaces/lerobot/visualize_dataset?path=charleyong/so100_y_cube_3cam,2025-05-08 04:11:30,SO100,30,126,90,45.0,480x640,30.0,67.5,3,"left_stationary, right_stationary, wrist",3,"['left_stationary', 'right_stationary', 'wrist']",0,59,0,apache-2.0,Apache License 2.0,https://opensource.org/licenses/Apache-2.0,"This dataset was created using LeRobot.

	
		
		Dataset Structure
	

meta/info.json:
{
    ""codebase_version"": ""v2.1"",
    ""robot_type"": ""so100"",
    ""total_episodes"": 30,
    ""total_frames"": 26413,
 ...",2025-05-08 04:17:16+00:00
angle2001/so100_test_0512_7,https://huggingface.co/datasets/angle2001/so100_test_0512_7,https://huggingface.co/spaces/lerobot/visualize_dataset?path=angle2001/so100_test_0512_7,2025-05-13 13:55:49,SO100,30,126,90,45.0,480x640,30.0,67.5,3,"laptop, phone_1, phone_2",3,"['laptop', 'phone_1', 'phone_2']",0,87,0,apache-2.0,Apache License 2.0,https://opensource.org/licenses/Apache-2.0,"This dataset was created using LeRobot.

	
		
		Dataset Structure
	

meta/info.json:
{
    ""codebase_version"": ""v2.1"",
    ""robot_type"": ""so100"",
    ""total_episodes"": 30,
    ""total_frames"": 10620,
 ...",2025-05-13 14:01:24+00:00
baladhurgesh97/so100_final_picking_3,https://huggingface.co/datasets/baladhurgesh97/so100_final_picking_3,https://huggingface.co/spaces/lerobot/visualize_dataset?path=baladhurgesh97/so100_final_picking_3,2025-03-23 18:56:24,SO100,30,96,60,45.0,480x640,30.0,45.0,3,"laptop, phone",2,"['laptop', 'phone']",0,64,0,apache-2.0,Apache License 2.0,https://opensource.org/licenses/Apache-2.0,"This dataset was created using LeRobot.

	
		
		Dataset Structure
	

meta/info.json:
{
    ""codebase_version"": ""v2.0"",
    ""robot_type"": ""so100"",
    ""total_episodes"": 30,
    ""total_frames"": 16889,
 ...",2025-03-23 18:57:29+00:00
cjlqwe/so100_21_50,https://huggingface.co/datasets/cjlqwe/so100_21_50,https://huggingface.co/spaces/lerobot/visualize_dataset?path=cjlqwe/so100_21_50,2025-05-12 07:48:10,SO100,30,96,60,45.0,480x640,30.0,45.0,3,"laptop, phone",2,"['laptop', 'phone']",0,75,0,apache-2.0,Apache License 2.0,https://opensource.org/licenses/Apache-2.0,"This dataset was created using LeRobot.

	
		
		Dataset Structure
	

meta/info.json:
{
    ""codebase_version"": ""v2.1"",
    ""robot_type"": ""so100"",
    ""total_episodes"": 30,
    ""total_frames"": 26431,
 ...",2025-05-12 08:39:02+00:00
wu12581/so100_test_dtp,https://huggingface.co/datasets/wu12581/so100_test_dtp,https://huggingface.co/spaces/lerobot/visualize_dataset?path=wu12581/so100_test_dtp,2025-03-26 10:38:30,SO100,30,96,60,45.0,480x640,30.0,45.0,3,"laptop, phone",2,"['laptop', 'phone']",0,41,0,apache-2.0,Apache License 2.0,https://opensource.org/licenses/Apache-2.0,"This dataset was created using LeRobot.

	
		
		Dataset Structure
	

meta/info.json:
{
    ""codebase_version"": ""v2.1"",
    ""robot_type"": ""so100"",
    ""total_episodes"": 30,
    ""total_frames"": 10740,
 ...",2025-03-26 10:38:58+00:00
charleyong/so100_ycube_put_box,https://huggingface.co/datasets/charleyong/so100_ycube_put_box,https://huggingface.co/spaces/lerobot/visualize_dataset?path=charleyong/so100_ycube_put_box,2025-05-09 16:52:35,SO100,30,126,90,45.0,480x640,30.0,67.5,3,"left_stationary, right_stationary, wrist",3,"['left_stationary', 'right_stationary', 'wrist']",0,68,0,apache-2.0,Apache License 2.0,https://opensource.org/licenses/Apache-2.0,"This dataset was created using LeRobot.

	
		
		Dataset Structure
	

meta/info.json:
{
    ""codebase_version"": ""v2.1"",
    ""robot_type"": ""so100"",
    ""total_episodes"": 30,
    ""total_frames"": 26599,
 ...",2025-05-09 17:00:41+00:00
angle2001/so100_test_0512_4,https://huggingface.co/datasets/angle2001/so100_test_0512_4,https://huggingface.co/spaces/lerobot/visualize_dataset?path=angle2001/so100_test_0512_4,2025-05-13 07:08:32,SO100,30,66,30,45.0,480x640,30.0,22.5,3,phone,1,['phone'],0,73,0,apache-2.0,Apache License 2.0,https://opensource.org/licenses/Apache-2.0,"This dataset was created using LeRobot.

	
		
		Dataset Structure
	

meta/info.json:
{
    ""codebase_version"": ""v2.1"",
    ""robot_type"": ""so100"",
    ""total_episodes"": 30,
    ""total_frames"": 12328,
 ...",2025-05-13 07:09:14+00:00
shylee/so100_pengripB,https://huggingface.co/datasets/shylee/so100_pengripB,https://huggingface.co/spaces/lerobot/visualize_dataset?path=shylee/so100_pengripB,2025-05-08 16:52:49,SO100,30,126,90,30.0,480x640,30.0,45.0,3,"front, frontcam, top, topcam, wrist, wristcam",6,"['front', 'frontcam', 'top', 'topcam', 'wrist', 'wristcam']",0,48,0,apache-2.0,Apache License 2.0,https://opensource.org/licenses/Apache-2.0,"This dataset was created using LeRobot.

	
		
		Dataset Structure
	

meta/info.json:
{
    ""codebase_version"": ""v2.1"",
    ""robot_type"": ""so100"",
    ""total_episodes"": 30,
    ""total_frames"": 7187,
  ...",2025-05-08 16:53:17+00:00
youjiang97/so100_tt,https://huggingface.co/datasets/youjiang97/so100_tt,https://huggingface.co/spaces/lerobot/visualize_dataset?path=youjiang97/so100_tt,2025-06-05 07:35:30,SO100,30,96,60,45.0,480x640,30.0,45.0,3,"laptop, phone",2,"['laptop', 'phone']",0,232,0,apache-2.0,Apache License 2.0,https://opensource.org/licenses/Apache-2.0,"This dataset was created using LeRobot.

	
		
		Dataset Structure
	

meta/info.json:
{
    ""codebase_version"": ""v2.1"",
    ""robot_type"": ""so100"",
    ""total_episodes"": 30,
    ""total_frames"": 17879,
 ...",2025-06-05 07:37:14+00:00
aimihat/so100_tape,https://huggingface.co/datasets/aimihat/so100_tape,https://huggingface.co/spaces/lerobot/visualize_dataset?path=aimihat/so100_tape,2025-04-08 14:06:03,SO100,30,96,60,45.0,480x640,30.0,45.0,3,"laptop, phone",2,"['laptop', 'phone']",0,57,0,apache-2.0,Apache License 2.0,https://opensource.org/licenses/Apache-2.0,"This dataset was created using LeRobot.

	
		
		Dataset Structure
	

meta/info.json:
{
    ""codebase_version"": ""v2.1"",
    ""robot_type"": ""so100"",
    ""total_episodes"": 30,
    ""total_frames"": 13440,
 ...",2025-04-08 14:08:10+00:00
zuozhuan/so100_anything,https://huggingface.co/datasets/zuozhuan/so100_anything,https://huggingface.co/spaces/lerobot/visualize_dataset?path=zuozhuan/so100_anything,2024-12-13 06:06:22,SO100,30,66,60,45.0,480x640,30.0,45.0,3,"laptop_episode_000000, laptop_episode_000001, laptop_episode_000002, laptop_episode_000003, laptop_episode_000004, laptop_episode_000005, laptop_episode_000006, laptop_episode_000007, laptop_episode_000008, laptop_episode_000009, laptop_episode_000010, laptop_episode_000011, laptop_episode_000012, laptop_episode_000013, laptop_episode_000014, laptop_episode_000015, laptop_episode_000016, laptop_episode_000017, laptop_episode_000018, laptop_episode_000019, laptop_episode_000020, laptop_episode_000021, laptop_episode_000022, laptop_episode_000023, laptop_episode_000024, laptop_episode_000025, laptop_episode_000026, laptop_episode_000027, laptop_episode_000028, laptop_episode_000029, phone_episode_000000, phone_episode_000001, phone_episode_000002, phone_episode_000003, phone_episode_000004, phone_episode_000005, phone_episode_000006, phone_episode_000007, phone_episode_000008, phone_episode_000009, phone_episode_000010, phone_episode_000011, phone_episode_000012, phone_episode_000013, phone_episode_000014, phone_episode_000015, phone_episode_000016, phone_episode_000017, phone_episode_000018, phone_episode_000019, phone_episode_000020, phone_episode_000021, phone_episode_000022, phone_episode_000023, phone_episode_000024, phone_episode_000025, phone_episode_000026, phone_episode_000027, phone_episode_000028, phone_episode_000029",60,"['laptop_episode_000000', 'laptop_episode_000001', 'laptop_episode_000002', 'laptop_episode_000003', 'laptop_episode_000004', 'laptop_episode_000005', 'laptop_episode_000006', 'laptop_episode_000007', 'laptop_episode_000008', 'laptop_episode_000009', 'laptop_episode_000010', 'laptop_episode_000011', 'laptop_episode_000012', 'laptop_episode_000013', 'laptop_episode_000014', 'laptop_episode_000015', 'laptop_episode_000016', 'laptop_episode_000017', 'laptop_episode_000018', 'laptop_episode_000019', 'laptop_episode_000020', 'laptop_episode_000021', 'laptop_episode_000022', 'laptop_episode_000023', 'laptop_episode_000024', 'laptop_episode_000025', 'laptop_episode_000026', 'laptop_episode_000027', 'laptop_episode_000028', 'laptop_episode_000029', 'phone_episode_000000', 'phone_episode_000001', 'phone_episode_000002', 'phone_episode_000003', 'phone_episode_000004', 'phone_episode_000005', 'phone_episode_000006', 'phone_episode_000007', 'phone_episode_000008', 'phone_episode_000009', 'phone_episode_000010', 'phone_episode_000011', 'phone_episode_000012', 'phone_episode_000013', 'phone_episode_000014', 'phone_episode_000015', 'phone_episode_000016', 'phone_episode_000017', 'phone_episode_000018', 'phone_episode_000019', 'phone_episode_000020', 'phone_episode_000021', 'phone_episode_000022', 'phone_episode_000023', 'phone_episode_000024', 'phone_episode_000025', 'phone_episode_000026', 'phone_episode_000027', 'phone_episode_000028', 'phone_episode_000029']",0,36,0,Unknown,Unknown,,"This dataset was created using LeRobot.
...",2024-12-13 09:30:49+00:00
AK51/so100_test8,https://huggingface.co/datasets/AK51/so100_test8,https://huggingface.co/spaces/lerobot/visualize_dataset?path=AK51/so100_test8,2025-03-27 04:26:09,SO100,30,156,120,45.0,480x640,30.0,90.0,3,"laptop, phone, phone1, phone2",4,"['laptop', 'phone', 'phone1', 'phone2']",0,50,0,apache-2.0,Apache License 2.0,https://opensource.org/licenses/Apache-2.0,"This dataset was created using LeRobot.

	
		
		Dataset Structure
	

meta/info.json:
{
    ""codebase_version"": ""v2.1"",
    ""robot_type"": ""so100"",
    ""total_episodes"": 30,
    ""total_frames"": 7470,
  ...",2025-03-27 04:27:52+00:00
AkibaGeek/so100_test,https://huggingface.co/datasets/AkibaGeek/so100_test,https://huggingface.co/spaces/lerobot/visualize_dataset?path=AkibaGeek/so100_test,2025-05-31 09:34:25,SO100,30,96,60,45.0,480x640,30.0,45.0,3,"laptop, phone",2,"['laptop', 'phone']",0,322,0,apache-2.0,Apache License 2.0,https://opensource.org/licenses/Apache-2.0,"This dataset was created using LeRobot.

	
		
		Dataset Structure
	

meta/info.json:
{
    ""codebase_version"": ""v2.1"",
    ""robot_type"": ""so100"",
    ""total_episodes"": 5,
    ""total_frames"": 1490,
   ...",2025-06-01 01:25:41+00:00
zijian2022/so100_test_109_4,https://huggingface.co/datasets/zijian2022/so100_test_109_4,https://huggingface.co/spaces/lerobot/visualize_dataset?path=zijian2022/so100_test_109_4,2025-01-09 19:27:12,SO100,30,96,60,45.0,480x640,30.0,45.0,3,"laptop, phone",2,"['laptop', 'phone']",0,53,0,apache-2.0,Apache License 2.0,https://opensource.org/licenses/Apache-2.0,"This dataset was created using LeRobot.

	
		
		Dataset Structure
	

meta/info.json:
{
    ""codebase_version"": ""v2.0"",
    ""robot_type"": ""so100"",
    ""total_episodes"": 30,
    ""total_frames"": 3079,
  ...",2025-01-09 19:27:25+00:00
BENVBAI/so100_eraser2bowl,https://huggingface.co/datasets/BENVBAI/so100_eraser2bowl,https://huggingface.co/spaces/lerobot/visualize_dataset?path=BENVBAI/so100_eraser2bowl,2025-05-15 03:41:54,SO100,30,96,60,45.0,480x640,30.0,45.0,3,"laptop, phone",2,"['laptop', 'phone']",0,200,0,apache-2.0,Apache License 2.0,https://opensource.org/licenses/Apache-2.0,"This dataset was created using LeRobot.

	
		
		Dataset Structure
	

meta/info.json:
{
    ""codebase_version"": ""v2.1"",
    ""robot_type"": ""so100"",
    ""total_episodes"": 30,
    ""total_frames"": 26720,
 ...",2025-05-15 03:55:21+00:00
Bashar-Alhaffar/bimanual_so100,https://huggingface.co/datasets/Bashar-Alhaffar/bimanual_so100,https://huggingface.co/spaces/lerobot/visualize_dataset?path=Bashar-Alhaffar/bimanual_so100,2025-04-20 20:45:04,SO100,30,126,90,45.0,480x640,30.0,67.5,3,"left, overhead, right",3,"['left', 'overhead', 'right']",0,41,1,apache-2.0,Apache License 2.0,https://opensource.org/licenses/Apache-2.0,"This dataset was created using LeRobot.

	
		
		Dataset Structure
	

meta/info.json:
{
    ""codebase_version"": ""v2.1"",
    ""robot_type"": ""so100_aloha"",
    ""total_episodes"": 30,
    ""total_frames"": 22...",2025-04-20 20:46:56+00:00
BobBobbson/so100_First_Gripper_Test,https://huggingface.co/datasets/BobBobbson/so100_First_Gripper_Test,https://huggingface.co/spaces/lerobot/visualize_dataset?path=BobBobbson/so100_First_Gripper_Test,2025-06-12 21:19:23,SO100,30,126,90,45.0,480x640,30.0,67.5,3,"obs_gripper_viz, overhead, wrist",3,"['obs_gripper_viz', 'overhead', 'wrist']",0,147,0,apache-2.0,Apache License 2.0,https://opensource.org/licenses/Apache-2.0,"This dataset was created using LeRobot.

	
		
		Dataset Structure
	

meta/info.json:
{
    ""codebase_version"": ""v2.1"",
    ""robot_type"": ""so100"",
    ""total_episodes"": 30,
    ""total_frames"": 28889,
 ...",2025-06-12 21:20:09+00:00
zero7101/so100_dataset_06,https://huggingface.co/datasets/zero7101/so100_dataset_06,https://huggingface.co/spaces/lerobot/visualize_dataset?path=zero7101/so100_dataset_06,2025-06-03 18:34:09,SO100,30,95,60,30.0,480x640,30.0,30.0,3,"01, 02, camera_01, camera_02, era_01, era_02",6,"['01', '02', 'camera_01', 'camera_02', 'era_01', 'era_02']",0,83,0,Unknown,Unknown,,,2025-06-05 14:28:22+00:00
zero7101/so100_dataset_05,https://huggingface.co/datasets/zero7101/so100_dataset_05,https://huggingface.co/spaces/lerobot/visualize_dataset?path=zero7101/so100_dataset_05,2025-06-03 16:04:20,SO100,30,95,60,30.0,480x640,30.0,30.0,3,"01, 02, camera_01, camera_02, era_01, era_02",6,"['01', '02', 'camera_01', 'camera_02', 'era_01', 'era_02']",0,48,0,Unknown,Unknown,,,2025-06-03 16:06:25+00:00
Ityl/so100_recording1,https://huggingface.co/datasets/Ityl/so100_recording1,https://huggingface.co/spaces/lerobot/visualize_dataset?path=Ityl/so100_recording1,2025-01-29 10:52:18,SO100,30,96,60,45.0,480x640,30.0,45.0,3,"realsense_side, realsense_top",2,"['realsense_side', 'realsense_top']",0,120,0,apache-2.0,Apache License 2.0,https://opensource.org/licenses/Apache-2.0,"This dataset was created using LeRobot.

	
		
		Dataset Structure
	

meta/info.json:
{
    ""codebase_version"": ""v2.0"",
    ""robot_type"": ""so100"",
    ""total_episodes"": 30,
    ""total_frames"": 11447,
 ...",2025-01-29 10:52:35+00:00
Ityl/so100_test2,https://huggingface.co/datasets/Ityl/so100_test2,https://huggingface.co/spaces/lerobot/visualize_dataset?path=Ityl/so100_test2,2025-01-23 15:40:12,SO100,30,96,60,45.0,480x640,30.0,45.0,3,"realsense_side, realsense_top",2,"['realsense_side', 'realsense_top']",0,88,0,apache-2.0,Apache License 2.0,https://opensource.org/licenses/Apache-2.0,"This dataset was created using LeRobot.

	
		
		Dataset Structure
	

meta/info.json:
{
    ""codebase_version"": ""v2.0"",
    ""robot_type"": ""so100"",
    ""total_episodes"": 30,
    ""total_frames"": 11447,
 ...",2025-01-28 22:22:21+00:00
zero7101/so100_Dataset_10,https://huggingface.co/datasets/zero7101/so100_Dataset_10,https://huggingface.co/spaces/lerobot/visualize_dataset?path=zero7101/so100_Dataset_10,2025-06-06 17:49:00,SO100,30,95,60,30.0,480x640,30.0,30.0,3,"01, 02, camera_01, camera_02, era_01, era_02",6,"['01', '02', 'camera_01', 'camera_02', 'era_01', 'era_02']",0,36,0,Unknown,Unknown,,,2025-06-06 17:49:06+00:00
Jiafei1224/so100_cubestack2,https://huggingface.co/datasets/Jiafei1224/so100_cubestack2,https://huggingface.co/spaces/lerobot/visualize_dataset?path=Jiafei1224/so100_cubestack2,2025-04-25 18:12:20,SO100,30,96,60,45.0,480x640,30.0,45.0,3,"laptop, phone",2,"['laptop', 'phone']",0,68,0,apache-2.0,Apache License 2.0,https://opensource.org/licenses/Apache-2.0,"This dataset was created using LeRobot.

	
		
		Dataset Structure
	

meta/info.json:
{
    ""codebase_version"": ""v2.1"",
    ""robot_type"": ""so100"",
    ""total_episodes"": 30,
    ""total_frames"": 13434,
 ...",2025-04-25 18:13:07+00:00
Jiafei1224/so100_pa222per,https://huggingface.co/datasets/Jiafei1224/so100_pa222per,https://huggingface.co/spaces/lerobot/visualize_dataset?path=Jiafei1224/so100_pa222per,2025-04-13 23:39:06,SO100,30,96,60,45.0,480x640,30.0,45.0,3,"laptop, phone",2,"['laptop', 'phone']",0,79,0,apache-2.0,Apache License 2.0,https://opensource.org/licenses/Apache-2.0,"This dataset was created using LeRobot.

	
		
		Dataset Structure
	

meta/info.json:
{
    ""codebase_version"": ""v2.1"",
    ""robot_type"": ""so100"",
    ""total_episodes"": 30,
    ""total_frames"": 13442,
 ...",2025-04-13 23:39:52+00:00
Jiafei1224/so100_test7,https://huggingface.co/datasets/Jiafei1224/so100_test7,https://huggingface.co/spaces/lerobot/visualize_dataset?path=Jiafei1224/so100_test7,2025-04-11 05:47:48,SO100,30,96,60,45.0,480x640,30.0,45.0,3,"laptop, phone",2,"['laptop', 'phone']",0,50,0,apache-2.0,Apache License 2.0,https://opensource.org/licenses/Apache-2.0,"This dataset was created using LeRobot.

	
		
		Dataset Structure
	

meta/info.json:
{
    ""codebase_version"": ""v2.1"",
    ""robot_type"": ""so100"",
    ""total_episodes"": 30,
    ""total_frames"": 13441,
 ...",2025-04-11 05:48:09+00:00
Louisnbt/so100_test9,https://huggingface.co/datasets/Louisnbt/so100_test9,https://huggingface.co/spaces/lerobot/visualize_dataset?path=Louisnbt/so100_test9,2025-04-05 12:51:42,SO100,30,96,60,45.0,480x640,30.0,45.0,3,"laptop, phone",2,"['laptop', 'phone']",0,122,0,apache-2.0,Apache License 2.0,https://opensource.org/licenses/Apache-2.0,"This dataset was created using LeRobot.

	
		
		Dataset Structure
	

meta/info.json:
{
    ""codebase_version"": ""v2.1"",
    ""robot_type"": ""so100"",
    ""total_episodes"": 30,
    ""total_frames"": 22186,
 ...",2025-04-05 12:52:02+00:00
zaringleb/so100_cube_4_binary,https://huggingface.co/datasets/zaringleb/so100_cube_4_binary,https://huggingface.co/spaces/lerobot/visualize_dataset?path=zaringleb/so100_cube_4_binary,2025-02-17 22:48:51,SO100,30,66,30,30.0,480x640,30.0,15.0,3,"cam_high, high",2,"['cam_high', 'high']",0,54,0,apache-2.0,Apache License 2.0,https://opensource.org/licenses/Apache-2.0,"This dataset was created using LeRobot.

	
		
		Dataset Structure
	

meta/info.json:
{
    ""codebase_version"": ""v2.0"",
    ""robot_type"": ""so100"",
    ""total_episodes"": 30,
    ""total_frames"": 8059,
  ...",2025-02-17 22:50:21+00:00
TzuShian/so100_chess_test2,https://huggingface.co/datasets/TzuShian/so100_chess_test2,https://huggingface.co/spaces/lerobot/visualize_dataset?path=TzuShian/so100_chess_test2,2025-03-06 03:46:34,SO100,30,96,60,45.0,480x640,30.0,45.0,3,"laptop, phone",2,"['laptop', 'phone']",0,66,0,apache-2.0,Apache License 2.0,https://opensource.org/licenses/Apache-2.0,"This dataset was created using LeRobot.

	
		
		Dataset Structure
	

meta/info.json:
{
    ""codebase_version"": ""v2.1"",
    ""robot_type"": ""so100"",
    ""total_episodes"": 30,
    ""total_frames"": 16185,
 ...",2025-03-06 03:46:56+00:00
TzuShian/so100_chess_test3,https://huggingface.co/datasets/TzuShian/so100_chess_test3,https://huggingface.co/spaces/lerobot/visualize_dataset?path=TzuShian/so100_chess_test3,2025-03-06 08:48:16,SO100,30,96,60,45.0,480x640,30.0,45.0,3,"laptop, phone",2,"['laptop', 'phone']",0,73,0,apache-2.0,Apache License 2.0,https://opensource.org/licenses/Apache-2.0,"This dataset was created using LeRobot.

	
		
		Dataset Structure
	

meta/info.json:
{
    ""codebase_version"": ""v2.1"",
    ""robot_type"": ""so100"",
    ""total_episodes"": 30,
    ""total_frames"": 17404,
 ...",2025-03-06 08:48:40+00:00
yuz1wan/so100_pickplace,https://huggingface.co/datasets/yuz1wan/so100_pickplace,https://huggingface.co/spaces/lerobot/visualize_dataset?path=yuz1wan/so100_pickplace,2025-01-19 15:10:11,SO100,30,96,60,45.0,480x640,30.0,45.0,3,"side, wrist",2,"['side', 'wrist']",0,79,0,apache-2.0,Apache License 2.0,https://opensource.org/licenses/Apache-2.0,"This dataset was created using LeRobot.

	
		
		Dataset Structure
	

meta/info.json:
{
    ""codebase_version"": ""v2.0"",
    ""robot_type"": ""so100"",
    ""total_episodes"": 30,
    ""total_frames"": 9068,
  ...",2025-01-19 15:11:04+00:00
ZGGZZG/so100_drop1,https://huggingface.co/datasets/ZGGZZG/so100_drop1,https://huggingface.co/spaces/lerobot/visualize_dataset?path=ZGGZZG/so100_drop1,2025-03-27 08:14:36,SO100,30,96,60,45.0,480x640,30.0,45.0,3,"left, up",2,"['left', 'up']",0,53,0,apache-2.0,Apache License 2.0,https://opensource.org/licenses/Apache-2.0,"This dataset was created using LeRobot.

	
		
		Dataset Structure
	

meta/info.json:
{
    ""codebase_version"": ""v2.1"",
    ""robot_type"": ""so100"",
    ""total_episodes"": 30,
    ""total_frames"": 16383,
 ...",2025-03-27 08:16:08+00:00
Setchii/so100_grab_ball,https://huggingface.co/datasets/Setchii/so100_grab_ball,https://huggingface.co/spaces/lerobot/visualize_dataset?path=Setchii/so100_grab_ball,2025-04-15 11:11:22,SO100,30,96,60,45.0,480x640,30.0,45.0,3,"laptop, phone",2,"['laptop', 'phone']",0,75,0,apache-2.0,Apache License 2.0,https://opensource.org/licenses/Apache-2.0,"This dataset was created using LeRobot.

	
		
		Dataset Structure
	

meta/info.json:
{
    ""codebase_version"": ""v2.1"",
    ""robot_type"": ""so100"",
    ""total_episodes"": 30,
    ""total_frames"": 13031,
 ...",2025-04-15 11:11:42+00:00
fil1021/so100_test_0419,https://huggingface.co/datasets/fil1021/so100_test_0419,https://huggingface.co/spaces/lerobot/visualize_dataset?path=fil1021/so100_test_0419,2025-04-19 01:35:29,SO100,30,96,60,45.0,480x640,30.0,45.0,3,"background, gripper",2,"['background', 'gripper']",0,58,0,apache-2.0,Apache License 2.0,https://opensource.org/licenses/Apache-2.0,"This dataset was created using LeRobot.

	
		
		Dataset Structure
	

meta/info.json:
{
    ""codebase_version"": ""v2.1"",
    ""robot_type"": ""so100"",
    ""total_episodes"": 30,
    ""total_frames"": 14940,
 ...",2025-04-19 01:36:15+00:00
wannrrr/so100_grab_a_carton_and_put_it_into_the_box,https://huggingface.co/datasets/wannrrr/so100_grab_a_carton_and_put_it_into_the_box,https://huggingface.co/spaces/lerobot/visualize_dataset?path=wannrrr/so100_grab_a_carton_and_put_it_into_the_box,2025-04-11 12:33:31,SO100,30,707,83,30.0,480x640,30.0,41.5,3,"1, 2, web_1, web_2, webcam1, webcam2",6,"['1', '2', 'web_1', 'web_2', 'webcam1', 'webcam2']",0,9,0,Unknown,Unknown,,,2025-04-11 12:39:18+00:00
lirislab/so100_demo,https://huggingface.co/datasets/lirislab/so100_demo,https://huggingface.co/spaces/lerobot/visualize_dataset?path=lirislab/so100_demo,2025-04-08 15:12:54,SO100,30,66,30,45.0,480x640,30.0,22.5,3,front,1,['front'],0,142,0,apache-2.0,Apache License 2.0,https://opensource.org/licenses/Apache-2.0,"This dataset was created using LeRobot.

	
		
		Dataset Structure
	

meta/info.json:
{
    ""codebase_version"": ""v2.0"",
    ""robot_type"": ""so100"",
    ""total_episodes"": 30,
    ""total_frames"": 16763,
 ...",2025-04-08 15:14:31+00:00
kantine/so100_test_3,https://huggingface.co/datasets/kantine/so100_test_3,https://huggingface.co/spaces/lerobot/visualize_dataset?path=kantine/so100_test_3,2025-01-28 16:12:45,SO100,30,96,60,45.0,480x640,30.0,45.0,3,"logitech_1, logitech_2",2,"['logitech_1', 'logitech_2']",0,48,0,apache-2.0,Apache License 2.0,https://opensource.org/licenses/Apache-2.0,"This dataset was created using LeRobot.

	
		
		Dataset Structure
	

meta/info.json:
{
    ""codebase_version"": ""v2.0"",
    ""robot_type"": ""so100"",
    ""total_episodes"": 30,
    ""total_frames"": 13440,
 ...",2025-01-28 16:13:00+00:00
kumarhans/so100_push_box_real1,https://huggingface.co/datasets/kumarhans/so100_push_box_real1,https://huggingface.co/spaces/lerobot/visualize_dataset?path=kumarhans/so100_push_box_real1,2025-04-27 19:15:30,SO100,30,96,60,30.0,480x640,30.0,30.0,3,"ego_, ego_cam, wrist_, wrist_cam",4,"['ego_', 'ego_cam', 'wrist_', 'wrist_cam']",0,55,0,apache-2.0,Apache License 2.0,https://opensource.org/licenses/Apache-2.0,"This dataset was created using LeRobot.

	
		
		Dataset Structure
	

meta/info.json:
{
    ""codebase_version"": ""v2.1"",
    ""robot_type"": ""so100"",
    ""total_episodes"": 30,
    ""total_frames"": 20095,
 ...",2025-04-27 19:18:04+00:00
kyomangold/so100_ttt_A2_v2,https://huggingface.co/datasets/kyomangold/so100_ttt_A2_v2,https://huggingface.co/spaces/lerobot/visualize_dataset?path=kyomangold/so100_ttt_A2_v2,2025-05-10 16:32:59,SO100,30,96,60,45.0,480x640,30.0,45.0,3,"laptop, phone",2,"['laptop', 'phone']",0,59,0,apache-2.0,Apache License 2.0,https://opensource.org/licenses/Apache-2.0,"This dataset was created using LeRobot.

	
		
		Dataset Structure
	

meta/info.json:
{
    ""codebase_version"": ""v2.1"",
    ""robot_type"": ""so100"",
    ""total_episodes"": 30,
    ""total_frames"": 15238,
 ...",2025-05-10 16:33:20+00:00
kyomangold/so100_ttt_A3_v2,https://huggingface.co/datasets/kyomangold/so100_ttt_A3_v2,https://huggingface.co/spaces/lerobot/visualize_dataset?path=kyomangold/so100_ttt_A3_v2,2025-05-10 16:49:59,SO100,30,96,60,45.0,480x640,30.0,45.0,3,"laptop, phone",2,"['laptop', 'phone']",0,72,0,apache-2.0,Apache License 2.0,https://opensource.org/licenses/Apache-2.0,"This dataset was created using LeRobot.

	
		
		Dataset Structure
	

meta/info.json:
{
    ""codebase_version"": ""v2.1"",
    ""robot_type"": ""so100"",
    ""total_episodes"": 30,
    ""total_frames"": 15238,
 ...",2025-05-10 16:50:21+00:00
kyomangold/so100_ttt_B1_v2,https://huggingface.co/datasets/kyomangold/so100_ttt_B1_v2,https://huggingface.co/spaces/lerobot/visualize_dataset?path=kyomangold/so100_ttt_B1_v2,2025-05-10 17:59:36,SO100,30,96,60,45.0,480x640,30.0,45.0,3,"laptop, phone",2,"['laptop', 'phone']",0,58,0,apache-2.0,Apache License 2.0,https://opensource.org/licenses/Apache-2.0,"This dataset was created using LeRobot.

	
		
		Dataset Structure
	

meta/info.json:
{
    ""codebase_version"": ""v2.1"",
    ""robot_type"": ""so100"",
    ""total_episodes"": 30,
    ""total_frames"": 15240,
 ...",2025-05-10 18:00:14+00:00
kyomangold/so100_ttt_B2_v2,https://huggingface.co/datasets/kyomangold/so100_ttt_B2_v2,https://huggingface.co/spaces/lerobot/visualize_dataset?path=kyomangold/so100_ttt_B2_v2,2025-05-10 18:16:26,SO100,30,96,60,45.0,480x640,30.0,45.0,3,"laptop, phone",2,"['laptop', 'phone']",0,70,0,apache-2.0,Apache License 2.0,https://opensource.org/licenses/Apache-2.0,"This dataset was created using LeRobot.

	
		
		Dataset Structure
	

meta/info.json:
{
    ""codebase_version"": ""v2.1"",
    ""robot_type"": ""so100"",
    ""total_episodes"": 30,
    ""total_frames"": 15239,
 ...",2025-05-10 18:16:51+00:00
kyomangold/so100_ttt_B3_v2,https://huggingface.co/datasets/kyomangold/so100_ttt_B3_v2,https://huggingface.co/spaces/lerobot/visualize_dataset?path=kyomangold/so100_ttt_B3_v2,2025-05-10 18:33:01,SO100,30,96,60,45.0,480x640,30.0,45.0,3,"laptop, phone",2,"['laptop', 'phone']",0,66,0,apache-2.0,Apache License 2.0,https://opensource.org/licenses/Apache-2.0,"This dataset was created using LeRobot.

	
		
		Dataset Structure
	

meta/info.json:
{
    ""codebase_version"": ""v2.1"",
    ""robot_type"": ""so100"",
    ""total_episodes"": 30,
    ""total_frames"": 15239,
 ...",2025-05-10 18:33:29+00:00
kyomangold/so100_ttt_C1_v2,https://huggingface.co/datasets/kyomangold/so100_ttt_C1_v2,https://huggingface.co/spaces/lerobot/visualize_dataset?path=kyomangold/so100_ttt_C1_v2,2025-05-10 18:51:00,SO100,30,96,60,45.0,480x640,30.0,45.0,3,"laptop, phone",2,"['laptop', 'phone']",0,71,0,apache-2.0,Apache License 2.0,https://opensource.org/licenses/Apache-2.0,"This dataset was created using LeRobot.

	
		
		Dataset Structure
	

meta/info.json:
{
    ""codebase_version"": ""v2.1"",
    ""robot_type"": ""so100"",
    ""total_episodes"": 30,
    ""total_frames"": 15235,
 ...",2025-05-10 18:51:29+00:00
kyomangold/so100_ttt_C2_v2,https://huggingface.co/datasets/kyomangold/so100_ttt_C2_v2,https://huggingface.co/spaces/lerobot/visualize_dataset?path=kyomangold/so100_ttt_C2_v2,2025-05-10 19:09:00,SO100,30,96,60,45.0,480x640,30.0,45.0,3,"laptop, phone",2,"['laptop', 'phone']",0,66,0,apache-2.0,Apache License 2.0,https://opensource.org/licenses/Apache-2.0,"This dataset was created using LeRobot.

	
		
		Dataset Structure
	

meta/info.json:
{
    ""codebase_version"": ""v2.1"",
    ""robot_type"": ""so100"",
    ""total_episodes"": 30,
    ""total_frames"": 15240,
 ...",2025-05-10 19:09:23+00:00
kyomangold/so100_ttt_C3_v2,https://huggingface.co/datasets/kyomangold/so100_ttt_C3_v2,https://huggingface.co/spaces/lerobot/visualize_dataset?path=kyomangold/so100_ttt_C3_v2,2025-05-10 19:29:22,SO100,30,96,60,45.0,480x640,30.0,45.0,3,"laptop, phone",2,"['laptop', 'phone']",0,66,0,apache-2.0,Apache License 2.0,https://opensource.org/licenses/Apache-2.0,"This dataset was created using LeRobot.

	
		
		Dataset Structure
	

meta/info.json:
{
    ""codebase_version"": ""v2.1"",
    ""robot_type"": ""so100"",
    ""total_episodes"": 30,
    ""total_frames"": 15239,
 ...",2025-05-10 19:29:53+00:00
lirislab/so100_throw_red_cube,https://huggingface.co/datasets/lirislab/so100_throw_red_cube,https://huggingface.co/spaces/lerobot/visualize_dataset?path=lirislab/so100_throw_red_cube,2025-04-17 09:04:17,SO100,30,66,30,45.0,480x640,30.0,22.5,3,front,1,['front'],0,163,0,apache-2.0,Apache License 2.0,https://opensource.org/licenses/Apache-2.0,"This dataset was created using LeRobot.

	
		
		Dataset Structure
	

meta/info.json:
{
    ""codebase_version"": ""v2.0"",
    ""robot_type"": ""so100"",
    ""total_episodes"": 30,
    ""total_frames"": 6765,
  ...",2025-04-17 09:05:00+00:00
jiroh2000/so100_test_a001,https://huggingface.co/datasets/jiroh2000/so100_test_a001,https://huggingface.co/spaces/lerobot/visualize_dataset?path=jiroh2000/so100_test_a001,2025-05-31 03:41:36,SO100,30,66,30,45.0,480x640,30.0,22.5,3,laptop,1,['laptop'],0,212,0,apache-2.0,Apache License 2.0,https://opensource.org/licenses/Apache-2.0,"This dataset was created using LeRobot.

	
		
		Dataset Structure
	

meta/info.json:
{
    ""codebase_version"": ""v2.1"",
    ""robot_type"": ""so100"",
    ""total_episodes"": 15,
    ""total_frames"": 8955,
  ...",2025-05-31 03:51:22+00:00
masato-ka/so100_grasp_xy_cod,https://huggingface.co/datasets/masato-ka/so100_grasp_xy_cod,https://huggingface.co/spaces/lerobot/visualize_dataset?path=masato-ka/so100_grasp_xy_cod,2025-05-06 07:50:10,SO100,30,66,30,45.0,480x640,30.0,22.5,3,laptop,1,['laptop'],0,41,0,apache-2.0,Apache License 2.0,https://opensource.org/licenses/Apache-2.0,"This dataset was created using LeRobot.

	
		
		Dataset Structure
	

meta/info.json:
{
    ""codebase_version"": ""v2.1"",
    ""robot_type"": ""so100"",
    ""total_episodes"": 30,
    ""total_frames"": 17885,
 ...",2025-05-06 07:50:52+00:00
masato-ka/so100_separate_blue_green_blocks_v2,https://huggingface.co/datasets/masato-ka/so100_separate_blue_green_blocks_v2,https://huggingface.co/spaces/lerobot/visualize_dataset?path=masato-ka/so100_separate_blue_green_blocks_v2,2025-05-30 14:57:54,SO100,30,96,60,45.0,480x640,30.0,45.0,3,images,1,['images'],0,221,0,apache-2.0,Apache License 2.0,https://opensource.org/licenses/Apache-2.0,"This dataset was created using LeRobot.

	
		
		Dataset Structure
	

meta/info.json:
{
    ""codebase_version"": ""v2.1"",
    ""robot_type"": ""so100"",
    ""total_episodes"": 30,
    ""total_frames"": 26857,
 ...",2025-05-30 14:58:16+00:00
nguyen-v/so100_test_white_plug,https://huggingface.co/datasets/nguyen-v/so100_test_white_plug,https://huggingface.co/spaces/lerobot/visualize_dataset?path=nguyen-v/so100_test_white_plug,2025-04-10 17:44:36,SO100,30,96,60,45.0,480x640,30.0,45.0,3,"laptop, phone",2,"['laptop', 'phone']",0,48,0,apache-2.0,Apache License 2.0,https://opensource.org/licenses/Apache-2.0,"This dataset was created using LeRobot.

	
		
		Dataset Structure
	

meta/info.json:
{
    ""codebase_version"": ""v2.1"",
    ""robot_type"": ""so100"",
    ""total_episodes"": 30,
    ""total_frames"": 17880,
 ...",2025-04-10 17:45:33+00:00
pfung/so100_test6G,https://huggingface.co/datasets/pfung/so100_test6G,https://huggingface.co/spaces/lerobot/visualize_dataset?path=pfung/so100_test6G,2025-02-26 13:30:05,SO100,30,96,60,30.0,480x640,30.0,30.0,3,"cam_high, cam_wrist, high, wrist",4,"['cam_high', 'cam_wrist', 'high', 'wrist']",0,33,0,apache-2.0,Apache License 2.0,https://opensource.org/licenses/Apache-2.0,"This dataset was created using LeRobot.

	
		
		Dataset Structure
	

meta/info.json:
{
    ""codebase_version"": ""v2.0"",
    ""robot_type"": ""so100"",
    ""total_episodes"": 30,
    ""total_frames"": 16476,
 ...",2025-02-26 13:30:21+00:00
pfung/so100_test_clothfold_2,https://huggingface.co/datasets/pfung/so100_test_clothfold_2,https://huggingface.co/spaces/lerobot/visualize_dataset?path=pfung/so100_test_clothfold_2,2025-03-03 08:31:35,SO100,30,126,90,30.0,480x640,30.0,45.0,3,"cam_high, cam_wrist_left, cam_wrist_right, high, wrist_left, wrist_right",6,"['cam_high', 'cam_wrist_left', 'cam_wrist_right', 'high', 'wrist_left', 'wrist_right']",0,61,0,apache-2.0,Apache License 2.0,https://opensource.org/licenses/Apache-2.0,"This dataset was created using LeRobot.

	
		
		Dataset Structure
	

meta/info.json:
{
    ""codebase_version"": ""v2.0"",
    ""robot_type"": ""so100"",
    ""total_episodes"": 30,
    ""total_frames"": 34334,
 ...",2025-03-03 08:33:02+00:00
pfung/so100_test_clothfold_8_test,https://huggingface.co/datasets/pfung/so100_test_clothfold_8_test,https://huggingface.co/spaces/lerobot/visualize_dataset?path=pfung/so100_test_clothfold_8_test,2025-04-14 02:06:50,SO100,30,126,90,30.0,480x640,30.0,45.0,3,"cam_high, cam_wrist_left, cam_wrist_right, high, wrist_left, wrist_right",6,"['cam_high', 'cam_wrist_left', 'cam_wrist_right', 'high', 'wrist_left', 'wrist_right']",0,112,0,apache-2.0,Apache License 2.0,https://opensource.org/licenses/Apache-2.0,"This dataset was created using LeRobot.

	
		
		Dataset Structure
	

meta/info.json:
{
    ""codebase_version"": ""v2.1"",
    ""robot_type"": ""so100"",
    ""total_episodes"": 30,
    ""total_frames"": 14878,
 ...",2025-04-14 02:07:19+00:00
pranavsaroha/so100_onelego2,https://huggingface.co/datasets/pranavsaroha/so100_onelego2,https://huggingface.co/spaces/lerobot/visualize_dataset?path=pranavsaroha/so100_onelego2,2024-12-26 01:37:10,SO100,30,96,60,45.0,480x640,30.0,45.0,3,"laptop, phone",2,"['laptop', 'phone']",0,99,0,apache-2.0,Apache License 2.0,https://opensource.org/licenses/Apache-2.0,"This dataset was created using LeRobot.

	
		
		Dataset Structure
	

meta/info.json:
{
    ""codebase_version"": ""v2.0"",
    ""robot_type"": ""so100"",
    ""total_episodes"": 30,
    ""total_frames"": 10072,
 ...",2024-12-26 01:42:47+00:00
rgarreta/so100_dataset1,https://huggingface.co/datasets/rgarreta/so100_dataset1,https://huggingface.co/spaces/lerobot/visualize_dataset?path=rgarreta/so100_dataset1,2025-04-09 22:26:20,SO100,30,96,60,45.0,480x640,30.0,45.0,3,"front, wrist",2,"['front', 'wrist']",0,45,0,apache-2.0,Apache License 2.0,https://opensource.org/licenses/Apache-2.0,"This dataset was created using LeRobot.

	
		
		Dataset Structure
	

meta/info.json:
{
    ""codebase_version"": ""v2.1"",
    ""robot_type"": ""so100_with_koch"",
    ""total_episodes"": 30,
    ""total_frames""...",2025-04-09 22:35:04+00:00
ryanpennings/so100_pegcrate_e1,https://huggingface.co/datasets/ryanpennings/so100_pegcrate_e1,https://huggingface.co/spaces/lerobot/visualize_dataset?path=ryanpennings/so100_pegcrate_e1,2025-04-29 08:28:20,SO100,30,126,90,30.0,480x640,30.0,45.0,3,"era, side, side_era, sidecamera, top, top_era, topcamera, wrist, wrist_era, wristcamera",10,"['era', 'side', 'side_era', 'sidecamera', 'top', 'top_era', 'topcamera', 'wrist', 'wrist_era', 'wristcamera']",0,43,0,apache-2.0,Apache License 2.0,https://opensource.org/licenses/Apache-2.0,"This dataset was created using LeRobot.

	
		
		Dataset Structure
	

meta/info.json:
{
    ""codebase_version"": ""v2.1"",
    ""robot_type"": ""so100"",
    ""total_episodes"": 30,
    ""total_frames"": 7906,
  ...",2025-04-29 08:43:47+00:00
salhotra/so100wrist_pick_waterproof_connector,https://huggingface.co/datasets/salhotra/so100wrist_pick_waterproof_connector,https://huggingface.co/spaces/lerobot/visualize_dataset?path=salhotra/so100wrist_pick_waterproof_connector,2025-06-06 22:08:07,SO100,30,66,30,45.0,480x640,30.0,22.5,3,wrist,1,['wrist'],0,168,0,apache-2.0,Apache License 2.0,https://opensource.org/licenses/Apache-2.0,"This dataset was created using LeRobot.

	
		
		Dataset Structure
	

meta/info.json:
{
    ""codebase_version"": ""v2.1"",
    ""robot_type"": ""so100wrist"",
    ""total_episodes"": 2,
    ""total_frames"": 853,...",2025-06-06 22:23:50+00:00
jlitch/so100multicam7,https://huggingface.co/datasets/jlitch/so100multicam7,https://huggingface.co/spaces/lerobot/visualize_dataset?path=jlitch/so100multicam7,2025-01-09 21:24:19,SO100,30,96,60,45.0,480x640,30.0,45.0,3,"overview2, wrist",2,"['overview2', 'wrist']",0,51,0,apache-2.0,Apache License 2.0,https://opensource.org/licenses/Apache-2.0,"This dataset was created using LeRobot.

	
		
		Dataset Structure
	

meta/info.json:
{
    ""codebase_version"": ""v2.0"",
    ""robot_type"": ""so100"",
    ""total_episodes"": 30,
    ""total_frames"": 8585,
  ...",2025-01-09 21:38:52+00:00
jiroh2000/so100_test_001a,https://huggingface.co/datasets/jiroh2000/so100_test_001a,https://huggingface.co/spaces/lerobot/visualize_dataset?path=jiroh2000/so100_test_001a,2025-05-28 06:23:43,SO100,30,96,60,45.0,480x640,30.0,45.0,3,"laptop, phone",2,"['laptop', 'phone']",0,234,0,apache-2.0,Apache License 2.0,https://opensource.org/licenses/Apache-2.0,"This dataset was created using LeRobot.

	
		
		Dataset Structure
	

meta/info.json:
{
    ""codebase_version"": ""v2.1"",
    ""robot_type"": ""so100"",
    ""total_episodes"": 15,
    ""total_frames"": 11180,
 ...",2025-05-28 08:32:53+00:00
wangggg187/so100_test02,https://huggingface.co/datasets/wangggg187/so100_test02,https://huggingface.co/spaces/lerobot/visualize_dataset?path=wangggg187/so100_test02,2025-03-24 08:24:48,SO100,30,126,90,45.0,480x640,30.0,67.5,3,"front, left, top",3,"['front', 'left', 'top']",0,95,0,apache-2.0,Apache License 2.0,https://opensource.org/licenses/Apache-2.0,"This dataset was created using LeRobot.

	
		
		Dataset Structure
	

meta/info.json:
{
    ""codebase_version"": ""v2.1"",
    ""robot_type"": ""so100"",
    ""total_episodes"": 30,
    ""total_frames"": 22878,
 ...",2025-03-24 08:25:37+00:00
tfoldi/so100_glass_1,https://huggingface.co/datasets/tfoldi/so100_glass_1,https://huggingface.co/spaces/lerobot/visualize_dataset?path=tfoldi/so100_glass_1,2025-05-17 15:04:33,SO100,30,66,30,45.0,480x640,30.0,22.5,3,laptop,1,['laptop'],0,185,0,apache-2.0,Apache License 2.0,https://opensource.org/licenses/Apache-2.0,"This dataset was created using LeRobot.

	
		
		Dataset Structure
	

meta/info.json:
{
    ""codebase_version"": ""v2.0"",
    ""robot_type"": ""so100"",
    ""total_episodes"": 30,
    ""total_frames"": 8849,
  ...",2025-05-17 15:05:03+00:00
doujiangwang/so100_new_test_30_episode,https://huggingface.co/datasets/doujiangwang/so100_new_test_30_episode,https://huggingface.co/spaces/lerobot/visualize_dataset?path=doujiangwang/so100_new_test_30_episode,2025-03-04 14:36:39,SO100,30,96,60,45.0,480x640,30.0,45.0,3,"laptop, phone",2,"['laptop', 'phone']",0,48,0,apache-2.0,Apache License 2.0,https://opensource.org/licenses/Apache-2.0,"This dataset was created using LeRobot.

	
		
		Dataset Structure
	

meta/info.json:
{
    ""codebase_version"": ""v2.0"",
    ""robot_type"": ""so100"",
    ""total_episodes"": 30,
    ""total_frames"": 8970,
  ...",2025-03-04 14:37:45+00:00
easonjcc/so100_test-02,https://huggingface.co/datasets/easonjcc/so100_test-02,https://huggingface.co/spaces/lerobot/visualize_dataset?path=easonjcc/so100_test-02,2025-04-15 12:28:56,SO100,30,96,60,45.0,480x640,30.0,45.0,3,"laptop, phone",2,"['laptop', 'phone']",0,52,0,apache-2.0,Apache License 2.0,https://opensource.org/licenses/Apache-2.0,"This dataset was created using LeRobot.

	
		
		Dataset Structure
	

meta/info.json:
{
    ""codebase_version"": ""v2.1"",
    ""robot_type"": ""so100"",
    ""total_episodes"": 30,
    ""total_frames"": 13193,
 ...",2025-04-15 12:29:28+00:00
easonjcc/so100_test-03,https://huggingface.co/datasets/easonjcc/so100_test-03,https://huggingface.co/spaces/lerobot/visualize_dataset?path=easonjcc/so100_test-03,2025-04-15 13:12:18,SO100,30,96,60,45.0,480x640,30.0,45.0,3,"laptop, phone",2,"['laptop', 'phone']",0,46,0,apache-2.0,Apache License 2.0,https://opensource.org/licenses/Apache-2.0,"This dataset was created using LeRobot.

	
		
		Dataset Structure
	

meta/info.json:
{
    ""codebase_version"": ""v2.1"",
    ""robot_type"": ""so100"",
    ""total_episodes"": 30,
    ""total_frames"": 13264,
 ...",2025-04-15 13:13:06+00:00
easonjcc/so100_test-04,https://huggingface.co/datasets/easonjcc/so100_test-04,https://huggingface.co/spaces/lerobot/visualize_dataset?path=easonjcc/so100_test-04,2025-04-17 14:17:58,SO100,30,126,90,45.0,480x640,30.0,67.5,3,"c1, c2, c3",3,"['c1', 'c2', 'c3']",0,45,0,apache-2.0,Apache License 2.0,https://opensource.org/licenses/Apache-2.0,"This dataset was created using LeRobot.

	
		
		Dataset Structure
	

meta/info.json:
{
    ""codebase_version"": ""v2.1"",
    ""robot_type"": ""so100"",
    ""total_episodes"": 30,
    ""total_frames"": 19608,
 ...",2025-04-17 14:20:04+00:00
easonjcc/so100_test-05,https://huggingface.co/datasets/easonjcc/so100_test-05,https://huggingface.co/spaces/lerobot/visualize_dataset?path=easonjcc/so100_test-05,2025-04-19 06:03:43,SO100,30,156,120,45.0,480x640,30.0,90.0,3,"eye, front, hand",3,"['eye', 'front', 'hand']",0,48,0,apache-2.0,Apache License 2.0,https://opensource.org/licenses/Apache-2.0,"This dataset was created using LeRobot.

	
		
		Dataset Structure
	

meta/info.json:
{
    ""codebase_version"": ""v2.1"",
    ""robot_type"": ""so100"",
    ""total_episodes"": 30,
    ""total_frames"": 9963,
  ...",2025-04-19 06:04:57+00:00
gdut508/final_so100_test,https://huggingface.co/datasets/gdut508/final_so100_test,https://huggingface.co/spaces/lerobot/visualize_dataset?path=gdut508/final_so100_test,2025-03-10 10:35:31,SO100,30,96,60,45.0,480x640,30.0,45.0,3,"laptop, phone",2,"['laptop', 'phone']",0,189,0,apache-2.0,Apache License 2.0,https://opensource.org/licenses/Apache-2.0,"This dataset was created using LeRobot.

	
		
		Dataset Structure
	

meta/info.json:
{
    ""codebase_version"": ""v2.0"",
    ""robot_type"": ""so100"",
    ""total_episodes"": 30,
    ""total_frames"": 9430,
  ...",2025-03-10 10:36:29+00:00
gdut508/final_so100_test_1,https://huggingface.co/datasets/gdut508/final_so100_test_1,https://huggingface.co/spaces/lerobot/visualize_dataset?path=gdut508/final_so100_test_1,2025-03-21 07:22:31,SO100,30,96,60,45.0,480x640,30.0,45.0,3,"laptop, phone",2,"['laptop', 'phone']",0,110,0,apache-2.0,Apache License 2.0,https://opensource.org/licenses/Apache-2.0,"This dataset was created using LeRobot.

	
		
		Dataset Structure
	

meta/info.json:
{
    ""codebase_version"": ""v2.1"",
    ""robot_type"": ""so100"",
    ""total_episodes"": 30,
    ""total_frames"": 7802,
  ...",2025-03-21 07:33:23+00:00
gxy1111/so100_close_drawer,https://huggingface.co/datasets/gxy1111/so100_close_drawer,https://huggingface.co/spaces/lerobot/visualize_dataset?path=gxy1111/so100_close_drawer,2025-04-20 14:26:23,SO100,30,96,60,45.0,480x640,30.0,45.0,3,"eye, wrist",2,"['eye', 'wrist']",0,40,0,apache-2.0,Apache License 2.0,https://opensource.org/licenses/Apache-2.0,"This dataset was created using LeRobot.

	
		
		Dataset Structure
	

meta/info.json:
{
    ""codebase_version"": ""v2.1"",
    ""robot_type"": ""so100"",
    ""total_episodes"": 30,
    ""total_frames"": 4459,
  ...",2025-04-20 14:26:54+00:00
tfoldi/so100_test,https://huggingface.co/datasets/tfoldi/so100_test,https://huggingface.co/spaces/lerobot/visualize_dataset?path=tfoldi/so100_test,2025-04-18 15:44:14,SO100,30,66,30,45.0,480x640,30.0,22.5,3,laptop,1,['laptop'],0,91,0,apache-2.0,Apache License 2.0,https://opensource.org/licenses/Apache-2.0,"This dataset was created using LeRobot.

	
		
		Dataset Structure
	

meta/info.json:
{
    ""codebase_version"": ""v2.0"",
    ""robot_type"": ""so100"",
    ""total_episodes"": 30,
    ""total_frames"": 8850,
  ...",2025-04-18 15:45:13+00:00
gxy1111/so100_pen3,https://huggingface.co/datasets/gxy1111/so100_pen3,https://huggingface.co/spaces/lerobot/visualize_dataset?path=gxy1111/so100_pen3,2025-06-07 15:02:32,SO100,30,96,60,45.0,480x640,30.0,45.0,3,"eye, wrist",2,"['eye', 'wrist']",0,250,0,apache-2.0,Apache License 2.0,https://opensource.org/licenses/Apache-2.0,"This dataset was created using LeRobot.

	
		
		Dataset Structure
	

meta/info.json:
{
    ""codebase_version"": ""v2.1"",
    ""robot_type"": ""so100"",
    ""total_episodes"": 30,
    ""total_frames"": 5208,
  ...",2025-06-07 15:03:00+00:00
gxy1111/so100_pick_hug,https://huggingface.co/datasets/gxy1111/so100_pick_hug,https://huggingface.co/spaces/lerobot/visualize_dataset?path=gxy1111/so100_pick_hug,2025-04-20 14:10:36,SO100,30,96,60,45.0,480x640,30.0,45.0,3,"eye, wrist",2,"['eye', 'wrist']",0,84,0,apache-2.0,Apache License 2.0,https://opensource.org/licenses/Apache-2.0,"This dataset was created using LeRobot.

	
		
		Dataset Structure
	

meta/info.json:
{
    ""codebase_version"": ""v2.1"",
    ""robot_type"": ""so100"",
    ""total_episodes"": 30,
    ""total_frames"": 7014,
  ...",2025-04-20 14:11:06+00:00
hellkrusher/so100_test3,https://huggingface.co/datasets/hellkrusher/so100_test3,https://huggingface.co/spaces/lerobot/visualize_dataset?path=hellkrusher/so100_test3,2025-02-27 02:50:55,SO100,30,96,60,45.0,480x640,30.0,45.0,3,"laptop, phone",2,"['laptop', 'phone']",0,44,0,apache-2.0,Apache License 2.0,https://opensource.org/licenses/Apache-2.0,"This dataset was created using LeRobot.

	
		
		Dataset Structure
	

meta/info.json:
{
    ""codebase_version"": ""v2.0"",
    ""robot_type"": ""so100"",
    ""total_episodes"": 30,
    ""total_frames"": 10830,
 ...",2025-02-27 02:52:36+00:00
gxy1111/so100_pick_place_easy,https://huggingface.co/datasets/gxy1111/so100_pick_place_easy,https://huggingface.co/spaces/lerobot/visualize_dataset?path=gxy1111/so100_pick_place_easy,2025-04-19 14:40:46,SO100,30,96,60,45.0,480x640,30.0,45.0,3,"eye, wrist",2,"['eye', 'wrist']",0,51,0,apache-2.0,Apache License 2.0,https://opensource.org/licenses/Apache-2.0,"This dataset was created using LeRobot.

	
		
		Dataset Structure
	

meta/info.json:
{
    ""codebase_version"": ""v2.1"",
    ""robot_type"": ""so100"",
    ""total_episodes"": 30,
    ""total_frames"": 6945,
  ...",2025-04-19 14:41:13+00:00
gxy1111/so100_soft2,https://huggingface.co/datasets/gxy1111/so100_soft2,https://huggingface.co/spaces/lerobot/visualize_dataset?path=gxy1111/so100_soft2,2025-06-06 17:11:59,SO100,30,96,60,45.0,480x640,30.0,45.0,3,"eye, wrist",2,"['eye', 'wrist']",0,194,0,apache-2.0,Apache License 2.0,https://opensource.org/licenses/Apache-2.0,"This dataset was created using LeRobot.

	
		
		Dataset Structure
	

meta/info.json:
{
    ""codebase_version"": ""v2.1"",
    ""robot_type"": ""so100"",
    ""total_episodes"": 30,
    ""total_frames"": 9136,
  ...",2025-06-06 17:15:54+00:00
gxy1111/so100_soft_l,https://huggingface.co/datasets/gxy1111/so100_soft_l,https://huggingface.co/spaces/lerobot/visualize_dataset?path=gxy1111/so100_soft_l,2025-06-14 14:32:21,SO100,30,96,60,45.0,480x640,30.0,45.0,3,"eye, wrist",2,"['eye', 'wrist']",0,0,0,apache-2.0,Apache License 2.0,https://opensource.org/licenses/Apache-2.0,"This dataset was created using LeRobot.

	
		
		Dataset Structure
	

meta/info.json:
{
    ""codebase_version"": ""v2.1"",
    ""robot_type"": ""so100"",
    ""total_episodes"": 30,
    ""total_frames"": 7890,
  ...",2025-06-14 14:32:50+00:00
gxy1111/so100_stick2,https://huggingface.co/datasets/gxy1111/so100_stick2,https://huggingface.co/spaces/lerobot/visualize_dataset?path=gxy1111/so100_stick2,2025-06-06 15:45:40,SO100,30,96,60,45.0,480x640,30.0,45.0,3,"eye, wrist",2,"['eye', 'wrist']",0,203,0,apache-2.0,Apache License 2.0,https://opensource.org/licenses/Apache-2.0,"This dataset was created using LeRobot.

	
		
		Dataset Structure
	

meta/info.json:
{
    ""codebase_version"": ""v2.1"",
    ""robot_type"": ""so100"",
    ""total_episodes"": 30,
    ""total_frames"": 9603,
  ...",2025-06-06 15:47:57+00:00
gxy1111/so100_stick_l,https://huggingface.co/datasets/gxy1111/so100_stick_l,https://huggingface.co/spaces/lerobot/visualize_dataset?path=gxy1111/so100_stick_l,2025-06-14 15:11:08,SO100,30,96,60,45.0,480x640,30.0,45.0,3,"eye, wrist",2,"['eye', 'wrist']",0,0,0,apache-2.0,Apache License 2.0,https://opensource.org/licenses/Apache-2.0,"This dataset was created using LeRobot.

	
		
		Dataset Structure
	

meta/info.json:
{
    ""codebase_version"": ""v2.1"",
    ""robot_type"": ""so100"",
    ""total_episodes"": 30,
    ""total_frames"": 8792,
  ...",2025-06-14 15:11:36+00:00
gxy1111/so100_tape2,https://huggingface.co/datasets/gxy1111/so100_tape2,https://huggingface.co/spaces/lerobot/visualize_dataset?path=gxy1111/so100_tape2,2025-06-06 15:19:59,SO100,30,96,60,45.0,480x640,30.0,45.0,3,"eye, wrist",2,"['eye', 'wrist']",0,216,0,apache-2.0,Apache License 2.0,https://opensource.org/licenses/Apache-2.0,"This dataset was created using LeRobot.

	
		
		Dataset Structure
	

meta/info.json:
{
    ""codebase_version"": ""v2.1"",
    ""robot_type"": ""so100"",
    ""total_episodes"": 30,
    ""total_frames"": 8088,
  ...",2025-06-06 15:22:30+00:00
gxy1111/so100_tape3,https://huggingface.co/datasets/gxy1111/so100_tape3,https://huggingface.co/spaces/lerobot/visualize_dataset?path=gxy1111/so100_tape3,2025-06-07 14:39:40,SO100,30,96,60,45.0,480x640,30.0,45.0,3,"eye, wrist",2,"['eye', 'wrist']",0,230,0,apache-2.0,Apache License 2.0,https://opensource.org/licenses/Apache-2.0,"This dataset was created using LeRobot.

	
		
		Dataset Structure
	

meta/info.json:
{
    ""codebase_version"": ""v2.1"",
    ""robot_type"": ""so100"",
    ""total_episodes"": 30,
    ""total_frames"": 6785,
  ...",2025-06-07 14:40:08+00:00
gxy1111/so100_tape_l,https://huggingface.co/datasets/gxy1111/so100_tape_l,https://huggingface.co/spaces/lerobot/visualize_dataset?path=gxy1111/so100_tape_l,2025-06-14 15:34:11,SO100,30,96,60,45.0,480x640,30.0,45.0,3,"eye, wrist",2,"['eye', 'wrist']",0,0,0,apache-2.0,Apache License 2.0,https://opensource.org/licenses/Apache-2.0,"This dataset was created using LeRobot.

	
		
		Dataset Structure
	

meta/info.json:
{
    ""codebase_version"": ""v2.1"",
    ""robot_type"": ""so100"",
    ""total_episodes"": 30,
    ""total_frames"": 7211,
  ...",2025-06-14 15:34:39+00:00
hatch-sc/so100_test_v6,https://huggingface.co/datasets/hatch-sc/so100_test_v6,https://huggingface.co/spaces/lerobot/visualize_dataset?path=hatch-sc/so100_test_v6,2025-06-03 06:09:46,SO100,30,96,60,45.0,480x640,30.0,45.0,3,"laptop, phone",2,"['laptop', 'phone']",0,347,0,apache-2.0,Apache License 2.0,https://opensource.org/licenses/Apache-2.0,"This dataset was created using LeRobot.

	
		
		Dataset Structure
	

meta/info.json:
{
    ""codebase_version"": ""v2.1"",
    ""robot_type"": ""so100"",
    ""total_episodes"": 30,
    ""total_frames"": 26790,
 ...",2025-06-03 06:13:43+00:00
hellkrusher/so100_test1,https://huggingface.co/datasets/hellkrusher/so100_test1,https://huggingface.co/spaces/lerobot/visualize_dataset?path=hellkrusher/so100_test1,2025-02-27 02:19:16,SO100,30,95,60,45.0,480x640,30.0,45.0,3,"laptop, phone",2,"['laptop', 'phone']",0,31,0,Unknown,Unknown,,,2025-02-27 02:20:27+00:00
zuozhuan/so100_catch_new,https://huggingface.co/datasets/zuozhuan/so100_catch_new,https://huggingface.co/spaces/lerobot/visualize_dataset?path=zuozhuan/so100_catch_new,2024-12-09 07:25:54,SO100,30,66,60,45.0,480x640,30.0,45.0,3,"laptop_episode_000000, laptop_episode_000001, laptop_episode_000002, laptop_episode_000003, laptop_episode_000004, laptop_episode_000005, laptop_episode_000006, laptop_episode_000007, laptop_episode_000008, laptop_episode_000009, laptop_episode_000010, laptop_episode_000011, laptop_episode_000012, laptop_episode_000013, laptop_episode_000014, laptop_episode_000015, laptop_episode_000016, laptop_episode_000017, laptop_episode_000018, laptop_episode_000019, laptop_episode_000020, laptop_episode_000021, laptop_episode_000022, laptop_episode_000023, laptop_episode_000024, laptop_episode_000025, laptop_episode_000026, laptop_episode_000027, laptop_episode_000028, laptop_episode_000029, phone_episode_000000, phone_episode_000001, phone_episode_000002, phone_episode_000003, phone_episode_000004, phone_episode_000005, phone_episode_000006, phone_episode_000007, phone_episode_000008, phone_episode_000009, phone_episode_000010, phone_episode_000011, phone_episode_000012, phone_episode_000013, phone_episode_000014, phone_episode_000015, phone_episode_000016, phone_episode_000017, phone_episode_000018, phone_episode_000019, phone_episode_000020, phone_episode_000021, phone_episode_000022, phone_episode_000023, phone_episode_000024, phone_episode_000025, phone_episode_000026, phone_episode_000027, phone_episode_000028, phone_episode_000029",60,"['laptop_episode_000000', 'laptop_episode_000001', 'laptop_episode_000002', 'laptop_episode_000003', 'laptop_episode_000004', 'laptop_episode_000005', 'laptop_episode_000006', 'laptop_episode_000007', 'laptop_episode_000008', 'laptop_episode_000009', 'laptop_episode_000010', 'laptop_episode_000011', 'laptop_episode_000012', 'laptop_episode_000013', 'laptop_episode_000014', 'laptop_episode_000015', 'laptop_episode_000016', 'laptop_episode_000017', 'laptop_episode_000018', 'laptop_episode_000019', 'laptop_episode_000020', 'laptop_episode_000021', 'laptop_episode_000022', 'laptop_episode_000023', 'laptop_episode_000024', 'laptop_episode_000025', 'laptop_episode_000026', 'laptop_episode_000027', 'laptop_episode_000028', 'laptop_episode_000029', 'phone_episode_000000', 'phone_episode_000001', 'phone_episode_000002', 'phone_episode_000003', 'phone_episode_000004', 'phone_episode_000005', 'phone_episode_000006', 'phone_episode_000007', 'phone_episode_000008', 'phone_episode_000009', 'phone_episode_000010', 'phone_episode_000011', 'phone_episode_000012', 'phone_episode_000013', 'phone_episode_000014', 'phone_episode_000015', 'phone_episode_000016', 'phone_episode_000017', 'phone_episode_000018', 'phone_episode_000019', 'phone_episode_000020', 'phone_episode_000021', 'phone_episode_000022', 'phone_episode_000023', 'phone_episode_000024', 'phone_episode_000025', 'phone_episode_000026', 'phone_episode_000027', 'phone_episode_000028', 'phone_episode_000029']",0,44,0,Unknown,Unknown,,"This dataset was created using LeRobot.
...",2024-12-09 08:18:50+00:00
